{
"type": "FeatureCollection",
"name": "paradero_zonal",
"crs": { "type": "name", "properties": { "name": "urn:ogc:def:crs:OGC:1.3:CRS84" } },
"features": [
{ "type": "Feature", "properties": { "objectid": 3, "cenefa": "001A02", "zona_sitp": "02", "nombre": "Gimnasio Iragua", "via": "AV. Boyacá", "direccion_bandera": "AV. Boyacá - AC 170", "localidad": "Suba", "longitud": -74.06635014, "latitud": 4.75986663, "consecutivo_zona": "001", "tipo_m_s": "S", "consola": "AV. Boyacá - AC 170 (001A02)", "panel": "AV. Boyacá - AC 170", "audio": "Avenida Boyacá Avenida Calle 170", "zonas_nuevas": "C", "globalid": "{97155274-E4D5-45A4-891F-2DCA19FF10D9}" }, "geometry": { "type": "Point", "coordinates": [ -74.066350140086499, 4.759866633097533 ] } },
{ "type": "Feature", "properties": { "objectid": 4, "cenefa": "001A03", "zona_sitp": "03", "nombre": "Br. Julio Flórez", "via": "AC 100", "direccion_bandera": "AC 100 - KR 66A", "localidad": "Suba", "longitud": -74.07143918, "latitud": 4.68950396, "consecutivo_zona": "001", "tipo_m_s": "M", "consola": "AC 100 - KR 66A  (001A03)", "panel": "AC 100 - KR 66A", "audio": "Avenida Calle 100 Carrera 66 A", "zonas_nuevas": "D", "globalid": "{B985CE20-6632-44CF-B18D-9E1B6F6DFCAA}" }, "geometry": { "type": "Point", "coordinates": [ -74.071439179045086, 4.689503963570679 ] } },
{ "type": "Feature", "properties": { "objectid": 17, "cenefa": "001B03", "zona_sitp": "03", "nombre": "Br. Julio Flórez", "via": "AC 100", "direccion_bandera": "AC 100 - KR 65", "localidad": "Suba", "longitud": -74.07073655000001, "latitud": 4.68968642, "consecutivo_zona": "001", "tipo_m_s": "M", "consola": "AC 100 - KR 65 (001B03)", "panel": "AC 100 - KR 65", "audio": "Avenida Calle 100 Carrera 65", "zonas_nuevas": "D", "globalid": "{AD5BF03F-9FE8-4C5B-A4D9-AD1693B7C11F}" }, "geometry": { "type": "Point", "coordinates": [ -74.070736552872702, 4.689686420397371 ] } },
{ "type": "Feature", "properties": { "objectid": 25, "cenefa": "001C03", "zona_sitp": "03", "nombre": "Br. Julio Flórez", "via": "AC 100", "direccion_bandera": "AC 100 - KR 65", "localidad": "Suba", "longitud": -74.07051062, "latitud": 4.68973214, "consecutivo_zona": "001", "tipo_m_s": "M", "consola": "AC 100 - KR 65 (001C03)", "panel": "AC 100 - KR 65", "audio": "Avenida Calle 100 Carrera 65", "zonas_nuevas": "D", "globalid": "{1EB22404-76C8-40EC-AF0F-4CCCC55F5872}" }, "geometry": { "type": "Point", "coordinates": [ -74.070510623977313, 4.689732137308828 ] } },
{ "type": "Feature", "properties": { "objectid": 33, "cenefa": "002A02", "zona_sitp": "02", "nombre": "Br. Iragua", "via": "AV. Boyacá", "direccion_bandera": "AV. Boyacá - AC 170", "localidad": "Suba", "longitud": -74.06602504, "latitud": 4.75961824, "consecutivo_zona": "002", "tipo_m_s": "S", "consola": "AV. Boyacá - AC 170 (002A02)", "panel": "AV. Boyacá - AC 170", "audio": "Avenida Boyacá Avenida Calle 170", "zonas_nuevas": "C", "globalid": "{C335077B-9B41-4D64-BD19-718E3BF7E6F1}" }, "geometry": { "type": "Point", "coordinates": [ -74.066025044090878, 4.759618237243791 ] } },
{ "type": "Feature", "properties": { "objectid": 34, "cenefa": "002A03", "zona_sitp": "03", "nombre": "Niza Norte", "via": "AV. Boyacá", "direccion_bandera": "AV. Boyacá - CL 127A", "localidad": "Suba", "longitud": -74.07899934000001, "latitud": 4.71123429, "consecutivo_zona": "002", "tipo_m_s": "S", "consola": "AV. Boyacá - CL 127A (002A03)", "panel": "AV. Boyacá - CL 127A", "audio": "Avenida Boyacá Calle 127 A", "zonas_nuevas": "C", "globalid": "{86F18950-69B1-4DCD-92E3-D8896742421F}" }, "geometry": { "type": "Point", "coordinates": [ -74.078999342923282, 4.711234292728276 ] } },
{ "type": "Feature", "properties": { "objectid": 56, "cenefa": "003A02", "zona_sitp": "02", "nombre": "Br. El Plan", "via": "AV. Boyacá", "direccion_bandera": "AV. Boyacá - CL 147", "localidad": "Suba", "longitud": -74.06620742, "latitud": 4.73620476, "consecutivo_zona": "003", "tipo_m_s": "M", "consola": "AV. Boyacá - CL 147 (003A02)", "panel": "AV. Boyacá - CL 147", "audio": "Avenida Boyacá Calle 147", "zonas_nuevas": "C", "globalid": "{9F02A56A-F981-4E75-98B7-75157F5C9954}" }, "geometry": { "type": "Point", "coordinates": [ -74.066207421958325, 4.736204756334305 ] } },
{ "type": "Feature", "properties": { "objectid": 57, "cenefa": "003A03", "zona_sitp": "03", "nombre": "Pq. Alto de los Lagartos", "via": "AV. Boyacá", "direccion_bandera": "AV. Boyacá - AC 127", "localidad": "Suba", "longitud": -74.08058342, "latitud": 4.70920812, "consecutivo_zona": "003", "tipo_m_s": "M", "consola": "AV. Boyacá - AC 127 (003A03)", "panel": "AV. Boyacá - AC 127", "audio": "Avenida Boyacá Avenida Calle 127", "zonas_nuevas": "C", "globalid": "{EF3E1CB8-DDC1-4F36-958E-97419E762685}" }, "geometry": { "type": "Point", "coordinates": [ -74.080583421671179, 4.709208123420075 ] } },
{ "type": "Feature", "properties": { "objectid": 68, "cenefa": "003B03", "zona_sitp": "03", "nombre": "Pq. Alto de los Lagartos", "via": "AV. Boyacá", "direccion_bandera": "AV. Boyacá - AC 127", "localidad": "Suba", "longitud": -74.08080161, "latitud": 4.70881256, "consecutivo_zona": "003", "tipo_m_s": "M", "consola": "AV. Boyacá - AC 127 (003B03)", "panel": "AV. Boyacá - AC 127", "audio": "Avenida Boyacá Avenida Calle 127", "zonas_nuevas": "C", "globalid": "{6CF707C7-1CC2-42BB-AF4E-53058335B254}" }, "geometry": { "type": "Point", "coordinates": [ -74.080801612948306, 4.708812562609858 ] } },
{ "type": "Feature", "properties": { "objectid": 73, "cenefa": "004A02", "zona_sitp": "02", "nombre": "Escuela de Carabineros", "via": "AV. Boyacá", "direccion_bandera": "AV. Boyacá - AC 147", "localidad": "Suba", "longitud": -74.06715031, "latitud": 4.73413904, "consecutivo_zona": "004", "tipo_m_s": "S", "consola": "AV. Boyacá - AC 147 (004A02)", "panel": "AV. Boyacá - AC 147", "audio": "Avenida Boyacá Avenida Calle 147", "zonas_nuevas": "C", "globalid": "{434C724E-3A0E-423F-AB66-CB39F448E601}" }, "geometry": { "type": "Point", "coordinates": [ -74.067150306436531, 4.734139039592317 ] } },
{ "type": "Feature", "properties": { "objectid": 74, "cenefa": "004A03", "zona_sitp": "03", "nombre": "Pq. Alto de Los Lagartos (Club Choquenzá)", "via": "AV. Boyacá", "direccion_bandera": "AV. Boyacá - AC 127", "localidad": "Suba", "longitud": -74.080304, "latitud": 4.709207, "consecutivo_zona": "004", "tipo_m_s": "M", "consola": "AV. Boyacá - AC 127 (004A03)", "panel": "AV. Boyacá - AC 127", "audio": "Avenida Boyacá Avenida Calle 127", "zonas_nuevas": "C", "globalid": "{39CA35E3-4D4A-4399-BC77-70D9DD74FFA2}" }, "geometry": { "type": "Point", "coordinates": [ -74.080303999754378, 4.70920699963991 ] } },
{ "type": "Feature", "properties": { "objectid": 87, "cenefa": "005A02", "zona_sitp": "02", "nombre": "Br. Ciudad Jardín Norte", "via": "AV. Boyacá", "direccion_bandera": "AV. Boyacá - AV. Suba", "localidad": "Suba", "longitud": -74.07324588, "latitud": 4.72389304, "consecutivo_zona": "005", "tipo_m_s": "S", "consola": "AV. Boyacá - AV. Suba (005A02)", "panel": "AV. Boyacá - AV. Suba", "audio": "Avenida Boyacá Avenida Suba", "zonas_nuevas": "C", "globalid": "{D54A5197-82FF-4F9C-8E64-6C9DE08D29D8}" }, "geometry": { "type": "Point", "coordinates": [ -74.07324588134594, 4.723893034919495 ] } },
{ "type": "Feature", "properties": { "objectid": 102, "cenefa": "006A02", "zona_sitp": "02", "nombre": "Br. Prado Veraniego", "via": "AC 127", "direccion_bandera": "AC 127 - KR 56B", "localidad": "Suba", "longitud": -74.06591112, "latitud": 4.70999621, "consecutivo_zona": "006", "tipo_m_s": "S", "consola": "AC 127 - KR 56B (006A02)", "panel": "AC 127 - KR 56B", "audio": "Avenida Calle 127 Carrera 56 Be", "zonas_nuevas": "C", "globalid": "{2E8CC933-E840-4B31-8ACA-41E1F60135E1}" }, "geometry": { "type": "Point", "coordinates": [ -74.065911119164767, 4.709996209620826 ] } },
{ "type": "Feature", "properties": { "objectid": 103, "cenefa": "006A03", "zona_sitp": "03", "nombre": "Br. Los Cerezos", "via": "AV. C. de Cali", "direccion_bandera": "AV. C. de Cali - KR 91", "localidad": "Suba", "longitud": -74.09279749, "latitud": 4.71620792, "consecutivo_zona": "006", "tipo_m_s": "S", "consola": "AV. C. de Cali - KR 91 (006A03)", "panel": "AV. C. de Cali - KR 91", "audio": "Avenida Ciudad de Cali Carrera 91", "zonas_nuevas": "C", "globalid": "{3E496451-9CFF-4CF4-B64F-52C08426F592}" }, "geometry": { "type": "Point", "coordinates": [ -74.092797491418764, 4.716207914922427 ] } },
{ "type": "Feature", "properties": { "objectid": 119, "cenefa": "007A02", "zona_sitp": "02", "nombre": "C.C. Bulevar Niza", "via": "AC 127", "direccion_bandera": "AC 127 - AV. Suba", "localidad": "Suba", "longitud": -74.0711029, "latitud": 4.71142443, "consecutivo_zona": "007", "tipo_m_s": "S", "consola": "AC 127 - AV. Suba (007A02)", "panel": "AC 127 - AV. Suba", "audio": "Avenida Calle 127 Avenida Suba", "zonas_nuevas": "C", "globalid": "{C56920E7-1549-49F3-B172-2999A4A63697}" }, "geometry": { "type": "Point", "coordinates": [ -74.071102896622591, 4.711424430895361 ] } },
{ "type": "Feature", "properties": { "objectid": 120, "cenefa": "007A03", "zona_sitp": "03", "nombre": "Br. Los Cerezos", "via": "AV. C. de Cali", "direccion_bandera": "AV. C. de Cali - KR 91", "localidad": "Suba", "longitud": -74.0925727, "latitud": 4.71621006, "consecutivo_zona": "007", "tipo_m_s": "S", "consola": "AV. C. de Cali - KR 91 (007A03)", "panel": "AV. C. de Cali - KR 91", "audio": "Avenida Ciudad de Cali Carrera 91", "zonas_nuevas": "C", "globalid": "{24E631DB-578D-49FF-A79F-BBB1D0E96F79}" }, "geometry": { "type": "Point", "coordinates": [ -74.092572700997451, 4.716210056714264 ] } },
{ "type": "Feature", "properties": { "objectid": 139, "cenefa": "008A02", "zona_sitp": "02", "nombre": "Colegio Sagrado Corazón de Jesús", "via": "Cl 153", "direccion_bandera": "AC 153 - KR 45", "localidad": "Suba", "longitud": -74.05119483, "latitud": 4.7380881, "consecutivo_zona": "008", "tipo_m_s": "S", "consola": "AC 153 - KR 45 (008A02)", "panel": "AC 153 - KR 45", "audio": "Avenida Calle 153 Carrera 50", "zonas_nuevas": "B", "globalid": "{C888078D-17A0-4F98-8FC7-D80427FE7767}" }, "geometry": { "type": "Point", "coordinates": [ -74.051194831389722, 4.738088101933702 ] } },
{ "type": "Feature", "properties": { "objectid": 140, "cenefa": "008A03", "zona_sitp": "03", "nombre": "Br. Lago de Suba", "via": "AV. C. de Cali", "direccion_bandera": "AV. C. de Cali - CL 131B", "localidad": "Suba", "longitud": -74.09991276000001, "latitud": 4.73509489, "consecutivo_zona": "008", "tipo_m_s": "S", "consola": "AV. C. de Cali - CL 131B (008A03)", "panel": "AV. C. de Cali - CL 131B", "audio": "Avenida Ciudad de Cali Calle 131 Be", "zonas_nuevas": "C", "globalid": "{4C7F8629-95E9-42F8-A2B7-4C5CF9600B7D}" }, "geometry": { "type": "Point", "coordinates": [ -74.099912758310808, 4.735094889605461 ] } },
{ "type": "Feature", "properties": { "objectid": 155, "cenefa": "009A02", "zona_sitp": "02", "nombre": "Colegio Colombo Hebreo", "via": "Cl 153", "direccion_bandera": "AC 153 - KR 50", "localidad": "Suba", "longitud": -74.05363182000001, "latitud": 4.73863646, "consecutivo_zona": "009", "tipo_m_s": "S", "consola": "AC 153 - KR 50 (009A02)", "panel": "AC 153 - KR 50", "audio": "Avenida Calle 153 Carrera 50", "zonas_nuevas": "B", "globalid": "{4E3E8B7F-AE62-4B37-B0A8-82F55CF1056D}" }, "geometry": { "type": "Point", "coordinates": [ -74.053631816772466, 4.738636461129579 ] } },
{ "type": "Feature", "properties": { "objectid": 156, "cenefa": "009A03", "zona_sitp": "03", "nombre": "Br. Aures II", "via": "AV. C. de Cali", "direccion_bandera": "AV. C. de Cali - CL 131B", "localidad": "Suba", "longitud": -74.10023139, "latitud": 4.73494901, "consecutivo_zona": "009", "tipo_m_s": "S", "consola": "AV. C. de Cali - CL 131B (009A03)", "panel": "AV. C. de Cali - CL 131B", "audio": "Avenida Ciudad de Cali Calle 131 Be", "zonas_nuevas": "C", "globalid": "{5BB121C7-E569-46E7-B7F6-3F72AB402588}" }, "geometry": { "type": "Point", "coordinates": [ -74.100231387331149, 4.734949008983493 ] } },
{ "type": "Feature", "properties": { "objectid": 169, "cenefa": "010A02", "zona_sitp": "02", "nombre": "Mazurén 18", "via": "KR 56", "direccion_bandera": "KR 56 - CL 152", "localidad": "Suba", "longitud": -74.05980806, "latitud": 4.73709692, "consecutivo_zona": "010", "tipo_m_s": "S", "consola": "KR 56 - CL 152 (010A02)", "panel": "KR 56 - CL 152", "audio": "Carrera 56 Calle 152", "zonas_nuevas": "C", "globalid": "{8D07DBA6-DB9E-450D-9747-1543ECF30B23}" }, "geometry": { "type": "Point", "coordinates": [ -74.05980806323484, 4.737096917772463 ] } },
{ "type": "Feature", "properties": { "objectid": 170, "cenefa": "010A03", "zona_sitp": "03", "nombre": "Portal de Suba", "via": "AV. C. de Cali", "direccion_bandera": "AV. C. de Cali - CL 142", "localidad": "Suba", "longitud": -74.09687085, "latitud": 4.74578742, "consecutivo_zona": "010", "tipo_m_s": "S", "consola": "AV. C. de Cali - CL 142 (010A03)", "panel": "AV. C. de Cali - CL 142", "audio": "Avenida Ciudad de Cali Calle 142", "zonas_nuevas": "C", "globalid": "{42871BF6-5E03-457C-949A-9B60D5AA9716}" }, "geometry": { "type": "Point", "coordinates": [ -74.096870851873106, 4.745787419936156 ] } },
{ "type": "Feature", "properties": { "objectid": 185, "cenefa": "011A02", "zona_sitp": "02", "nombre": "Br. Villa del Prado", "via": "AC 170", "direccion_bandera": "AC 170 - CL 56A", "localidad": "Suba", "longitud": -74.05694761, "latitud": 4.75402812, "consecutivo_zona": "011", "tipo_m_s": "S", "consola": "AC 170 - CL 56A (011A02)", "panel": "AC 170 - CL 56A", "audio": "Avenida Calle 170 Calle 56 A", "zonas_nuevas": "B", "globalid": "{B0B96FCF-DCD2-46E1-BCD2-3C11621AC780}" }, "geometry": { "type": "Point", "coordinates": [ -74.056947605302881, 4.754028116623035 ] } },
{ "type": "Feature", "properties": { "objectid": 186, "cenefa": "011A03", "zona_sitp": "03", "nombre": "C.C. Plaza Imperial", "via": "AV. C. de Cali", "direccion_bandera": "AV. C. de Cali - CL 151C", "localidad": "Suba", "longitud": -74.09412819, "latitud": 4.75083256, "consecutivo_zona": "011", "tipo_m_s": "S", "consola": "AV. C. de Cali - CL 151C (011A03)", "panel": "AV. C. de Cali - CL 151C", "audio": "Avenida Ciudad de Cali Calle 151 C", "zonas_nuevas": "C", "globalid": "{BE6DBD63-62D6-482F-A93B-D03E81835218}" }, "geometry": { "type": "Point", "coordinates": [ -74.09412818704098, 4.750832559863789 ] } },
{ "type": "Feature", "properties": { "objectid": 200, "cenefa": "012A02", "zona_sitp": "02", "nombre": "Colegio San Tarsicio", "via": "AC 170", "direccion_bandera": "AC 170 - AV. Villas", "localidad": "Suba", "longitud": -74.05900572, "latitud": 4.75495565, "consecutivo_zona": "012", "tipo_m_s": "S", "consola": "AC 170 - AV. Villas (012A02)", "panel": "AC 170 - AV. Villas", "audio": "Avenida Calle 170 Avenida Villas", "zonas_nuevas": "B", "globalid": "{7356C35A-2FC9-4EC9-85BF-8BFEFF3692F9}" }, "geometry": { "type": "Point", "coordinates": [ -74.059005721064068, 4.754955649439871 ] } },
{ "type": "Feature", "properties": { "objectid": 201, "cenefa": "012A03", "zona_sitp": "03", "nombre": "Pinos de Lombardía", "via": "AV. C. de Cali", "direccion_bandera": "AV. C. de Cali - CL 152A", "localidad": "Suba", "longitud": -74.0928649, "latitud": 4.75321107, "consecutivo_zona": "012", "tipo_m_s": "S", "consola": "AV. C. de Cali - CL 152A (012A03)", "panel": "AV. C. de Cali - CL 152A", "audio": "Avenida Ciudad de Cali Calle 152 A", "zonas_nuevas": "C", "globalid": "{5E2570E2-3184-47A2-AA9A-EC34A9D05AEC}" }, "geometry": { "type": "Point", "coordinates": [ -74.092864897983674, 4.753211065188404 ] } },
{ "type": "Feature", "properties": { "objectid": 215, "cenefa": "013A02", "zona_sitp": "02", "nombre": "Universidad Antonio Nariño", "via": "AC 170", "direccion_bandera": "AC 170 - KR 65", "localidad": "Suba", "longitud": -74.061313, "latitud": 4.757331, "consecutivo_zona": "013", "tipo_m_s": "S", "consola": "AC 170 - KR 65 (013A02)", "panel": "AC 170 - KR 65", "audio": "Avenida Calle 170 Carrera 65", "zonas_nuevas": "B", "globalid": "{75DB60E3-0EE8-4AD0-9532-C76D9886CE40}" }, "geometry": { "type": "Point", "coordinates": [ -74.061313000028335, 4.757331000117523 ] } },
{ "type": "Feature", "properties": { "objectid": 216, "cenefa": "013A03", "zona_sitp": "03", "nombre": "Tuna Baja Las Flores", "via": "AV. C. de Cali", "direccion_bandera": "AV. C. de Cali - CL 152C", "localidad": "Suba", "longitud": -74.0927692, "latitud": 4.75289179, "consecutivo_zona": "013", "tipo_m_s": "S", "consola": "AV. C. de Cali - CL 152C (013A03)", "panel": "AV. C. de Cali - CL 152C", "audio": "Avenida Ciudad de Cali Calle 152 C", "zonas_nuevas": "C", "globalid": "{C3B6BCDF-876E-4048-98D3-2A89379633C0}" }, "geometry": { "type": "Point", "coordinates": [ -74.092769198004547, 4.752891789034354 ] } },
{ "type": "Feature", "properties": { "objectid": 231, "cenefa": "014A02", "zona_sitp": "02", "nombre": "Pq. San José de Bavaria", "via": "AC 170", "direccion_bandera": "AC 170 - KR 65", "localidad": "Suba", "longitud": -74.06178649, "latitud": 4.75715709, "consecutivo_zona": "014", "tipo_m_s": "S", "consola": "AC 170 - KR 65 (014A02)", "panel": "AC 170 - KR 65", "audio": "Avenida Calle 170 Carrera 65", "zonas_nuevas": "B", "globalid": "{1BB35105-BD4A-4E3E-A3BF-FFA01654A575}" }, "geometry": { "type": "Point", "coordinates": [ -74.0617864922568, 4.757157086632643 ] } },
{ "type": "Feature", "properties": { "objectid": 232, "cenefa": "014A03", "zona_sitp": "03", "nombre": "Br. Niza (Humedal Córdoba)", "via": "AV. Boyacá", "direccion_bandera": "AV. Boyacá - CL 119", "localidad": "Suba", "longitud": -74.08171613, "latitud": 4.70575637, "consecutivo_zona": "014", "tipo_m_s": "M", "consola": "AV. Boyacá - CL 119 (014A03)", "panel": "AV. Boyacá - CL 119", "audio": "Avenida Boyacá Calle 119", "zonas_nuevas": "C", "globalid": "{CD1B1D43-EFF3-4085-8461-77C5C8388565}" }, "geometry": { "type": "Point", "coordinates": [ -74.081716132810158, 4.705756370860162 ] } },
{ "type": "Feature", "properties": { "objectid": 242, "cenefa": "014B03", "zona_sitp": "03", "nombre": "Br. Niza (Humedal Córdoba)", "via": "AV. Boyacá", "direccion_bandera": "AV. Boyacá - CL 119", "localidad": "Suba", "longitud": -74.08166381, "latitud": 4.70548185, "consecutivo_zona": "014", "tipo_m_s": "M", "consola": "AV. Boyacá - CL 119 (014B03)", "panel": "AV. Boyacá - CL 119", "audio": "Avenida Boyacá Calle 119", "zonas_nuevas": "C", "globalid": "{E0E3D899-7D9B-4681-A0D5-8D742DFF5015}" }, "geometry": { "type": "Point", "coordinates": [ -74.081663805178337, 4.705481845764515 ] } },
{ "type": "Feature", "properties": { "objectid": 250, "cenefa": "015A02", "zona_sitp": "02", "nombre": "Barrio Iragua", "via": "AC 170", "direccion_bandera": "AC 170 - AV. Boyacá", "localidad": "Suba", "longitud": -74.06653074, "latitud": 4.76078977, "consecutivo_zona": "015", "tipo_m_s": "S", "consola": "AC 170 - AV. Boyacá (015A02)", "panel": "AC 170 - AV. Boyacá", "audio": "Avenida Calle 170 Avenida Boyacá", "zonas_nuevas": "C", "globalid": "{B33FA25D-D1DC-4418-A0F1-60244D178465}" }, "geometry": { "type": "Point", "coordinates": [ -74.066530743240634, 4.760789772398958 ] } },
{ "type": "Feature", "properties": { "objectid": 251, "cenefa": "015A03", "zona_sitp": "03", "nombre": "Montessori British School", "via": "AV. Boyacá", "direccion_bandera": "AV. Boyacá - CL 128", "localidad": "Suba", "longitud": -74.0765831, "latitud": 4.71536118, "consecutivo_zona": "015", "tipo_m_s": "S", "consola": "AV. Boyacá - CL 128 (015A03)", "panel": "AV. Boyacá - CL 128", "audio": "Avenida Boyacá Calle 128", "zonas_nuevas": "C", "globalid": "{C4E19C88-5CB9-4679-B5D6-A24C025A6A2A}" }, "geometry": { "type": "Point", "coordinates": [ -74.076583097247052, 4.715361183588566 ] } },
{ "type": "Feature", "properties": { "objectid": 268, "cenefa": "016A02", "zona_sitp": "02", "nombre": "KR 78", "via": "AC  170", "direccion_bandera": "AC 170 - KR 78", "localidad": "Suba", "longitud": -74.06931691, "latitud": 4.76287358, "consecutivo_zona": "016", "tipo_m_s": "S", "consola": "AC 170 - KR 78 (016A02)", "panel": "AC 170 - KR 78", "audio": "Avenida Calle 170 Carrera 78", "zonas_nuevas": "B", "globalid": "{90714E9B-FA08-4D46-A7C7-9AD8C26123B0}" }, "geometry": { "type": "Point", "coordinates": [ -74.069316914839888, 4.762873583859221 ] } },
{ "type": "Feature", "properties": { "objectid": 269, "cenefa": "016A03", "zona_sitp": "03", "nombre": "Montessori itish School", "via": "AV. Boyacá", "direccion_bandera": "AV. Boyacá - CL 128", "localidad": "Suba", "longitud": -74.076882, "latitud": 4.714559, "consecutivo_zona": "016", "tipo_m_s": "S", "consola": "AV. Boyacá - CL 128 (016A03)", "panel": "AV. Boyacá - CL 128", "audio": "Avenida Boyacá Calle 128", "zonas_nuevas": "C", "globalid": "{717DF2F5-647D-4806-A724-9721FDEBAF41}" }, "geometry": { "type": "Point", "coordinates": [ -74.076882000414784, 4.714559000223565 ] } },
{ "type": "Feature", "properties": { "objectid": 283, "cenefa": "017A02", "zona_sitp": "02", "nombre": "KR 78", "via": "AC 170", "direccion_bandera": "AC 170 - KR 78", "localidad": "Suba", "longitud": -74.06801481, "latitud": 4.76184964, "consecutivo_zona": "017", "tipo_m_s": "S", "consola": "AC 170 - KR 78 (017A02)", "panel": "AC 170 - KR 78", "audio": "Avenida Calle 170 Carrera 78", "zonas_nuevas": "C", "globalid": "{0C1D814C-BA13-4CEB-89B1-DC013DE8F84B}" }, "geometry": { "type": "Point", "coordinates": [ -74.068014808294123, 4.761849643964371 ] } },
{ "type": "Feature", "properties": { "objectid": 284, "cenefa": "017A03", "zona_sitp": "03", "nombre": "Br. Campanella", "via": "Cl 154 A", "direccion_bandera": "CL 154A - KR 94", "localidad": "Suba", "longitud": -74.08410001, "latitud": 4.75214136, "consecutivo_zona": "017", "tipo_m_s": "S", "consola": "CL 154A - KR 94 (017A03)", "panel": "CL 154A - KR 94", "audio": "Calle 154 A Carrera 94", "zonas_nuevas": "C", "globalid": "{55421331-6E6F-4908-A9B6-7DBAA9341CCE}" }, "geometry": { "type": "Point", "coordinates": [ -74.084100006647375, 4.752141358778148 ] } },
{ "type": "Feature", "properties": { "objectid": 297, "cenefa": "018A02", "zona_sitp": "02", "nombre": "Br. Prado Veraniego", "via": "AC 134", "direccion_bandera": "AC 134 - KR 53B", "localidad": "Suba", "longitud": -74.05896637, "latitud": 4.72034444, "consecutivo_zona": "018", "tipo_m_s": "S", "consola": "AC 134 - KR 53B (018A02)", "panel": "AC 134 - KR 53B", "audio": "Avenida Calle 134 Carrera 53 Be", "zonas_nuevas": "B", "globalid": "{8EBE8B74-A199-4980-A733-8CDAFDAF0C1F}" }, "geometry": { "type": "Point", "coordinates": [ -74.058966367865722, 4.720344441585171 ] } },
{ "type": "Feature", "properties": { "objectid": 312, "cenefa": "019A02", "zona_sitp": "02", "nombre": "Br. Iberia", "via": "AC 134", "direccion_bandera": "AC 134 - KR 58C", "localidad": "Suba", "longitud": -74.06748453, "latitud": 4.72470223, "consecutivo_zona": "019", "tipo_m_s": "S", "consola": "AC 134 - KR 58C (019A02)", "panel": "AC 134 - KR 58C", "audio": "Avenida Calle 134 Carrera 58 C", "zonas_nuevas": "C", "globalid": "{D2DC06A4-9EC7-44C3-9736-63CFCE5CE2DE}" }, "geometry": { "type": "Point", "coordinates": [ -74.067484526756246, 4.724702233447982 ] } },
{ "type": "Feature", "properties": { "objectid": 313, "cenefa": "019A03", "zona_sitp": "03", "nombre": "Parque Residencial Nueva Suba", "via": "AC  153", "direccion_bandera": "AC 153 - KR 101A", "localidad": "Suba", "longitud": -74.08975134, "latitud": 4.75334374, "consecutivo_zona": "019", "tipo_m_s": "S", "consola": "AC 153 - KR 101A (019A03)", "panel": "AC 153 - KR 101A", "audio": "Avenida Calle 153 Carrera 101 A", "zonas_nuevas": "C", "globalid": "{D79ACC5C-A253-43A2-82F3-1CD9536A1839}" }, "geometry": { "type": "Point", "coordinates": [ -74.089751336332554, 4.75334374235887 ] } },
{ "type": "Feature", "properties": { "objectid": 328, "cenefa": "020A02", "zona_sitp": "02", "nombre": "Br. Iberia", "via": "AC 134", "direccion_bandera": "AC 134 - AV. Boyacá", "localidad": "Suba", "longitud": -74.07026851000001, "latitud": 4.72580196, "consecutivo_zona": "020", "tipo_m_s": "S", "consola": "AC 134 - AV. Boyacá (020A02)", "panel": "AC 134 - AV. Boyacá", "audio": "Avenida Calle 134 Avenida Boyacá", "zonas_nuevas": "C", "globalid": "{18E26334-38A1-4FAA-8327-A437F061FE2D}" }, "geometry": { "type": "Point", "coordinates": [ -74.070268513687935, 4.725801959798633 ] } },
{ "type": "Feature", "properties": { "objectid": 329, "cenefa": "020A03", "zona_sitp": "03", "nombre": "Br. Tuna Baja", "via": "AC 153", "direccion_bandera": "AC 153 - KR 103", "localidad": "Suba", "longitud": -74.089001, "latitud": 4.753167, "consecutivo_zona": "020", "tipo_m_s": "M", "consola": "AC 153 - KR 103 (020A03)", "panel": "AC 153 - KR 103", "audio": "Avenida Calle 153 Carrera 103", "zonas_nuevas": "C", "globalid": "{9344D2D9-4396-4D9E-AECB-1A897BFA0659}" }, "geometry": { "type": "Point", "coordinates": [ -74.089000999742169, 4.753167000318054 ] } },
{ "type": "Feature", "properties": { "objectid": 340, "cenefa": "020B03", "zona_sitp": "03", "nombre": "Br. Tuna Baja", "via": "CL 15 KR", "direccion_bandera": "CL 15 KR - 101A", "localidad": "Suba", "longitud": -74.089729, "latitud": 4.753559, "consecutivo_zona": "020", "tipo_m_s": "M", "consola": "CL 15 KR - 101A (020B03)", "panel": "CL 15 KR - 101A", "audio": "Calle 15 Carrera 101 A", "zonas_nuevas": "C", "globalid": "{89158D94-FA41-4703-9648-18C92D708AAB}" }, "geometry": { "type": "Point", "coordinates": [ -74.089728999956108, 4.753559000398933 ] } },
{ "type": "Feature", "properties": { "objectid": 343, "cenefa": "021A02", "zona_sitp": "02", "nombre": "Br. Iberia", "via": "AV. Boyacá", "direccion_bandera": "AV. Boyacá - CL 132 BIS", "localidad": "Suba", "longitud": -74.07184485, "latitud": 4.72497107, "consecutivo_zona": "021", "tipo_m_s": "S", "consola": "AV. Boyacá - CL 132 BIS (021A02)", "panel": "AV. Boyacá - CL 132 BIS", "audio": "Avenida Boyacá Calle 132 Bis", "zonas_nuevas": "C", "globalid": "{F14140B4-7B52-42E6-AD28-D4428EFAFEA7}" }, "geometry": { "type": "Point", "coordinates": [ -74.071844847042897, 4.72497107291071 ] } },
{ "type": "Feature", "properties": { "objectid": 358, "cenefa": "022A02", "zona_sitp": "02", "nombre": "Br. Iberia", "via": "AV. Boyacá", "direccion_bandera": "AV. Boyaca - AC 134", "localidad": "Suba", "longitud": -74.070974, "latitud": 4.726614, "consecutivo_zona": "022", "tipo_m_s": "S", "consola": "AV. Boyaca - AC 134 (022A02)", "panel": "AV. Boyaca - AC 134", "audio": "Avenida Boyacá Avenida Calle 134", "zonas_nuevas": "C", "globalid": "{0EECDDB3-0872-4C9F-B2F9-3E63B27AF49C}" }, "geometry": { "type": "Point", "coordinates": [ -74.070973999882284, 4.726613999962439 ] } },
{ "type": "Feature", "properties": { "objectid": 359, "cenefa": "022A03", "zona_sitp": "03", "nombre": "Br. El Carmen Tuna Baja", "via": "Cl 153", "direccion_bandera": "CL 153 - KR 109 A", "localidad": "Suba", "longitud": -74.094289, "latitud": 4.755919, "consecutivo_zona": "022", "tipo_m_s": "S", "consola": "CL 153 - KR 109 A (022A03)", "panel": "CL 153 - KR 109 A", "audio": "Calle 153 Carrera 109 A", "zonas_nuevas": "C", "globalid": "{7F8D4F18-6CE0-4EBD-BFF5-D695EB5271A9}" }, "geometry": { "type": "Point", "coordinates": [ -74.094289000260403, 4.75591900023856 ] } },
{ "type": "Feature", "properties": { "objectid": 373, "cenefa": "023A02", "zona_sitp": "02", "nombre": "C.C. Paseo San Rafael", "via": "AC 134", "direccion_bandera": "AC 134 - KR 55A", "localidad": "Suba", "longitud": -74.06243403, "latitud": 4.72265586, "consecutivo_zona": "023", "tipo_m_s": "S", "consola": "AC 134 - KR 55A (023A02)", "panel": "AC 134 - KR 55A", "audio": "Avenida Calle 134 Carrera 55 A", "zonas_nuevas": "C", "globalid": "{0F02C2E4-F763-403E-8333-BA95F6A08896}" }, "geometry": { "type": "Point", "coordinates": [ -74.062434029373208, 4.722655864263921 ] } },
{ "type": "Feature", "properties": { "objectid": 374, "cenefa": "023A03", "zona_sitp": "03", "nombre": "Villa Elisa", "via": "AC 132", "direccion_bandera": "AC 132 - KR 94C", "localidad": "Suba", "longitud": -74.090365, "latitud": 4.732183, "consecutivo_zona": "023", "tipo_m_s": "S", "consola": "AC 132 - KR 94C  (023A03)", "panel": "AC 132 - KR 94C", "audio": "Avenida Calle 132 Carrera 94 C", "zonas_nuevas": "C", "globalid": "{6456D78D-A5EE-4DFA-A876-032628030A69}" }, "geometry": { "type": "Point", "coordinates": [ -74.090365000369403, 4.732183000172032 ] } },
{ "type": "Feature", "properties": { "objectid": 388, "cenefa": "024A02", "zona_sitp": "02", "nombre": "Br. Iberia", "via": "CL 138", "direccion_bandera": "CL 138 - 58-25", "localidad": "Suba", "longitud": -74.06631785, "latitud": 4.72881942, "consecutivo_zona": "024", "tipo_m_s": "S", "consola": "CL 138 - 58-25 (024A02)", "panel": "CL 138 - 58-25", "audio": "Calle 138 Carrera 58 Be", "zonas_nuevas": "C", "globalid": "{B5F41B9F-4C31-4EE5-8812-2B8B8B32719D}" }, "geometry": { "type": "Point", "coordinates": [ -74.066317848748568, 4.728819416855885 ] } },
{ "type": "Feature", "properties": { "objectid": 399, "cenefa": "024B03", "zona_sitp": "03", "nombre": "Villa Elisa", "via": "AC 132", "direccion_bandera": "AC 132 - KR 94B", "localidad": "Suba", "longitud": -74.08978809, "latitud": 4.7321036, "consecutivo_zona": "024", "tipo_m_s": "M", "consola": "AC 132 - KR 94B  (024B03)", "panel": "AC 132 - KR 94B", "audio": "Avenida Calle 132 Carrera 94 Be", "zonas_nuevas": "C", "globalid": "{22E5DE01-1090-40B1-947F-71906EA1DF72}" }, "geometry": { "type": "Point", "coordinates": [ -74.089788094104961, 4.732103595252837 ] } },
{ "type": "Feature", "properties": { "objectid": 404, "cenefa": "025A02", "zona_sitp": "02", "nombre": "Urb. Bosques de Gratamira", "via": "CL 138", "direccion_bandera": "CL 138 - KR 74", "localidad": "Suba", "longitud": -74.07173023, "latitud": 4.73072871, "consecutivo_zona": "025", "tipo_m_s": "S", "consola": "CL 138 - KR 74 (025A02)", "panel": "CL 138 - KR 74", "audio": "Calle 138 74", "zonas_nuevas": "C", "globalid": "{7292FBB1-F485-4921-868C-E5B5C0A18509}" }, "geometry": { "type": "Point", "coordinates": [ -74.071730225016054, 4.730728710067832 ] } },
{ "type": "Feature", "properties": { "objectid": 405, "cenefa": "025A03", "zona_sitp": "03", "nombre": "Costa Azul", "via": "AC 132", "direccion_bandera": "AC 132 - AK 104", "localidad": "Suba", "longitud": -74.09948803, "latitud": 4.73579166, "consecutivo_zona": "025", "tipo_m_s": "M", "consola": "AC 132 - AK 104 (025A03)", "panel": "AC 132 - AK 104", "audio": "Avenida Calle 132 Avenida Carrera 104", "zonas_nuevas": "C", "globalid": "{1B0B46A3-22AD-4AD2-9827-1DC3A197B775}" }, "geometry": { "type": "Point", "coordinates": [ -74.099488032612086, 4.735791660417745 ] } },
{ "type": "Feature", "properties": { "objectid": 415, "cenefa": "025B03", "zona_sitp": "03", "nombre": "Br. Costa Azul", "via": "AC 132", "direccion_bandera": "AC 132 - KR 103B", "localidad": "Suba", "longitud": -74.098006, "latitud": 4.735171, "consecutivo_zona": "025", "tipo_m_s": "M", "consola": "AC 132 - KR 103B (025B03)", "panel": "AC 132 - KR 103B", "audio": "Avenida Calle 132 Carrera 103 Be", "zonas_nuevas": "C", "globalid": "{861DEA6C-707F-4B2B-800B-7423D4FE21BC}" }, "geometry": { "type": "Point", "coordinates": [ -74.098006000122865, 4.735171000087637 ] } },
{ "type": "Feature", "properties": { "objectid": 421, "cenefa": "026A03", "zona_sitp": "03", "nombre": "Br. Aures II", "via": "AC 132", "direccion_bandera": "AC 132 - KR 109A", "localidad": "Suba", "longitud": -74.10336155, "latitud": 4.73735245, "consecutivo_zona": "026", "tipo_m_s": "S", "consola": "AC 132 - KR 109A (026A03)", "panel": "AC 132 - KR 109A", "audio": "Avenida Calle 132 Carrera 109 A", "zonas_nuevas": "C", "globalid": "{E3DDF7DF-3F13-4E06-BAC0-05344E265DDB}" }, "geometry": { "type": "Point", "coordinates": [ -74.103361551917118, 4.737352453412424 ] } },
{ "type": "Feature", "properties": { "objectid": 436, "cenefa": "027A02", "zona_sitp": "02", "nombre": "Br. Atenas - Hibernia", "via": "Tv  75", "direccion_bandera": "TV 75 - CL 138", "localidad": "Suba", "longitud": -74.0735894, "latitud": 4.731361, "consecutivo_zona": "027", "tipo_m_s": "S", "consola": "TV 75 - CL 138 (027A02)", "panel": "TV 75 - CL 138", "audio": "Transversal 75 138", "zonas_nuevas": "C", "globalid": "{0FB2FF5C-484E-4A3E-8625-80B6D6711039}" }, "geometry": { "type": "Point", "coordinates": [ -74.073589405007212, 4.731360999653879 ] } },
{ "type": "Feature", "properties": { "objectid": 437, "cenefa": "027A03", "zona_sitp": "03", "nombre": "Br. Villa María", "via": "AC 132", "direccion_bandera": "AC 132 - KR 110A", "localidad": "Suba", "longitud": -74.10342793, "latitud": 4.73746368, "consecutivo_zona": "027", "tipo_m_s": "S", "consola": "AC 132 - KR 110A (027A03)", "panel": "AC 132 - KR 110A", "audio": "Avenida Calle 132 Carrera 110 A", "zonas_nuevas": "C", "globalid": "{915602E9-B449-4D24-A86C-24A23A05AFCE}" }, "geometry": { "type": "Point", "coordinates": [ -74.103427926930877, 4.737463682551694 ] } },
{ "type": "Feature", "properties": { "objectid": 451, "cenefa": "028A02", "zona_sitp": "02", "nombre": "Br. Atenas - Hibernia", "via": "CL 138", "direccion_bandera": "CL 138 - TV 75", "localidad": "Suba", "longitud": -74.07349708000001, "latitud": 4.73125493, "consecutivo_zona": "028", "tipo_m_s": "S", "consola": "CL 138 - TV 75 (028A02)", "panel": "CL 138 - TV 75", "audio": "Calle 138 Transversal 75", "zonas_nuevas": "C", "globalid": "{5E2F6D8C-BB23-4798-8856-8358FC542D3A}" }, "geometry": { "type": "Point", "coordinates": [ -74.073497078664431, 4.731254925641605 ] } },
{ "type": "Feature", "properties": { "objectid": 452, "cenefa": "028A03", "zona_sitp": "03", "nombre": "Aures I", "via": "AC 132", "direccion_bandera": "AC 132 - KR 99A", "localidad": "Suba", "longitud": -74.093902, "latitud": 4.733978, "consecutivo_zona": "028", "tipo_m_s": "M", "consola": "AC 132 - KR 99A (028A03)", "panel": "AC 132 - KR 99A", "audio": "Avenida Calle 132 Carrera 99 A", "zonas_nuevas": "C", "globalid": "{BF529DC1-3513-43AC-8ED6-4381C6636BF9}" }, "geometry": { "type": "Point", "coordinates": [ -74.093902000047066, 4.733977999562809 ] } },
{ "type": "Feature", "properties": { "objectid": 462, "cenefa": "028B03", "zona_sitp": "03", "nombre": "Urb. La Chucua", "via": "AC 132", "direccion_bandera": "AC 132 - KR 97", "localidad": "Suba", "longitud": -74.09362, "latitud": 4.733902, "consecutivo_zona": "028", "tipo_m_s": "M", "consola": "AC 132 - KR 97 (028B03)", "panel": "AC 132 - KR 97", "audio": "Avenida Calle 132 Carrera 97", "zonas_nuevas": "C", "globalid": "{5BF60F32-F91C-46EC-ACF8-034105DD0CCB}" }, "geometry": { "type": "Point", "coordinates": [ -74.093620000276886, 4.733902000037682 ] } },
{ "type": "Feature", "properties": { "objectid": 467, "cenefa": "029A02", "zona_sitp": "02", "nombre": "Carrera 62", "via": "AC 170", "direccion_bandera": "AC 170 - KR 58", "localidad": "Suba", "longitud": -74.05836509000001, "latitud": 4.75488435, "consecutivo_zona": "029", "tipo_m_s": "S", "consola": "AC 170 - KR 58 (029A02)", "panel": "AC 170 - KR 58", "audio": "Avenida Calle 170 Carrera 62", "zonas_nuevas": "B", "globalid": "{846732F3-98D2-45E1-8074-28600FE64608}" }, "geometry": { "type": "Point", "coordinates": [ -74.05836508765077, 4.754884352649323 ] } },
{ "type": "Feature", "properties": { "objectid": 468, "cenefa": "029A03", "zona_sitp": "03", "nombre": "Aures I", "via": "AC 132", "direccion_bandera": "AC 132 - KR 98C", "localidad": "Suba", "longitud": -74.093104, "latitud": 4.734119, "consecutivo_zona": "029", "tipo_m_s": "M", "consola": "AC 132 - KR 98C  (029A03)", "panel": "AC 132 - KR 98C", "audio": "Avenida Calle 132 Carrera 98 C", "zonas_nuevas": "C", "globalid": "{FFC5448D-6336-4D76-9159-ACD56C9C5944}" }, "geometry": { "type": "Point", "coordinates": [ -74.093103999891639, 4.734118999561374 ] } },
{ "type": "Feature", "properties": { "objectid": 479, "cenefa": "029B03", "zona_sitp": "03", "nombre": "Urb. La Chucua", "via": "AC 132", "direccion_bandera": "AC 132 - KR 96", "localidad": "Suba", "longitud": -74.092853, "latitud": 4.733965, "consecutivo_zona": "029", "tipo_m_s": "M", "consola": "AC 132 - KR 96 (029B03)", "panel": "AC 132 - KR 96", "audio": "Avenida Calle 132 Carrera 96", "zonas_nuevas": "C", "globalid": "{4F5B54E0-25D7-417F-8772-325F470FF24F}" }, "geometry": { "type": "Point", "coordinates": [ -74.092853000143748, 4.73396499978185 ] } },
{ "type": "Feature", "properties": { "objectid": 486, "cenefa": "030A03", "zona_sitp": "03", "nombre": "Br. Aures II", "via": "AC 132", "direccion_bandera": "AC 132 - KR 105A", "localidad": "Suba", "longitud": -74.10047159, "latitud": 4.73596345, "consecutivo_zona": "030", "tipo_m_s": "M", "consola": "AC 132 - KR 105A (030A03)", "panel": "AC 132 - KR 105A", "audio": "Avenida Calle 132 Carrera 105 A", "zonas_nuevas": "C", "globalid": "{61FFDB2B-5BA2-4999-A2C4-BC5ECE06CCCC}" }, "geometry": { "type": "Point", "coordinates": [ -74.100471593768987, 4.735963448699216 ] } },
{ "type": "Feature", "properties": { "objectid": 496, "cenefa": "030B03", "zona_sitp": "03", "nombre": "Br. Alcaparros de Suba", "via": "AC 132", "direccion_bandera": "AC 132 - KR 105B", "localidad": "Suba", "longitud": -74.101079, "latitud": 4.736321, "consecutivo_zona": "030", "tipo_m_s": "M", "consola": "AC 132 - KR 105B (030B03)", "panel": "AC 132 - KR 105B", "audio": "Avenida Calle 132 Carrera 105 Be", "zonas_nuevas": "C", "globalid": "{A9F8644A-6A8D-4B91-B2F6-FA8A3DF8D438}" }, "geometry": { "type": "Point", "coordinates": [ -74.101079000048642, 4.73632099958832 ] } },
{ "type": "Feature", "properties": { "objectid": 503, "cenefa": "031A02", "zona_sitp": "02", "nombre": "Urb. El pinar la Fragua II Etapa", "via": "AV. Villas", "direccion_bandera": "AV. Villas - CL 152", "localidad": "Suba", "longitud": -74.06245616, "latitud": 4.73571983, "consecutivo_zona": "031", "tipo_m_s": "S", "consola": "AV. Villas - CL 152 (031A02)", "panel": "AV. Villas - CL 152", "audio": "Avenida Villas 152", "zonas_nuevas": "C", "globalid": "{DC27BE5B-9B56-4A62-B667-FBA5F4D3206B}" }, "geometry": { "type": "Point", "coordinates": [ -74.062456157737302, 4.735719831342207 ] } },
{ "type": "Feature", "properties": { "objectid": 504, "cenefa": "031A03", "zona_sitp": "03", "nombre": "CED El Salitre - Suba", "via": "KR 92", "direccion_bandera": "KR 92 - CL 162", "localidad": "Suba", "longitud": -74.079366, "latitud": 4.756913, "consecutivo_zona": "031", "tipo_m_s": "S", "consola": "KR 92 - CL 162 (031A03)", "panel": "KR 92 - CL 162", "audio": "Carrera 92 Calle 162", "zonas_nuevas": "C", "globalid": "{F0FC8847-E5FC-4C99-8809-40F122AD5FE6}" }, "geometry": { "type": "Point", "coordinates": [ -74.079366000243468, 4.756913000307146 ] } },
{ "type": "Feature", "properties": { "objectid": 518, "cenefa": "032A02", "zona_sitp": "02", "nombre": "Br. El Pinar La Fragua", "via": "AV. Villas", "direccion_bandera": "AV. Villas - 151", "localidad": "Suba", "longitud": -74.06261702, "latitud": 4.73496973, "consecutivo_zona": "032", "tipo_m_s": "S", "consola": "AV. Villas - 151 (032A02)", "panel": "AV. Villas - 151", "audio": "Avenida Villas 151", "zonas_nuevas": "C", "globalid": "{60691CDE-7FA9-4BEB-A889-B7C5775AEB93}" }, "geometry": { "type": "Point", "coordinates": [ -74.06261701639086, 4.734969729790459 ] } },
{ "type": "Feature", "properties": { "objectid": 519, "cenefa": "032A03", "zona_sitp": "03", "nombre": "CED El Salitre - Suba", "via": "KR 92", "direccion_bandera": "KR 92 - CL 162", "localidad": "Suba", "longitud": -74.079287, "latitud": 4.756803, "consecutivo_zona": "032", "tipo_m_s": "S", "consola": "KR 92 - CL 162 (032A03)", "panel": "KR 92 - CL 162", "audio": "Carrera 92 Calle 162", "zonas_nuevas": "C", "globalid": "{74F60E4A-AA8E-4347-AE7E-C0F22FE6ADD7}" }, "geometry": { "type": "Point", "coordinates": [ -74.079287000410019, 4.756802999704861 ] } },
{ "type": "Feature", "properties": { "objectid": 536, "cenefa": "033A02", "zona_sitp": "02", "nombre": "Urb. Bosque de la Colina", "via": "AV. Villas", "direccion_bandera": "AV. Villas - 145", "localidad": "Suba", "longitud": -74.06367687, "latitud": 4.72998241, "consecutivo_zona": "033", "tipo_m_s": "S", "consola": "AV. Villas - 145 (033A02)", "panel": "AV. Villas - 145", "audio": "Avenida Villas 145", "zonas_nuevas": "C", "globalid": "{0714253D-3D0B-4FFD-8FD8-10294677EED2}" }, "geometry": { "type": "Point", "coordinates": [ -74.06367686716581, 4.729982411071838 ] } },
{ "type": "Feature", "properties": { "objectid": 537, "cenefa": "033A03", "zona_sitp": "03", "nombre": "Br. Salitre Suba", "via": "KR 92", "direccion_bandera": "KR 92 - CL 157A", "localidad": "Suba", "longitud": -74.080435, "latitud": 4.754521, "consecutivo_zona": "033", "tipo_m_s": "S", "consola": "KR 92 - CL 157A (033A03)", "panel": "KR 92 - CL 157A", "audio": "Carrera 92 Calle 157A", "zonas_nuevas": "C", "globalid": "{06416E79-48FF-4230-8160-6119C6A83B29}" }, "geometry": { "type": "Point", "coordinates": [ -74.080435000340955, 4.754521000438204 ] } },
{ "type": "Feature", "properties": { "objectid": 554, "cenefa": "034A02", "zona_sitp": "02", "nombre": "Urb. Aticos del Norte", "via": "AV. Villas", "direccion_bandera": "AV. Villas - CL 134A", "localidad": "Suba", "longitud": -74.06544806, "latitud": 4.72547648, "consecutivo_zona": "034", "tipo_m_s": "S", "consola": "AV. Villas - CL 134A (034A02)", "panel": "AV. Villas - CL 134A", "audio": "Avenida Villas Calle 134 A", "zonas_nuevas": "C", "globalid": "{12C85F0F-330C-4A15-A377-DC4C26A5D27F}" }, "geometry": { "type": "Point", "coordinates": [ -74.065448059676896, 4.725476479332777 ] } },
{ "type": "Feature", "properties": { "objectid": 555, "cenefa": "034A03", "zona_sitp": "03", "nombre": "Br. Tuna Alta", "via": "KR  92", "direccion_bandera": "KR 92 - CL 157A", "localidad": "Suba", "longitud": -74.0802424, "latitud": 4.75463004, "consecutivo_zona": "034", "tipo_m_s": "S", "consola": "KR 92 - CL 157A (034A03)", "panel": "KR 92 - CL 157A", "audio": "Carrera 92 Calle 157 C", "zonas_nuevas": "C", "globalid": "{2182935E-D6E7-4B60-89BA-5FF6683FB475}" }, "geometry": { "type": "Point", "coordinates": [ -74.080242395804817, 4.754630040769157 ] } },
{ "type": "Feature", "properties": { "objectid": 571, "cenefa": "035A02", "zona_sitp": "02", "nombre": "Urb. La Colina Campestre", "via": "AV. Villas", "direccion_bandera": "AV. Villas - AC 134", "localidad": "Suba", "longitud": -74.06655922, "latitud": 4.72302255, "consecutivo_zona": "035", "tipo_m_s": "S", "consola": "AV. Villas - AC 134 (035A02)", "panel": "AV. Villas - AC 134", "audio": "Avenida Villas Avenida Calle 134", "zonas_nuevas": "C", "globalid": "{32B21318-E274-4D8D-9BA6-1E0FACFE68A3}" }, "geometry": { "type": "Point", "coordinates": [ -74.066559224684482, 4.723022550779577 ] } },
{ "type": "Feature", "properties": { "objectid": 572, "cenefa": "035A03", "zona_sitp": "03", "nombre": "C.C. Rosales de Suba", "via": "KR  92", "direccion_bandera": "KR 92 - CL 156", "localidad": "Suba", "longitud": -74.08141769000001, "latitud": 4.75258346, "consecutivo_zona": "035", "tipo_m_s": "S", "consola": "KR 92 - CL 156 (035A03)", "panel": "KR 92 - CL 156", "audio": "Carrera 92 Calle 156", "zonas_nuevas": "C", "globalid": "{1FF6C973-FF58-412B-84BD-DAB8B49A3443}" }, "geometry": { "type": "Point", "coordinates": [ -74.08141768812655, 4.752583455181408 ] } },
{ "type": "Feature", "properties": { "objectid": 586, "cenefa": "036A02", "zona_sitp": "02", "nombre": "Urb. La Colina Campestre", "via": "AV. Villas", "direccion_bandera": "AV. Villas - CL 131", "localidad": "Suba", "longitud": -74.06763016, "latitud": 4.72058146, "consecutivo_zona": "036", "tipo_m_s": "S", "consola": "AV. Villas - CL 131 (036A02)", "panel": "AV. Villas - CL 131", "audio": "Avenida Villas Calle 131", "zonas_nuevas": "C", "globalid": "{D62CA347-118A-48B4-9438-36C80AF2D75C}" }, "geometry": { "type": "Point", "coordinates": [ -74.067630158833353, 4.720581459952139 ] } },
{ "type": "Feature", "properties": { "objectid": 587, "cenefa": "036A03", "zona_sitp": "03", "nombre": "IED Tuna Alta Sede C", "via": "KR  92", "direccion_bandera": "KR 92 - CL 156", "localidad": "Suba", "longitud": -74.08092998, "latitud": 4.75343802, "consecutivo_zona": "036", "tipo_m_s": "S", "consola": "KR 92 - CL 156 (036A03)", "panel": "KR 92 - CL 156", "audio": "Carrera 92 Calle 156", "zonas_nuevas": "C", "globalid": "{601907DB-AAA5-4C66-B82B-5D613B682EF8}" }, "geometry": { "type": "Point", "coordinates": [ -74.080929980584045, 4.753438022582613 ] } },
{ "type": "Feature", "properties": { "objectid": 601, "cenefa": "037A02", "zona_sitp": "02", "nombre": "Br. Las Villas", "via": "AV. Villas", "direccion_bandera": "AV. Villas - CL 128B", "localidad": "Suba", "longitud": -74.06996243, "latitud": 4.71573652, "consecutivo_zona": "037", "tipo_m_s": "S", "consola": "AV. Villas - CL 128B (037A02)", "panel": "AV. Villas - CL 128B", "audio": "Avenida Villas Calle 128 Be", "zonas_nuevas": "C", "globalid": "{4C6B1C52-17A3-4E0F-B69F-573D09BDFC33}" }, "geometry": { "type": "Point", "coordinates": [ -74.069962433429183, 4.715736524229818 ] } },
{ "type": "Feature", "properties": { "objectid": 602, "cenefa": "037A03", "zona_sitp": "03", "nombre": "CAI El Pinar", "via": "KR  92", "direccion_bandera": "KR 92 - AC 153", "localidad": "Suba", "longitud": -74.08276009000001, "latitud": 4.75021484, "consecutivo_zona": "037", "tipo_m_s": "S", "consola": "KR 92 - AC 153 (037A03)", "panel": "KR 92 - AC 153", "audio": "Carrera 92 Avenida Calle 153", "zonas_nuevas": "C", "globalid": "{729BB9CD-34C6-4123-842F-2E719F9F3A30}" }, "geometry": { "type": "Point", "coordinates": [ -74.082760086301747, 4.750214837909148 ] } },
{ "type": "Feature", "properties": { "objectid": 616, "cenefa": "038A02", "zona_sitp": "02", "nombre": "C.C. Bulevar Niza", "via": "AV. Villas", "direccion_bandera": "AV. Villas - AC 127", "localidad": "Suba", "longitud": -74.0704752, "latitud": 4.71257053, "consecutivo_zona": "038", "tipo_m_s": "S", "consola": "AV. Villas - AC 127 (038A02)", "panel": "AV. Villas - AC 127", "audio": "Avenida Villas Avenida Calle 127", "zonas_nuevas": "C", "globalid": "{FF0A9AD7-6EEE-4F6E-BB07-04EFD073BD31}" }, "geometry": { "type": "Point", "coordinates": [ -74.070475198724111, 4.712570526037729 ] } },
{ "type": "Feature", "properties": { "objectid": 617, "cenefa": "038A03", "zona_sitp": "03", "nombre": "Br. Tuna Alta", "via": "KR  92", "direccion_bandera": "KR 92 - CL 152A", "localidad": "Suba", "longitud": -74.083222670000012, "latitud": 4.74900738, "consecutivo_zona": "038", "tipo_m_s": "S", "consola": "KR 92 - CL 152A  (038A03)", "panel": "KR 92 - CL 152A", "audio": "Carrera 92 Calle 152 A", "zonas_nuevas": "C", "globalid": "{B3AB51AC-8BEB-4CAB-A70F-611077C3A6E5}" }, "geometry": { "type": "Point", "coordinates": [ -74.083222673707382, 4.749007383347815 ] } },
{ "type": "Feature", "properties": { "objectid": 631, "cenefa": "039A02", "zona_sitp": "02", "nombre": "C.C. Bulevar Niza", "via": "AV. Villas", "direccion_bandera": "AV. Villas - CL 127D", "localidad": "Suba", "longitud": -74.07025881, "latitud": 4.71269274, "consecutivo_zona": "039", "tipo_m_s": "S", "consola": "AV. Villas - CL 127D (039A02)", "panel": "AV. Villas - CL 127D", "audio": "Avenida Villas Calle 127 D", "zonas_nuevas": "C", "globalid": "{2EBA91BC-B49D-4DB9-8118-B47001EF6774}" }, "geometry": { "type": "Point", "coordinates": [ -74.070258814069504, 4.71269274196853 ] } },
{ "type": "Feature", "properties": { "objectid": 632, "cenefa": "039A03", "zona_sitp": "03", "nombre": "Br. Bosques de San Jorge", "via": "KR  92", "direccion_bandera": "KR 92 - CL 151", "localidad": "Suba", "longitud": -74.08428321, "latitud": 4.74704661, "consecutivo_zona": "039", "tipo_m_s": "S", "consola": "KR 92 - CL 151 (039A03)", "panel": "KR 92 - CL 151", "audio": "Carrera 92 Calle 151", "zonas_nuevas": "C", "globalid": "{3DA6BF1E-16F4-4220-A9AA-2C0E081BC006}" }, "geometry": { "type": "Point", "coordinates": [ -74.084283212878489, 4.747046613167148 ] } },
{ "type": "Feature", "properties": { "objectid": 645, "cenefa": "040A02", "zona_sitp": "02", "nombre": "Humedal Córdoba", "via": "Av. Córdoba", "direccion_bandera": "AV. Córdoba - CL 124A", "localidad": "Suba", "longitud": -74.06519855000001, "latitud": 4.70488149, "consecutivo_zona": "040", "tipo_m_s": "S", "consola": "AV. Córdoba - CL 124A (040A02)", "panel": "AV. Córdoba - CL 124A", "audio": "Avenida Córdoba Calle 124 A", "zonas_nuevas": "C", "globalid": "{4D018B2A-5C15-478E-B038-F99F0A8B9F22}" }, "geometry": { "type": "Point", "coordinates": [ -74.065198549346704, 4.704881486638891 ] } },
{ "type": "Feature", "properties": { "objectid": 646, "cenefa": "040A03", "zona_sitp": "03", "nombre": "Cl 150A", "via": "KR  92", "direccion_bandera": "KR 92 - CL 150A", "localidad": "Suba", "longitud": -74.08446551, "latitud": 4.74652194, "consecutivo_zona": "040", "tipo_m_s": "S", "consola": "KR 92 - CL 150A  (040A03)", "panel": "KR 92 - CL 150A", "audio": "Carrera 92 Calle 150 A", "zonas_nuevas": "C", "globalid": "{16762EAD-0D18-4E37-B486-5244945DBCC4}" }, "geometry": { "type": "Point", "coordinates": [ -74.084465511270011, 4.746521937693546 ] } },
{ "type": "Feature", "properties": { "objectid": 660, "cenefa": "041A02", "zona_sitp": "02", "nombre": "Br. El Batán", "via": "Av. Córdoba", "direccion_bandera": "AV. Córdoba - AC 127", "localidad": "Suba", "longitud": -74.06442694, "latitud": 4.70822761, "consecutivo_zona": "041", "tipo_m_s": "S", "consola": "AV. Córdoba - AC 127 (041A02)", "panel": "AV. Córdoba - AC 127", "audio": "Avenida Córdoba Avenida Calle 127", "zonas_nuevas": "C", "globalid": "{7476903A-E99A-4629-B70D-7F604CA73CB4}" }, "geometry": { "type": "Point", "coordinates": [ -74.064426943837475, 4.708227605042604 ] } },
{ "type": "Feature", "properties": { "objectid": 661, "cenefa": "041A03", "zona_sitp": "03", "nombre": "CAMI Suba", "via": "KR  92", "direccion_bandera": "KR 92 - CL 147B", "localidad": "Suba", "longitud": -74.084560790000012, "latitud": 4.74302385, "consecutivo_zona": "041", "tipo_m_s": "S", "consola": "KR 92 - CL 147B  (041A03)", "panel": "KR 92 - CL 147B", "audio": "Carrera 92 Calle 147 Be", "zonas_nuevas": "C", "globalid": "{847D287B-0F85-4CF4-A291-02ECC68AA80E}" }, "geometry": { "type": "Point", "coordinates": [ -74.084560793727491, 4.743023850780531 ] } },
{ "type": "Feature", "properties": { "objectid": 674, "cenefa": "042A03", "zona_sitp": "03", "nombre": "IED Juan Lozano", "via": "KR  91", "direccion_bandera": "AK 91 - CL 145A", "localidad": "Suba", "longitud": -74.08458554000001, "latitud": 4.73897359, "consecutivo_zona": "042", "tipo_m_s": "S", "consola": "AK 91 - CL 145A (042A03)", "panel": "AK 91 - CL 145A", "audio": "Avenida Carrera 91 Calle 145 A", "zonas_nuevas": "C", "globalid": "{E263ED83-A866-4F6E-B249-FE4C80AF1DFF}" }, "geometry": { "type": "Point", "coordinates": [ -74.084585537794183, 4.738973586846756 ] } },
{ "type": "Feature", "properties": { "objectid": 686, "cenefa": "043A02", "zona_sitp": "02", "nombre": "Parque Córdoba", "via": "Av. Córdoba", "direccion_bandera": "AV. Córdoba - CL 119", "localidad": "Suba", "longitud": -74.06555109, "latitud": 4.70331702, "consecutivo_zona": "043", "tipo_m_s": "S", "consola": "AV. Córdoba - CL 119 (043A02)", "panel": "AV. Córdoba - CL 119", "audio": "Avenida Córdoba Calle 119", "zonas_nuevas": "C", "globalid": "{FA538FA7-4A6E-4385-962B-FB410D8FA57C}" }, "geometry": { "type": "Point", "coordinates": [ -74.065551094252186, 4.703317023910299 ] } },
{ "type": "Feature", "properties": { "objectid": 687, "cenefa": "043A03", "zona_sitp": "03", "nombre": " Sabana de Tibabuyes", "via": "Av. Suba", "direccion_bandera": "AV. Suba - KR 98B", "localidad": "Suba", "longitud": -74.09096301000001, "latitud": 4.7421272, "consecutivo_zona": "043", "tipo_m_s": "S", "consola": "AV. Suba - KR 98B (043A03)", "panel": "AV. Suba - KR 98B", "audio": "Avenida Suba Carrera 98 Be", "zonas_nuevas": "C", "globalid": "{F1A8DDFF-15E6-4884-AE5F-CBA6108DEA87}" }, "geometry": { "type": "Point", "coordinates": [ -74.090963004678457, 4.742127194654446 ] } },
{ "type": "Feature", "properties": { "objectid": 699, "cenefa": "044A02", "zona_sitp": "02", "nombre": "Parque Córdoba", "via": "Av. Córdoba", "direccion_bandera": "AV. Córdoba - AC 116", "localidad": "Suba", "longitud": -74.06659732, "latitud": 4.70251932, "consecutivo_zona": "044", "tipo_m_s": "S", "consola": "AV. Córdoba - AC 116 (044A02)", "panel": "AV. Córdoba - AC 116", "audio": "Avenida Córdoba Avenida Calle 116", "zonas_nuevas": "C", "globalid": "{3C67357B-C678-42A8-8861-829033CEA2C8}" }, "geometry": { "type": "Point", "coordinates": [ -74.06659731482344, 4.702519315365232 ] } },
{ "type": "Feature", "properties": { "objectid": 700, "cenefa": "044A03", "zona_sitp": "03", "nombre": "Br. Niza", "via": "Av. Suba", "direccion_bandera": "AV. Suba - CL 120", "localidad": "Suba", "longitud": -74.071330089999989, "latitud": 4.70649366, "consecutivo_zona": "044", "tipo_m_s": "S", "consola": "AV. Suba - CL 120 (044A03)", "panel": "AV. Suba - CL 120", "audio": "Avenida Suba Calle 120", "zonas_nuevas": "C", "globalid": "{A268206E-D5DA-462E-8C31-89699764619A}" }, "geometry": { "type": "Point", "coordinates": [ -74.071330095080782, 4.706493663174863 ] } },
{ "type": "Feature", "properties": { "objectid": 712, "cenefa": "045A02", "zona_sitp": "02", "nombre": "Br. Ilarco", "via": "Cl 116", "direccion_bandera": "AC 116 - TV 55B", "localidad": "Suba", "longitud": -74.06807067, "latitud": 4.70119817, "consecutivo_zona": "045", "tipo_m_s": "S", "consola": "AC 116 - TV 55B (045A02)", "panel": "AC 116 - TV 55B", "audio": "Avenida Calle 116 Transversal 55 Be", "zonas_nuevas": "C", "globalid": "{DE9414AF-7348-4E0D-A3BB-082052BB8043}" }, "geometry": { "type": "Point", "coordinates": [ -74.068070674941893, 4.701198172086551 ] } },
{ "type": "Feature", "properties": { "objectid": 713, "cenefa": "045A03", "zona_sitp": "03", "nombre": "Urb. Morato", "via": "Av. Suba", "direccion_bandera": "AV. Suba - CL 115", "localidad": "Suba", "longitud": -74.06993902000001, "latitud": 4.69877585, "consecutivo_zona": "045", "tipo_m_s": "S", "consola": "AV. Suba - CL 115 (045A03)", "panel": "AV. Suba - CL 115", "audio": "Avenida Suba Calle 115", "zonas_nuevas": "D", "globalid": "{EE770CDC-FA25-4690-8EAF-A5E1C9A103E5}" }, "geometry": { "type": "Point", "coordinates": [ -74.069939022158081, 4.698775853552392 ] } },
{ "type": "Feature", "properties": { "objectid": 727, "cenefa": "046A02", "zona_sitp": "02", "nombre": "Br. Las Villas", "via": "Av. Suba", "direccion_bandera": "AV. Suba - CL 127D", "localidad": "Suba", "longitud": -74.07248222, "latitud": 4.71344424, "consecutivo_zona": "046", "tipo_m_s": "S", "consola": "AV. Suba - CL 127D (046A02)", "panel": "AV. Suba - CL 127D", "audio": "Avenida Suba Calle 127 D", "zonas_nuevas": "C", "globalid": "{8EFE5664-D2A3-4D2F-A6B9-CD74FBEE5D89}" }, "geometry": { "type": "Point", "coordinates": [ -74.072482217151702, 4.713444239876542 ] } },
{ "type": "Feature", "properties": { "objectid": 728, "cenefa": "046A03", "zona_sitp": "03", "nombre": "Br. Andes Norte", "via": "Av. Suba", "direccion_bandera": "AV. Suba - CL 100", "localidad": "Suba", "longitud": -74.06583308, "latitud": 4.69038208, "consecutivo_zona": "046", "tipo_m_s": "S", "consola": "AV. Suba - CL 100 (046A03)", "panel": "AV. Suba - CL 100", "audio": "Avenida Suba Calle 100", "zonas_nuevas": "D", "globalid": "{E1CFC8FA-0D36-46B9-A8A4-6591E0D4B4B5}" }, "geometry": { "type": "Point", "coordinates": [ -74.065833076883109, 4.690382077442726 ] } },
{ "type": "Feature", "properties": { "objectid": 740, "cenefa": "047A02", "zona_sitp": "02", "nombre": "Urb. Lagos de Córdoba", "via": "Av. Suba", "direccion_bandera": "AV. Suba - CL 120", "localidad": "Suba", "longitud": -74.0707936, "latitud": 4.70569894, "consecutivo_zona": "047", "tipo_m_s": "S", "consola": "AV. Suba - CL 120 (047A02)", "panel": "AV. Suba - CL 120", "audio": "Avenida Suba Calle 120", "zonas_nuevas": "C", "globalid": "{F9278D6C-BCF3-4146-BF6D-501C11491520}" }, "geometry": { "type": "Point", "coordinates": [ -74.070793598807242, 4.70569894299142 ] } },
{ "type": "Feature", "properties": { "objectid": 741, "cenefa": "047A03", "zona_sitp": "03", "nombre": "Br. Andes Norte", "via": "Av. Suba", "direccion_bandera": "AV. Suba - CL 106", "localidad": "Suba", "longitud": -74.06727066000001, "latitud": 4.69311168, "consecutivo_zona": "047", "tipo_m_s": "S", "consola": "AV. Suba - CL 106 (047A03)", "panel": "AV. Suba - CL 106", "audio": "Avenida Suba Calle 106", "zonas_nuevas": "D", "globalid": "{DF68A9F1-6D30-4750-A023-65146857E66D}" }, "geometry": { "type": "Point", "coordinates": [ -74.067270662874691, 4.693111675340842 ] } },
{ "type": "Feature", "properties": { "objectid": 754, "cenefa": "048A02", "zona_sitp": "02", "nombre": "Avenida Pepe Sierra", "via": "Av. Suba", "direccion_bandera": "AV. Suba - CL 115", "localidad": "Suba", "longitud": -74.0696398, "latitud": 4.69919027, "consecutivo_zona": "048", "tipo_m_s": "S", "consola": "AV. Suba - CL 115 (048A02)", "panel": "AV. Suba - CL 115", "audio": "Avenida Suba Calle 115", "zonas_nuevas": "C", "globalid": "{A5793DDF-74CE-446B-AD34-7852EC1A5621}" }, "geometry": { "type": "Point", "coordinates": [ -74.069639800368307, 4.699190264994068 ] } },
{ "type": "Feature", "properties": { "objectid": 755, "cenefa": "048A03", "zona_sitp": "03", "nombre": "Humedal Juan Amarillo", "via": "AV. C. de Cali", "direccion_bandera": "AV. C. de Cali - Kr93", "localidad": "Suba", "longitud": -74.09410442, "latitud": 4.71928959, "consecutivo_zona": "048", "tipo_m_s": "S", "consola": "AV. C. de Cali - Kr93 (048A03)", "panel": "AV. C. de Cali - Kr93", "audio": "Avenida Ciudad de Cali Carrera 93", "zonas_nuevas": "C", "globalid": "{096EF2E8-CD1E-496D-86B5-91B49F660D8C}" }, "geometry": { "type": "Point", "coordinates": [ -74.094104423616272, 4.719289587564158 ] } },
{ "type": "Feature", "properties": { "objectid": 769, "cenefa": "049A02", "zona_sitp": "02", "nombre": "Estación Suba - Calle 100", "via": "Av. Suba", "direccion_bandera": "AV. Suba - CL 100", "localidad": "Suba", "longitud": -74.065311079999987, "latitud": 4.69005662, "consecutivo_zona": "049", "tipo_m_s": "S", "consola": "AV. Suba - CL 100 (049A02)", "panel": "AV. Suba - CL 100", "audio": "Avenida Suba Calle 100", "zonas_nuevas": "C", "globalid": "{55F835C7-45CA-4875-B353-B87EF23A7D50}" }, "geometry": { "type": "Point", "coordinates": [ -74.065311079580113, 4.690056622274855 ] } },
{ "type": "Feature", "properties": { "objectid": 770, "cenefa": "049A03", "zona_sitp": "03", "nombre": "Br. Rincón de Suba", "via": "AV. C. de Cali", "direccion_bandera": "AV. C. de Cali - KR 93", "localidad": "Suba", "longitud": -74.095314089999988, "latitud": 4.72029344, "consecutivo_zona": "049", "tipo_m_s": "S", "consola": "AV. C. de Cali - KR 93 (049A03)", "panel": "AV. C. de Cali - KR 93", "audio": "Avenida Ciudad de Cali Carrera 93", "zonas_nuevas": "C", "globalid": "{E34E510E-93D0-4D38-A684-6D802844DA87}" }, "geometry": { "type": "Point", "coordinates": [ -74.095314093388623, 4.720293440693818 ] } },
{ "type": "Feature", "properties": { "objectid": 786, "cenefa": "050A02", "zona_sitp": "02", "nombre": "C.C. Puente Largo", "via": "Av. Suba", "direccion_bandera": "AV. Suba - CL 106", "localidad": "Suba", "longitud": -74.06712455, "latitud": 4.69357801, "consecutivo_zona": "050", "tipo_m_s": "S", "consola": "AV. Suba - CL 106 (050A02)", "panel": "AV. Suba - CL 106", "audio": "Avenida Suba Calle 106", "zonas_nuevas": "C", "globalid": "{360852A8-8F14-4F01-B797-42ED98EF56D3}" }, "geometry": { "type": "Point", "coordinates": [ -74.067124547081107, 4.693578008882929 ] } },
{ "type": "Feature", "properties": { "objectid": 787, "cenefa": "050A03", "zona_sitp": "03", "nombre": "Br. Lech Walesa", "via": "AV. C. de Cali", "direccion_bandera": "AV. C. de Cali - CL 128B", "localidad": "Suba", "longitud": -74.10092906, "latitud": 4.72906898, "consecutivo_zona": "050", "tipo_m_s": "S", "consola": "AV. C. de Cali - CL 128B (050A03)", "panel": "AV. C. de Cali - CL 128B", "audio": "Avenida Ciudad de Cali Calle 128 Be", "zonas_nuevas": "C", "globalid": "{590D78D6-18B2-41C1-B2BA-CC852CB08921}" }, "geometry": { "type": "Point", "coordinates": [ -74.100929065293215, 4.729068976943612 ] } },
{ "type": "Feature", "properties": { "objectid": 800, "cenefa": "051A02", "zona_sitp": "02", "nombre": "Br. Gilmar", "via": "AV. Boyacá", "direccion_bandera": "AV. Boyacá - AC 153", "localidad": "Suba", "longitud": -74.065297, "latitud": 4.743825, "consecutivo_zona": "051", "tipo_m_s": "S", "consola": "AV. Boyacá - AC 153 (051A02)", "panel": "AV. Boyacá - AC 153", "audio": "Avenida Boyacá Avenida Calle 153", "zonas_nuevas": "C", "globalid": "{F87FD5E7-FE55-4BB4-922D-4C572F8036CA}" }, "geometry": { "type": "Point", "coordinates": [ -74.065297000134166, 4.743824999689129 ] } },
{ "type": "Feature", "properties": { "objectid": 801, "cenefa": "051A03", "zona_sitp": "03", "nombre": "Lech Walesa", "via": "AV. C. de Cali", "direccion_bandera": "AV. C. de Cali - CL 128C", "localidad": "Suba", "longitud": -74.10117546000001, "latitud": 4.72910373, "consecutivo_zona": "051", "tipo_m_s": "S", "consola": "AV. C. de Cali - CL 128C (051A03)", "panel": "AV. C. de Cali - CL 128C", "audio": "Avenida Ciudad de Cali Calle 128 C", "zonas_nuevas": "C", "globalid": "{DA3D0D98-247A-4E08-B720-E824F2B7DF28}" }, "geometry": { "type": "Point", "coordinates": [ -74.101175455030642, 4.729103731060349 ] } },
{ "type": "Feature", "properties": { "objectid": 812, "cenefa": "052A02", "zona_sitp": "02", "nombre": "Br. Gilmar", "via": "AV. Boyacá", "direccion_bandera": "AV. Boyacá - AC 153", "localidad": "Suba", "longitud": -74.06497882, "latitud": 4.74296485, "consecutivo_zona": "052", "tipo_m_s": "S", "consola": "AV. Boyacá - AC 153 (052A02)", "panel": "AV. Boyacá - AC 153", "audio": "Avenida Boyacá Avenida Calle 153", "zonas_nuevas": "C", "globalid": "{DDAF7810-8505-4D0D-84BB-6F2E2F90A3A1}" }, "geometry": { "type": "Point", "coordinates": [ -74.064978817716138, 4.742964850291222 ] } },
{ "type": "Feature", "properties": { "objectid": 813, "cenefa": "052A03", "zona_sitp": "03", "nombre": "Colegio Agustiniano Norte", "via": "Cl 116", "direccion_bandera": "AC 116 - TV 60", "localidad": "Suba", "longitud": -74.0713921, "latitud": 4.69955911, "consecutivo_zona": "052", "tipo_m_s": "S", "consola": "AC 116 - TV 60 (052A03)", "panel": "AC 116 - TV 60", "audio": "Avenida Calle 116 Transversal 60", "zonas_nuevas": "D", "globalid": "{A37C21CB-3027-4FE6-8AFD-A64008C130F4}" }, "geometry": { "type": "Point", "coordinates": [ -74.071392098866184, 4.699559112034031 ] } },
{ "type": "Feature", "properties": { "objectid": 829, "cenefa": "053A02", "zona_sitp": "02", "nombre": "Colegio Agustiniano Norte", "via": "Cl 116", "direccion_bandera": "AC 116 - AV. Suba", "localidad": "Suba", "longitud": -74.06923613, "latitud": 4.70050592, "consecutivo_zona": "053", "tipo_m_s": "S", "consola": "AC 116 - AV. Suba (053A02)", "panel": "AC 116 - AV. Suba", "audio": "Avenida Calle 116 Avenida Suba", "zonas_nuevas": "C", "globalid": "{97C36B1A-D66A-4B99-9447-BBB3D580C606}" }, "geometry": { "type": "Point", "coordinates": [ -74.069236132828522, 4.700505918864499 ] } },
{ "type": "Feature", "properties": { "objectid": 830, "cenefa": "053A03", "zona_sitp": "03", "nombre": "Br. San Nicolás", "via": "Cl 116", "direccion_bandera": "AC 116 - KR 70C", "localidad": "Suba", "longitud": -74.07365333, "latitud": 4.69917392, "consecutivo_zona": "053", "tipo_m_s": "S", "consola": "AC 116 - KR 70C (053A03)", "panel": "AC 116 - KR 70C", "audio": "Avenida Calle 116 Carrera 70 C", "zonas_nuevas": "D", "globalid": "{183F359D-57CF-4D54-8957-CC2FD7EE3AE9}" }, "geometry": { "type": "Point", "coordinates": [ -74.073653327059375, 4.699173918097581 ] } },
{ "type": "Feature", "properties": { "objectid": 842, "cenefa": "054A02", "zona_sitp": "02", "nombre": "Br. Pasadena", "via": "KR 53", "direccion_bandera": "KR 53 - CL 102", "localidad": "Suba", "longitud": -74.06281879, "latitud": 4.68964651, "consecutivo_zona": "054", "tipo_m_s": "S", "consola": "KR 53 - CL 102 (054A02)", "panel": "KR 53 - CL 102", "audio": "Carrera 53 Calle 102", "zonas_nuevas": "C", "globalid": "{D2E15371-6927-47E4-9BB3-7D3384CE9F54}" }, "geometry": { "type": "Point", "coordinates": [ -74.062818794230949, 4.689646510079666 ] } },
{ "type": "Feature", "properties": { "objectid": 843, "cenefa": "054A03", "zona_sitp": "03", "nombre": "Fundación Clínica Shaio", "via": "Cl 116", "direccion_bandera": "AC 116 - KR 70D", "localidad": "Suba", "longitud": -74.07441839, "latitud": 4.69877551, "consecutivo_zona": "054", "tipo_m_s": "S", "consola": "AC 116 - KR 70D (054A03)", "panel": "AC 116 - KR 70D", "audio": "Avenida Calle 116 Carrera 70 D", "zonas_nuevas": "D", "globalid": "{C8CB7578-4363-49F2-9D69-0637AA05A0A0}" }, "geometry": { "type": "Point", "coordinates": [ -74.074418386860771, 4.69877550708115 ] } },
{ "type": "Feature", "properties": { "objectid": 857, "cenefa": "055A02", "zona_sitp": "02", "nombre": "Clínica General de la 100", "via": "KR  53", "direccion_bandera": "KR 53 - AC 100", "localidad": "Suba", "longitud": -74.06266617, "latitud": 4.68912255, "consecutivo_zona": "055", "tipo_m_s": "S", "consola": "KR 53 - AC 100 (055A02)", "panel": "KR 53 - AC 100", "audio": "Carrera 53 Avenida Calle 100", "zonas_nuevas": "C", "globalid": "{6F0A19D9-73AD-45D5-B025-28DA7E646487}" }, "geometry": { "type": "Point", "coordinates": [ -74.062666167101725, 4.689122552171458 ] } },
{ "type": "Feature", "properties": { "objectid": 858, "cenefa": "055A03", "zona_sitp": "03", "nombre": "Br. Potosí", "via": "Cl 116", "direccion_bandera": "AC 116 - KR 70H", "localidad": "Suba", "longitud": -74.07579297, "latitud": 4.6988033, "consecutivo_zona": "055", "tipo_m_s": "S", "consola": "AC 116 - KR 70H (055A03)", "panel": "AC 116 - KR 70H", "audio": "Avenida Calle 116 Carrera 70 H", "zonas_nuevas": "D", "globalid": "{18925444-9EEE-45C0-BC94-386E66A60AC1}" }, "geometry": { "type": "Point", "coordinates": [ -74.07579297309853, 4.698803299410603 ] } },
{ "type": "Feature", "properties": { "objectid": 872, "cenefa": "056A02", "zona_sitp": "02", "nombre": "Br. Puente Largo", "via": "KR 53", "direccion_bandera": "KR 53 - CL 103B", "localidad": "Suba", "longitud": -74.0628039, "latitud": 4.69229351, "consecutivo_zona": "056", "tipo_m_s": "S", "consola": "KR 53 - CL 103B (056A02)", "panel": "KR 53 - CL 103B", "audio": "Carrera 53 Calle 103 Be", "zonas_nuevas": "C", "globalid": "{A4FA1E56-7D20-4FED-A6BC-D94202FEB3F4}" }, "geometry": { "type": "Point", "coordinates": [ -74.062803898748427, 4.692293506367326 ] } },
{ "type": "Feature", "properties": { "objectid": 873, "cenefa": "056A03", "zona_sitp": "03", "nombre": "Br. Potosí", "via": "Cl 116", "direccion_bandera": "AC 116 - KR 71-49", "localidad": "Suba", "longitud": -74.07760268, "latitud": 4.69935583, "consecutivo_zona": "056", "tipo_m_s": "S", "consola": "AC 116 - KR 71-49 (056A03)", "panel": "AC 116 - KR 71-49", "audio": "Avenida Calle 116 Carrera 71", "zonas_nuevas": "D", "globalid": "{EB55E449-2476-4620-B0A9-5370D65BB81C}" }, "geometry": { "type": "Point", "coordinates": [ -74.077602682886805, 4.699355824982623 ] } },
{ "type": "Feature", "properties": { "objectid": 887, "cenefa": "057A02", "zona_sitp": "02", "nombre": "Parroquia Santo Domingo Savio", "via": "KR  53", "direccion_bandera": "KR 53 - CL 104", "localidad": "Suba", "longitud": -74.06259091, "latitud": 4.69324303, "consecutivo_zona": "057", "tipo_m_s": "S", "consola": "KR 53 - CL 104 (057A02)", "panel": "KR 53 - CL 104", "audio": "Carrera 53 Calle 104", "zonas_nuevas": "C", "globalid": "{57D4310B-3FB0-4675-B193-19BAF176EEC3}" }, "geometry": { "type": "Point", "coordinates": [ -74.062590908439333, 4.693243025040689 ] } },
{ "type": "Feature", "properties": { "objectid": 888, "cenefa": "057A03", "zona_sitp": "03", "nombre": "Altos de Chozica", "via": "AK 91", "direccion_bandera": "AK 91 - CL 131D", "localidad": "Suba", "longitud": -74.086716, "latitud": 4.731358, "consecutivo_zona": "057", "tipo_m_s": "S", "consola": "AK 91 - CL 131D (057A03)", "panel": "AK 91 - CL 131D", "audio": "Avenida Carrera 91 Calle 131 D", "zonas_nuevas": "C", "globalid": "{6C14D4BB-DBF3-4C99-B26D-5B8EE2A09202}" }, "geometry": { "type": "Point", "coordinates": [ -74.086716000129542, 4.731357999659878 ] } },
{ "type": "Feature", "properties": { "objectid": 899, "cenefa": "058A02", "zona_sitp": "02", "nombre": "Br. Puente Largo", "via": "KR 53", "direccion_bandera": "KR 53 - CL 107", "localidad": "Suba", "longitud": -74.06276886000001, "latitud": 4.69654185, "consecutivo_zona": "058", "tipo_m_s": "S", "consola": "KR 53 - CL 107 (058A02)", "panel": "KR 53 - CL 107", "audio": "Carrera 53 Calle 107", "zonas_nuevas": "C", "globalid": "{3ED969C8-DC4D-43AD-AB84-D0A5BAE46922}" }, "geometry": { "type": "Point", "coordinates": [ -74.06276886197675, 4.696541852579335 ] } },
{ "type": "Feature", "properties": { "objectid": 900, "cenefa": "058A03", "zona_sitp": "03", "nombre": "IED Villa Elisa", "via": "AK 91", "direccion_bandera": "AK 91 - CL 130D", "localidad": "Suba", "longitud": -74.08832925, "latitud": 4.72851191, "consecutivo_zona": "058", "tipo_m_s": "M", "consola": "AK 91 - CL 130D (058A03)", "panel": "AK 91 - CL 130D", "audio": "Avenida Carrera 91 Calle 130 D", "zonas_nuevas": "C", "globalid": "{DE0189E8-A3DF-408B-BFA3-783B32CA5F59}" }, "geometry": { "type": "Point", "coordinates": [ -74.088329252026938, 4.728511912864888 ] } },
{ "type": "Feature", "properties": { "objectid": 910, "cenefa": "058B03", "zona_sitp": "03", "nombre": "Urb. La Palma I", "via": "KR 91", "direccion_bandera": "KR 91 - CL 131", "localidad": "Suba", "longitud": -74.088141, "latitud": 4.728869, "consecutivo_zona": "058", "tipo_m_s": "M", "consola": "KR 91 - CL 131 (058B03)", "panel": "KR 91 - CL 131", "audio": "Carrera 91 Calle 131", "zonas_nuevas": "C", "globalid": "{4396235E-2EE9-49D3-BBDA-809097422AB3}" }, "geometry": { "type": "Point", "coordinates": [ -74.088140999773941, 4.728868999779603 ] } },
{ "type": "Feature", "properties": { "objectid": 914, "cenefa": "059A02", "zona_sitp": "02", "nombre": "Br. Pasadena", "via": "KR 53", "direccion_bandera": "KR 53 - CL 107", "localidad": "Suba", "longitud": -74.06260887000001, "latitud": 4.69538731, "consecutivo_zona": "059", "tipo_m_s": "S", "consola": "KR 53 - CL 107 (059A02)", "panel": "KR 53 - CL 107", "audio": "Carrera 53 Calle 107", "zonas_nuevas": "C", "globalid": "{CDD38C6F-ED16-460D-BA0D-E7E48B3376DF}" }, "geometry": { "type": "Point", "coordinates": [ -74.062608871274662, 4.695387310276149 ] } },
{ "type": "Feature", "properties": { "objectid": 915, "cenefa": "059A03", "zona_sitp": "03", "nombre": "Villa Alcázar", "via": "AK 91", "direccion_bandera": "AK 91 - CL 129C", "localidad": "Suba", "longitud": -74.08906791, "latitud": 4.72462808, "consecutivo_zona": "059", "tipo_m_s": "M", "consola": "AK 91 - CL 129C (059A03)", "panel": "AK 91 - CL 129C", "audio": "Avenida Carrera 91 Calle 129 C", "zonas_nuevas": "C", "globalid": "{2ACD88B5-7437-4F03-BE74-9E5A36A1542F}" }, "geometry": { "type": "Point", "coordinates": [ -74.08906791383481, 4.72462807979933 ] } },
{ "type": "Feature", "properties": { "objectid": 924, "cenefa": "059B03", "zona_sitp": "03", "nombre": "Urb. La Manuelita", "via": "KR 91", "direccion_bandera": "KR 91 - CL 129", "localidad": "Suba", "longitud": -74.08928367, "latitud": 4.72389122, "consecutivo_zona": "059", "tipo_m_s": "M", "consola": "KR 91 - CL 129 (059B03)", "panel": "KR 91 - CL 129", "audio": "Carrera 91 Calle 129", "zonas_nuevas": "C", "globalid": "{6C7CADD6-3CAC-4FDE-BACD-A08127593DFA}" }, "geometry": { "type": "Point", "coordinates": [ -74.089283666585089, 4.72389121990085 ] } },
{ "type": "Feature", "properties": { "objectid": 927, "cenefa": "060A02", "zona_sitp": "02", "nombre": "Br. Mónaco", "via": "KR 53", "direccion_bandera": "KR 53 - CL 114", "localidad": "Suba", "longitud": -74.06256371000001, "latitud": 4.69926633, "consecutivo_zona": "060", "tipo_m_s": "S", "consola": "KR 53 - CL 114 (060A02)", "panel": "KR 53 - CL 114", "audio": "Carrera 53 Calle 114", "zonas_nuevas": "C", "globalid": "{9BAEA942-ACB4-48BD-9045-C832F1819284}" }, "geometry": { "type": "Point", "coordinates": [ -74.062563704670438, 4.699266325441971 ] } },
{ "type": "Feature", "properties": { "objectid": 928, "cenefa": "060A03", "zona_sitp": "03", "nombre": "Br. El Jordán", "via": "KR  91", "direccion_bandera": "AK 91 - CL 128A", "localidad": "Suba", "longitud": -74.08997753, "latitud": 4.72071078, "consecutivo_zona": "060", "tipo_m_s": "S", "consola": "AK 91 - CL 128A (060A03)", "panel": "AK 91 - CL 128A", "audio": "Avenida Carrera 91 Calle 128 A", "zonas_nuevas": "C", "globalid": "{6926FCCB-FF85-463A-A37A-8743F417F3A3}" }, "geometry": { "type": "Point", "coordinates": [ -74.08997753092838, 4.720710782183493 ] } },
{ "type": "Feature", "properties": { "objectid": 943, "cenefa": "061A02", "zona_sitp": "02", "nombre": "Br. Mónaco", "via": "KR 53", "direccion_bandera": "KR 53 - CL 115", "localidad": "Suba", "longitud": -74.06229866000001, "latitud": 4.69969474, "consecutivo_zona": "061", "tipo_m_s": "S", "consola": "KR 53 - CL 115 (061A02)", "panel": "KR 53 - CL 115", "audio": "Carrera 53 Calle 115", "zonas_nuevas": "C", "globalid": "{71D8F9AE-FA80-411C-A272-7ADC15429287}" }, "geometry": { "type": "Point", "coordinates": [ -74.062298656280646, 4.699694741281466 ] } },
{ "type": "Feature", "properties": { "objectid": 955, "cenefa": "061B03", "zona_sitp": "03", "nombre": "Urb. Altamar", "via": "KR 91", "direccion_bandera": "KR 91 - CL 127B", "localidad": "Suba", "longitud": -74.09113804, "latitud": 4.71834317, "consecutivo_zona": "061", "tipo_m_s": "M", "consola": "KR 91 - CL 127B (061B03)", "panel": "KR 91 - CL 127B", "audio": "Carrera 91 Calle 127 Be", "zonas_nuevas": "C", "globalid": "{48C3ECD8-A50B-4129-BFA6-A0DE487D8A91}" }, "geometry": { "type": "Point", "coordinates": [ -74.091138038340262, 4.718343173564015 ] } },
{ "type": "Feature", "properties": { "objectid": 961, "cenefa": "062A02", "zona_sitp": "02", "nombre": "Br. Prado Veraniego", "via": "Cl 129", "direccion_bandera": "CL 129 - KR 49A", "localidad": "Suba", "longitud": -74.05657855, "latitud": 4.71602011, "consecutivo_zona": "062", "tipo_m_s": "S", "consola": "CL 129 - KR 49A (062A02)", "panel": "CL 129 - KR 49A", "audio": "Calle 129 Carrera 49 A", "zonas_nuevas": "C", "globalid": "{0231ACC6-9829-42E2-AB60-6D6801A73BAB}" }, "geometry": { "type": "Point", "coordinates": [ -74.056578550800097, 4.71602010768382 ] } },
{ "type": "Feature", "properties": { "objectid": 962, "cenefa": "062A03", "zona_sitp": "03", "nombre": "El Rincón", "via": "KR 93", "direccion_bandera": "KR 93 - CL 129A", "localidad": "Suba", "longitud": -74.09099485, "latitud": 4.72511318, "consecutivo_zona": "062", "tipo_m_s": "M", "consola": "KR 93 - CL 129A (062A03)", "panel": "KR 93 - CL 129A", "audio": "Carrera 93 Calle 129 A", "zonas_nuevas": "C", "globalid": "{A1388FE1-BB93-41EB-94DD-6C7638999C1C}" }, "geometry": { "type": "Point", "coordinates": [ -74.090994848211622, 4.725113176306438 ] } },
{ "type": "Feature", "properties": { "objectid": 973, "cenefa": "062B03", "zona_sitp": "03", "nombre": "Br. Rincón de Suba", "via": "KR 93", "direccion_bandera": "KR 93 - CL 129", "localidad": "Suba", "longitud": -74.091306440000011, "latitud": 4.72446597, "consecutivo_zona": "062", "tipo_m_s": "M", "consola": "KR 93 - CL 129 (062B03)", "panel": "KR 93 - CL 129", "audio": "Carrera 93 Calle 129", "zonas_nuevas": "C", "globalid": "{811313CB-7548-4DBF-BC3A-0F8AFC279830}" }, "geometry": { "type": "Point", "coordinates": [ -74.09130644126509, 4.72446596519436 ] } },
{ "type": "Feature", "properties": { "objectid": 980, "cenefa": "063A02", "zona_sitp": "02", "nombre": "Br. Prado Veraniego", "via": "Cl 129", "direccion_bandera": "CL 129 - KR 50A", "localidad": "Suba", "longitud": -74.05742842000001, "latitud": 4.71596718, "consecutivo_zona": "063", "tipo_m_s": "S", "consola": "CL 129 - KR 50A (063A02)", "panel": "CL 129 - KR 50A", "audio": "Calle 129 Carrera 50 A", "zonas_nuevas": "C", "globalid": "{2B6C820A-CCBA-4C4B-9DAE-72A33CA09B3B}" }, "geometry": { "type": "Point", "coordinates": [ -74.057428423791137, 4.715967178301818 ] } },
{ "type": "Feature", "properties": { "objectid": 981, "cenefa": "063A03", "zona_sitp": "03", "nombre": "IED Villa Elisa", "via": "KR  93", "direccion_bandera": "KR 93 - CL 128", "localidad": "Suba", "longitud": -74.09296666, "latitud": 4.72190634, "consecutivo_zona": "063", "tipo_m_s": "S", "consola": "KR 93 - CL 128 (063A03)", "panel": "KR 93 - CL 128", "audio": "Carrera 93 Calle 128", "zonas_nuevas": "C", "globalid": "{160E70A4-7669-47BB-843F-D0248CFC9B4F}" }, "geometry": { "type": "Point", "coordinates": [ -74.092966659663816, 4.721906334662987 ] } },
{ "type": "Feature", "properties": { "objectid": 994, "cenefa": "064A02", "zona_sitp": "02", "nombre": "Br. Prado Veraniego", "via": "Cl 129", "direccion_bandera": "CL 129 - KR 53A", "localidad": "Suba", "longitud": -74.0603597, "latitud": 4.7163963, "consecutivo_zona": "064", "tipo_m_s": "S", "consola": "CL 129 - KR 53A (064A02)", "panel": "CL 129 - KR 53A", "audio": "Calle 129 Carrera 53 A", "zonas_nuevas": "C", "globalid": "{75ED87ED-DC59-4BC0-A389-D11F931B899D}" }, "geometry": { "type": "Point", "coordinates": [ -74.060359703551924, 4.716396303997306 ] } },
{ "type": "Feature", "properties": { "objectid": 995, "cenefa": "064A03", "zona_sitp": "03", "nombre": "Br. San Andrés Afidro", "via": "CL 143A", "direccion_bandera": "CL 143A - KR 127C", "localidad": "Suba", "longitud": -74.10755456, "latitud": 4.74961852, "consecutivo_zona": "064", "tipo_m_s": "S", "consola": "CL 143A - KR 127C (064A03)", "panel": "CL 143A - KR 127C", "audio": "Calle 143 A Carrera 127 C", "zonas_nuevas": "C", "globalid": "{AAD41C89-E040-4E97-A5AC-27DE2F4F8A91}" }, "geometry": { "type": "Point", "coordinates": [ -74.107554560896702, 4.749618521824926 ] } },
{ "type": "Feature", "properties": { "objectid": 1008, "cenefa": "065A02", "zona_sitp": "02", "nombre": "Kr 53A", "via": "Cl 129", "direccion_bandera": "CL 129 - KR 53A", "localidad": "Suba", "longitud": -74.06029172, "latitud": 4.71624096, "consecutivo_zona": "065", "tipo_m_s": "S", "consola": "CL 129 - KR 53A (065A02)", "panel": "CL 129 - KR 53A", "audio": "Calle 129 Carrera 53 A", "zonas_nuevas": "C", "globalid": "{7E077593-CE1D-420C-AAE2-936CB09564CF}" }, "geometry": { "type": "Point", "coordinates": [ -74.060291722380967, 4.716240955758384 ] } },
{ "type": "Feature", "properties": { "objectid": 1009, "cenefa": "065A03", "zona_sitp": "03", "nombre": "San Andrés Afidro", "via": "KR 128", "direccion_bandera": "KR 128 - CL 143", "localidad": "Suba", "longitud": -74.10936795000001, "latitud": 4.74974582, "consecutivo_zona": "065", "tipo_m_s": "S", "consola": "KR 128 - CL 143 (065A03)", "panel": "KR 128 - CL 143", "audio": "Carrera 128 Calle 143", "zonas_nuevas": "C", "globalid": "{9BC29594-0C75-4767-B931-B1C640890E30}" }, "geometry": { "type": "Point", "coordinates": [ -74.109367951316557, 4.749745822948046 ] } },
{ "type": "Feature", "properties": { "objectid": 1024, "cenefa": "066A02", "zona_sitp": "02", "nombre": "Urb. Iberia Sector III", "via": "Cl 129", "direccion_bandera": "CL 129 - KR 57B", "localidad": "Suba", "longitud": -74.066012, "latitud": 4.716996, "consecutivo_zona": "066", "tipo_m_s": "S", "consola": "CL 129 - KR 57B (066A02)", "panel": "CL 129 - KR 57B", "audio": "Calle 129 Carrera 57 Be", "zonas_nuevas": "C", "globalid": "{F99AFC05-41A5-4B55-8E9A-617DCAB43144}" }, "geometry": { "type": "Point", "coordinates": [ -74.066012000043216, 4.716996000304811 ] } },
{ "type": "Feature", "properties": { "objectid": 1025, "cenefa": "066A03", "zona_sitp": "03", "nombre": "Parques del Campo", "via": "CL 143A", "direccion_bandera": "CL 143A - KR 128", "localidad": "Suba", "longitud": -74.10927727000001, "latitud": 4.75063597, "consecutivo_zona": "066", "tipo_m_s": "S", "consola": "CL 143A - KR 128 (066A03)", "panel": "CL 143A - KR 128", "audio": "Calle 143 A Carrera 128", "zonas_nuevas": "C", "globalid": "{31891D50-6184-479C-9122-1C7A46A4D613}" }, "geometry": { "type": "Point", "coordinates": [ -74.109277267152052, 4.750635964606233 ] } },
{ "type": "Feature", "properties": { "objectid": 1040, "cenefa": "067A02", "zona_sitp": "02", "nombre": "Br. Las Villas Sector II", "via": "Cl 129", "direccion_bandera": "CL 129 - AV. Villas", "localidad": "Suba", "longitud": -74.06960888, "latitud": 4.71829027, "consecutivo_zona": "067", "tipo_m_s": "S", "consola": "CL 129 - AV. Villas (067A02)", "panel": "CL 129 - AV. Villas", "audio": "Calle 129 Avenida Villas", "zonas_nuevas": "C", "globalid": "{647619B8-4730-4672-A163-54CFEC101EA2}" }, "geometry": { "type": "Point", "coordinates": [ -74.06960887858483, 4.718290264548841 ] } },
{ "type": "Feature", "properties": { "objectid": 1041, "cenefa": "067A03", "zona_sitp": "03", "nombre": "Conjunto Residencial El Bosque de Suba", "via": "CL 139", "direccion_bandera": "CL 139 - KR 95B", "localidad": "Suba", "longitud": -74.08989123, "latitud": 4.73862249, "consecutivo_zona": "067", "tipo_m_s": "S", "consola": "CL 139 - KR 95B (067A03)", "panel": "CL 139 - KR 95B", "audio": "Calle 139 Carrera 95 Be", "zonas_nuevas": "C", "globalid": "{B2A1223E-2E4E-4FB0-8732-EC36E8ECD9DC}" }, "geometry": { "type": "Point", "coordinates": [ -74.089891231811194, 4.738622489841842 ] } },
{ "type": "Feature", "properties": { "objectid": 1056, "cenefa": "068A03", "zona_sitp": "03", "nombre": "Br. La Chucua - La Trinitaria", "via": "CL 139", "direccion_bandera": "CL 139 - KR 99", "localidad": "Suba", "longitud": -74.09258397000001, "latitud": 4.73947081, "consecutivo_zona": "068", "tipo_m_s": "S", "consola": "CL 139 - KR 99 (068A03)", "panel": "CL 139 - KR 99", "audio": "Calle 139 Carrera 99", "zonas_nuevas": "C", "globalid": "{F03EA726-CC33-4A19-9F1C-D8BD535F7E48}" }, "geometry": { "type": "Point", "coordinates": [ -74.092583971304649, 4.73947081240787 ] } },
{ "type": "Feature", "properties": { "objectid": 1071, "cenefa": "069A02", "zona_sitp": "02", "nombre": "Br. Las Villas Sector II", "via": "Cl 129", "direccion_bandera": "CL 129 - KR 59B Bis", "localidad": "Suba", "longitud": -74.072675319999988, "latitud": 4.7194683, "consecutivo_zona": "069", "tipo_m_s": "S", "consola": "CL 129 - KR 59B Bis (069A02)", "panel": "CL 129 - KR 59B Bis", "audio": "Calle 129 Carrera 59 Be Bis", "zonas_nuevas": "C", "globalid": "{1037C973-B542-4260-98C1-36F481EAB5AD}" }, "geometry": { "type": "Point", "coordinates": [ -74.072675318035522, 4.719468296733922 ] } },
{ "type": "Feature", "properties": { "objectid": 1072, "cenefa": "069A03", "zona_sitp": "03", "nombre": "Br. Tibabuyes II Sector 2", "via": "CL 139", "direccion_bandera": "CL 139 - AV. C. de Cali", "localidad": "Suba", "longitud": -74.097983, "latitud": 4.741429, "consecutivo_zona": "069", "tipo_m_s": "S", "consola": "CL 139 - AV. C. de Cali (069A03)", "panel": "CL 139 - AV. C. de Cali", "audio": "Calle 139 Avenida Ciudad de Cali", "zonas_nuevas": "C", "globalid": "{0AC0DC66-07D2-4CCA-9E1A-5DD06AD45869}" }, "geometry": { "type": "Point", "coordinates": [ -74.097983000086813, 4.741429000062886 ] } },
{ "type": "Feature", "properties": { "objectid": 1087, "cenefa": "070A02", "zona_sitp": "02", "nombre": "Br. Granada Norte", "via": "CL 167", "direccion_bandera": "CL 167 - KR 45A", "localidad": "Suba", "longitud": -74.04795141, "latitud": 4.74812479, "consecutivo_zona": "070", "tipo_m_s": "S", "consola": "CL 167 - KR 45A (070A02)", "panel": "CL 167 - KR 45A", "audio": "Calle 167 Carrera 45 A", "zonas_nuevas": "B", "globalid": "{51C46821-E3A7-4749-BB7C-52C51A2CF0ED}" }, "geometry": { "type": "Point", "coordinates": [ -74.047951406373812, 4.748124792231288 ] } },
{ "type": "Feature", "properties": { "objectid": 1088, "cenefa": "070A03", "zona_sitp": "03", "nombre": "Br. Las Flores", "via": "CL 139", "direccion_bandera": "CL 139 - KR 110B", "localidad": "Suba", "longitud": -74.10233412, "latitud": 4.7430544, "consecutivo_zona": "070", "tipo_m_s": "S", "consola": "CL 139 - KR 110B (070A03)", "panel": "CL 139 - KR 110B", "audio": "Calle 139 Carrera 110 Be", "zonas_nuevas": "C", "globalid": "{4FF9473C-74E8-4AD2-9425-4BBED11A6509}" }, "geometry": { "type": "Point", "coordinates": [ -74.102334119658039, 4.74305439685627 ] } },
{ "type": "Feature", "properties": { "objectid": 1102, "cenefa": "071A02", "zona_sitp": "02", "nombre": "Br. Granada Norte", "via": "CL 167", "direccion_bandera": "CL 167 - KR 45A", "localidad": "Suba", "longitud": -74.04793529, "latitud": 4.74799606, "consecutivo_zona": "071", "tipo_m_s": "S", "consola": "CL 167 - KR 45A (071A02)", "panel": "CL 167 - KR 45A", "audio": "Calle 167 Carrera 45 A", "zonas_nuevas": "B", "globalid": "{90CAE424-7D01-4971-99CB-470A983E47CF}" }, "geometry": { "type": "Point", "coordinates": [ -74.047935292335396, 4.747996061611268 ] } },
{ "type": "Feature", "properties": { "objectid": 1103, "cenefa": "071A03", "zona_sitp": "03", "nombre": "Br. Tibabuyes II", "via": "CL 139", "direccion_bandera": "CL 139 - KR 111B Bis", "localidad": "Suba", "longitud": -74.10353508, "latitud": 4.74335594, "consecutivo_zona": "071", "tipo_m_s": "S", "consola": "CL 139 - KR 111B Bis (071A03)", "panel": "CL 139 - KR 111B Bis", "audio": "Calle 139 Carrera 111 Be Bis", "zonas_nuevas": "C", "globalid": "{BF65C337-16B7-41BD-A1DD-621FB7B17CA6}" }, "geometry": { "type": "Point", "coordinates": [ -74.103535079229502, 4.743355939125441 ] } },
{ "type": "Feature", "properties": { "objectid": 1118, "cenefa": "072A02", "zona_sitp": "02", "nombre": "Unidad Residencial Granada Norte", "via": "CL 167", "direccion_bandera": "CL 167 - KR 51", "localidad": "Suba", "longitud": -74.05271335, "latitud": 4.74904604, "consecutivo_zona": "072", "tipo_m_s": "S", "consola": "CL 167 - KR 51 (072A02)", "panel": "CL 167 - KR 51", "audio": "Calle 167 Carrera 51", "zonas_nuevas": "B", "globalid": "{D32D4B39-ECD5-49F1-B306-62E79226962F}" }, "geometry": { "type": "Point", "coordinates": [ -74.052713352852564, 4.749046043764146 ] } },
{ "type": "Feature", "properties": { "objectid": 1119, "cenefa": "072A03", "zona_sitp": "03", "nombre": "Br. Puerta del Sol", "via": "CL 139", "direccion_bandera": "CL 139 - KR 114", "localidad": "Suba", "longitud": -74.10463324, "latitud": 4.74391567, "consecutivo_zona": "072", "tipo_m_s": "S", "consola": "CL 139 - KR 114 (072A03)", "panel": "CL 139 - KR 114", "audio": "Calle 139 Carrera 114", "zonas_nuevas": "C", "globalid": "{587C8961-D59A-4F83-A6A4-59D8A6389E83}" }, "geometry": { "type": "Point", "coordinates": [ -74.104633240062029, 4.743915666685409 ] } },
{ "type": "Feature", "properties": { "objectid": 1134, "cenefa": "073A02", "zona_sitp": "02", "nombre": "Br. Britalia - El Tibon Albacete", "via": "CL 167", "direccion_bandera": "CL 167 - KR 51A", "localidad": "Suba", "longitud": -74.05186558, "latitud": 4.74876471, "consecutivo_zona": "073", "tipo_m_s": "S", "consola": "CL 167 - KR 51A (073A02)", "panel": "CL 167 - KR 51A", "audio": "Calle 167 Carrera 51 A", "zonas_nuevas": "B", "globalid": "{6ED9F8B0-BB78-4098-92D8-52F996BFC0A0}" }, "geometry": { "type": "Point", "coordinates": [ -74.051865582397255, 4.748764705426217 ] } },
{ "type": "Feature", "properties": { "objectid": 1135, "cenefa": "073A03", "zona_sitp": "03", "nombre": "Br. Villa María", "via": "CL 139", "direccion_bandera": "CL 139 - KR 114", "localidad": "Suba", "longitud": -74.10496619, "latitud": 4.74393921, "consecutivo_zona": "073", "tipo_m_s": "S", "consola": "CL 139 - KR 114 (073A03)", "panel": "CL 139 - KR 114", "audio": "Calle 139 Carrera 114", "zonas_nuevas": "C", "globalid": "{7E0E73E1-2999-4B17-B271-DBE9936903F4}" }, "geometry": { "type": "Point", "coordinates": [ -74.104966188248625, 4.743939211635214 ] } },
{ "type": "Feature", "properties": { "objectid": 1148, "cenefa": "074A02", "zona_sitp": "02", "nombre": "Br. Britalia", "via": "CL 167", "direccion_bandera": "CL 167 - KR 54D-22", "localidad": "Suba", "longitud": -74.05560497, "latitud": 4.74937024, "consecutivo_zona": "074", "tipo_m_s": "S", "consola": "CL 167 - KR 54D-22 (074A02)", "panel": "CL 167 - KR 54D-22", "audio": "Calle 167 Carrera 54 D", "zonas_nuevas": "C", "globalid": "{6B68E544-91A7-4736-AAA1-30D4AB28A8DC}" }, "geometry": { "type": "Point", "coordinates": [ -74.055604972960339, 4.749370238091188 ] } },
{ "type": "Feature", "properties": { "objectid": 1149, "cenefa": "074A03", "zona_sitp": "03", "nombre": "CAI La Gaitana", "via": "CL 139", "direccion_bandera": "CL 139 - TV 127", "localidad": "Suba", "longitud": -74.1073194, "latitud": 4.74504172, "consecutivo_zona": "074", "tipo_m_s": "S", "consola": "CL 139 - TV 127 (074A03)", "panel": "CL 139 - TV 127", "audio": "Calle 139 Transversal 127", "zonas_nuevas": "C", "globalid": "{C0AB7EEE-468E-4DE6-AD78-510E940522F4}" }, "geometry": { "type": "Point", "coordinates": [ -74.107319403656888, 4.745041717772089 ] } },
{ "type": "Feature", "properties": { "objectid": 1162, "cenefa": "075A02", "zona_sitp": "02", "nombre": "Br. Britalia", "via": "CL 167", "direccion_bandera": "CL 167 - KR 54D", "localidad": "Suba", "longitud": -74.05551254, "latitud": 4.74922844, "consecutivo_zona": "075", "tipo_m_s": "S", "consola": "CL 167 - KR 54D (075A02)", "panel": "CL 167 - KR 54D", "audio": "Calle 167 Carrera 54 D", "zonas_nuevas": "C", "globalid": "{886899FF-56D5-4A26-BE9C-646BF77DA1FA}" }, "geometry": { "type": "Point", "coordinates": [ -74.055512535441807, 4.749228440691705 ] } },
{ "type": "Feature", "properties": { "objectid": 1163, "cenefa": "075A03", "zona_sitp": "03", "nombre": "Br. Tibabuyes Universal", "via": "CL 139", "direccion_bandera": "CL 139 - TV 127", "localidad": "Suba", "longitud": -74.10875203000001, "latitud": 4.74544885, "consecutivo_zona": "075", "tipo_m_s": "S", "consola": "CL 139 - TV 127 (075A03)", "panel": "CL 139 - TV 127", "audio": "Calle 139 Transversal 127", "zonas_nuevas": "C", "globalid": "{A9C0EA25-6275-4B08-8BB2-04094B1680F0}" }, "geometry": { "type": "Point", "coordinates": [ -74.10875203019755, 4.745448845868461 ] } },
{ "type": "Feature", "properties": { "objectid": 1178, "cenefa": "076A02", "zona_sitp": "02", "nombre": "Colegio Alfonso Jaramillo", "via": "CL 167", "direccion_bandera": "CL 167 - KR 58A", "localidad": "Suba", "longitud": -74.05976832, "latitud": 4.74984317, "consecutivo_zona": "076", "tipo_m_s": "S", "consola": "CL 167 - KR 58A (076A02)", "panel": "CL 167 - KR 58A", "audio": "Calle 167 Carrera 58 A", "zonas_nuevas": "C", "globalid": "{80128DD6-0426-4893-A668-DE0663A206D6}" }, "geometry": { "type": "Point", "coordinates": [ -74.059768320872976, 4.74984317292637 ] } },
{ "type": "Feature", "properties": { "objectid": 1179, "cenefa": "076A03", "zona_sitp": "03", "nombre": "IED Tibabuyes  Universal", "via": "CL 139", "direccion_bandera": "CL 139 - KR 129B", "localidad": "Suba", "longitud": -74.111935190000011, "latitud": 4.74638645, "consecutivo_zona": "076", "tipo_m_s": "S", "consola": "CL 139 - KR 129B (076A03)", "panel": "CL 139 - KR 129B", "audio": "Calle 139 Carrera 129 Be", "zonas_nuevas": "C", "globalid": "{4C13EEA0-F08D-449F-A7E2-4848B3B4267E}" }, "geometry": { "type": "Point", "coordinates": [ -74.111935186892211, 4.746386450124694 ] } },
{ "type": "Feature", "properties": { "objectid": 1194, "cenefa": "077A02", "zona_sitp": "02", "nombre": "C.C. Bulevar Niza", "via": "AC 127", "direccion_bandera": "AC 127 - AV. Suba", "localidad": "Suba", "longitud": -74.07099536, "latitud": 4.71095758, "consecutivo_zona": "077", "tipo_m_s": "S", "consola": "AC 127 - AV. Suba (077A02)", "panel": "AC 127 - AV. Suba", "audio": "Avenida Calle 127 Avenida Suba", "zonas_nuevas": "C", "globalid": "{2CCAC0EE-450C-4899-AD1A-36B1BAB8F0E7}" }, "geometry": { "type": "Point", "coordinates": [ -74.070995363822846, 4.710957575356715 ] } },
{ "type": "Feature", "properties": { "objectid": 1207, "cenefa": "078A02", "zona_sitp": "02", "nombre": "C.C. Bulevar Niza", "via": "AC 127", "direccion_bandera": "AC 127 - AV. Villas", "localidad": "Suba", "longitud": -74.06893739, "latitud": 4.71131639, "consecutivo_zona": "078", "tipo_m_s": "S", "consola": "AC 127 - AV. Villas (078A02)", "panel": "AC 127 - AV. Villas", "audio": "Avenida Calle 127 Avenida Villas", "zonas_nuevas": "C", "globalid": "{79D6CF5D-83A4-4B41-9D43-6C1F5090C0DF}" }, "geometry": { "type": "Point", "coordinates": [ -74.06893739381826, 4.711316386150529 ] } },
{ "type": "Feature", "properties": { "objectid": 1208, "cenefa": "078A03", "zona_sitp": "03", "nombre": "Parque El Poa", "via": "AV. C. de Cali", "direccion_bandera": "AV. C. de Cali - CL 142", "localidad": "Suba", "longitud": -74.097066, "latitud": 4.744599, "consecutivo_zona": "078", "tipo_m_s": "S", "consola": "AV. C. de Cali - CL 142 (078A03)", "panel": "AV. C. de Cali - CL 142", "audio": "Avenida Ciudad de Cali Calle 142", "zonas_nuevas": "C", "globalid": "{262330AA-8090-462C-B977-6113369A4741}" }, "geometry": { "type": "Point", "coordinates": [ -74.097065999816962, 4.744599000033484 ] } },
{ "type": "Feature", "properties": { "objectid": 1221, "cenefa": "079A02", "zona_sitp": "02", "nombre": "Br. Prado Veraniego", "via": "AC 134", "direccion_bandera": "AC 134 - KR 49A", "localidad": "Suba", "longitud": -74.05607386, "latitud": 4.71924795, "consecutivo_zona": "079", "tipo_m_s": "S", "consola": "AC 134 - KR 49A (079A02)", "panel": "AC 134 - KR 49A", "audio": "Avenida Calle 134 Carrera 49 A", "zonas_nuevas": "B", "globalid": "{15113AE6-5245-4009-A21F-A656A366C50B}" }, "geometry": { "type": "Point", "coordinates": [ -74.05607386273995, 4.719247952732566 ] } },
{ "type": "Feature", "properties": { "objectid": 1222, "cenefa": "079A03", "zona_sitp": "03", "nombre": "Br. San Cayetano", "via": "AV. C. de Cali", "direccion_bandera": "AV. C. de Cali - KR 98", "localidad": "Suba", "longitud": -74.09877692, "latitud": 4.72464368, "consecutivo_zona": "079", "tipo_m_s": "S", "consola": "AV. C. de Cali - KR 98 (079A03)", "panel": "AV. C. de Cali - KR 98", "audio": "Avenida Ciudad de Cali Carrera 98", "zonas_nuevas": "C", "globalid": "{F59B3407-C0FE-4B29-86CB-45E35E1A4207}" }, "geometry": { "type": "Point", "coordinates": [ -74.098776915567043, 4.724643680758112 ] } },
{ "type": "Feature", "properties": { "objectid": 1237, "cenefa": "080A02", "zona_sitp": "02", "nombre": "Urb. Iberia Sector III", "via": "Cl 129", "direccion_bandera": "CL 129 - KR 55", "localidad": "Suba", "longitud": -74.06397038, "latitud": 4.71676417, "consecutivo_zona": "080", "tipo_m_s": "S", "consola": "CL 129 - KR 55 (080A02)", "panel": "CL 129 - KR 55", "audio": "Calle 129 Carrera 55", "zonas_nuevas": "C", "globalid": "{9B58B1B2-3C2B-4691-A967-34412A0686AE}" }, "geometry": { "type": "Point", "coordinates": [ -74.06397037704356, 4.716764165843515 ] } },
{ "type": "Feature", "properties": { "objectid": 1238, "cenefa": "080A03", "zona_sitp": "03", "nombre": "Br. San Cayetano", "via": "AV. C. de Cali", "direccion_bandera": "AV. C. de Cali - KR 99A", "localidad": "Suba", "longitud": -74.09902258000001, "latitud": 4.72461179, "consecutivo_zona": "080", "tipo_m_s": "S", "consola": "AV. C. de Cali - KR 99A (080A03)", "panel": "AV. C. de Cali - KR 99A", "audio": "Avenida Ciudad de Cali Carrera 99 A", "zonas_nuevas": "C", "globalid": "{C2FEC46D-2B66-4F88-B982-4E4A48B16770}" }, "geometry": { "type": "Point", "coordinates": [ -74.0990225850028, 4.72461178818958 ] } },
{ "type": "Feature", "properties": { "objectid": 1252, "cenefa": "081A02", "zona_sitp": "02", "nombre": "Br. Prado Veraniego", "via": "Cl 129", "direccion_bandera": "CL 129 - KR 55", "localidad": "Suba", "longitud": -74.0640557, "latitud": 4.7166619, "consecutivo_zona": "081", "tipo_m_s": "S", "consola": "CL 129 - KR 55 (081A02)", "panel": "CL 129 - KR 55", "audio": "Calle 129 Carrera 55", "zonas_nuevas": "C", "globalid": "{CCB97224-D42D-43FC-8410-ADE07FCB6A93}" }, "geometry": { "type": "Point", "coordinates": [ -74.064055697857825, 4.716661899304211 ] } },
{ "type": "Feature", "properties": { "objectid": 1253, "cenefa": "081A03", "zona_sitp": "03", "nombre": "Br. San Cayetano", "via": "AV. C. de Cali", "direccion_bandera": "AV. C. de Cali - KR 93C", "localidad": "Suba", "longitud": -74.09767713, "latitud": 4.72233194, "consecutivo_zona": "081", "tipo_m_s": "M", "consola": "AV. C. de Cali - KR 93C (081A03)", "panel": "AV. C. de Cali - KR 93C", "audio": "Avenida Ciudad de Cali Carrera 93 C", "zonas_nuevas": "C", "globalid": "{99D193D7-1F07-4FD7-9FFD-357416BFB1C5}" }, "geometry": { "type": "Point", "coordinates": [ -74.097677127612698, 4.72233193563094 ] } },
{ "type": "Feature", "properties": { "objectid": 1264, "cenefa": "082A02", "zona_sitp": "02", "nombre": "Urb. La Colina Campestre II Sector", "via": "AV. Villas", "direccion_bandera": "AV. Villas - CL 137A", "localidad": "Suba", "longitud": -74.06463491, "latitud": 4.72736206, "consecutivo_zona": "082", "tipo_m_s": "S", "consola": "AV. Villas - CL 137A (082A02)", "panel": "AV. Villas - CL 137A", "audio": "Avenida Villas Calle 137 A", "zonas_nuevas": "C", "globalid": "{9C0A870A-DD26-47D1-AF6A-B58D18186E23}" }, "geometry": { "type": "Point", "coordinates": [ -74.064634912800273, 4.72736206131612 ] } },
{ "type": "Feature", "properties": { "objectid": 1265, "cenefa": "082A03", "zona_sitp": "03", "nombre": "Br. Rincón de Suba", "via": "AV. C. de Cali", "direccion_bandera": "AV. C. de Cali - KR 95 A", "localidad": "Suba", "longitud": -74.09722351000001, "latitud": 4.72219506, "consecutivo_zona": "082", "tipo_m_s": "S", "consola": "AV. C. de Cali - KR 95 A (082A03)", "panel": "AV. C. de Cali - KR 95 A", "audio": "Avenida Ciudad de Cali Carrera 95 A", "zonas_nuevas": "C", "globalid": "{849C8F47-365B-452C-8539-F1A8E7D1D9B2}" }, "geometry": { "type": "Point", "coordinates": [ -74.097223508927158, 4.72219505635425 ] } },
{ "type": "Feature", "properties": { "objectid": 1278, "cenefa": "083A02", "zona_sitp": "02", "nombre": "Br. Santa Helena", "via": "AV. Villas", "direccion_bandera": "AV. Villas - 146A", "localidad": "Suba", "longitud": -74.06289342, "latitud": 4.73234371, "consecutivo_zona": "083", "tipo_m_s": "S", "consola": "AV. Villas - 146A (083A02)", "panel": "AV. Villas - 146A", "audio": "Avenida Villas 146 A", "zonas_nuevas": "C", "globalid": "{0FC0F9C6-9CDB-4227-8CB7-38D542219AF8}" }, "geometry": { "type": "Point", "coordinates": [ -74.062893418307382, 4.732343709601148 ] } },
{ "type": "Feature", "properties": { "objectid": 1279, "cenefa": "083A03", "zona_sitp": "03", "nombre": "Club Los Lagartos", "via": "AV. Boyacá", "direccion_bandera": "AV. Boyacá - CL 96A", "localidad": "Suba", "longitud": -74.084424, "latitud": 4.696918, "consecutivo_zona": "083", "tipo_m_s": "M", "consola": "AV. Boyacá - CL 96A (083A03)", "panel": "AV. Boyacá - CL 96A", "audio": "Avenida Boyacá Calle 96 A", "zonas_nuevas": "D", "globalid": "{734808DD-D3F7-4D12-B1DA-BBBD85C70456}" }, "geometry": { "type": "Point", "coordinates": [ -74.084423999711774, 4.696918000004644 ] } },
{ "type": "Feature", "properties": { "objectid": 1290, "cenefa": "083B03", "zona_sitp": "03", "nombre": "Club Los Lagartos", "via": "AV. Boyacá", "direccion_bandera": "AV. Boyacá - CL 96A", "localidad": "Suba", "longitud": -74.083494, "latitud": 4.697177, "consecutivo_zona": "083", "tipo_m_s": "M", "consola": "AV. Boyacá - CL 96A (083B03)", "panel": "AV. Boyacá - CL 96A", "audio": "Avenida Boyacá Calle 96 A", "zonas_nuevas": "D", "globalid": "{950A1D25-248E-4789-A233-8BFCE03C0DF0}" }, "geometry": { "type": "Point", "coordinates": [ -74.08349399991333, 4.697176999871179 ] } },
{ "type": "Feature", "properties": { "objectid": 1296, "cenefa": "084A03", "zona_sitp": "03", "nombre": "Pq. Central Pontevedra", "via": "AV. Boyacá", "direccion_bandera": "AV. Boyacá - CL 97", "localidad": "Suba", "longitud": -74.0821121, "latitud": 4.69787433, "consecutivo_zona": "084", "tipo_m_s": "M", "consola": "AV. Boyacá - CL 97 (084A03)", "panel": "AV. Boyacá - CL 97", "audio": "Avenida Boyacá Calle 97", "zonas_nuevas": "D", "globalid": "{D93165D7-756B-4B4C-8BF6-D974B178850A}" }, "geometry": { "type": "Point", "coordinates": [ -74.082112097172043, 4.697874330839515 ] } },
{ "type": "Feature", "properties": { "objectid": 1307, "cenefa": "084B03", "zona_sitp": "03", "nombre": "Pq. Central Pontevedra", "via": "AV. Boyacá", "direccion_bandera": "AV. Boyacá - CL 97", "localidad": "Suba", "longitud": -74.08227046, "latitud": 4.6976386, "consecutivo_zona": "084", "tipo_m_s": "M", "consola": "AV. Boyacá - CL 97 (084B03)", "panel": "AV. Boyacá - CL 97", "audio": "Avenida Boyacá Calle 97", "zonas_nuevas": "D", "globalid": "{789FDCD4-1733-4F1F-BC3C-1C3451801017}" }, "geometry": { "type": "Point", "coordinates": [ -74.08227045805414, 4.697638601854451 ] } },
{ "type": "Feature", "properties": { "objectid": 1313, "cenefa": "085A02", "zona_sitp": "02", "nombre": "Urb. La Riviera Norte", "via": "CL 152", "direccion_bandera": "CL 152 - KR 48", "localidad": "Suba", "longitud": -74.051551690000011, "latitud": 4.73516387, "consecutivo_zona": "085", "tipo_m_s": "S", "consola": "CL 152 - KR 48 (085A02)", "panel": "CL 152 - KR 48", "audio": "Calle 152 Carrera 48", "zonas_nuevas": "B", "globalid": "{DA3F84D5-D4E3-40AF-B896-8483E1D8B6DE}" }, "geometry": { "type": "Point", "coordinates": [ -74.051551693813579, 4.735163873562526 ] } },
{ "type": "Feature", "properties": { "objectid": 1314, "cenefa": "085A03", "zona_sitp": "03", "nombre": "Br. Villa Elisa", "via": "KR 91", "direccion_bandera": "KR 91 - AC 132", "localidad": "Suba", "longitud": -74.08699107, "latitud": 4.73101161, "consecutivo_zona": "085", "tipo_m_s": "S", "consola": "KR 91 - AC 132 (085A03)", "panel": "KR 91 - AC 132", "audio": "Carrera 91 Avenida Calle 132", "zonas_nuevas": "C", "globalid": "{B0F1D4B4-F1FC-42C6-B0E8-8F673DA6BB42}" }, "geometry": { "type": "Point", "coordinates": [ -74.086991069882046, 4.731011612644435 ] } },
{ "type": "Feature", "properties": { "objectid": 1329, "cenefa": "086A02", "zona_sitp": "02", "nombre": "Centro Comercial Mazurén", "via": "CL 152", "direccion_bandera": "CL 152 - Auto Norte", "localidad": "Suba", "longitud": -74.0498978, "latitud": 4.73466438, "consecutivo_zona": "086", "tipo_m_s": "S", "consola": "CL 152 - Auto Norte (086A02)", "panel": "CL 152 - Auto Norte", "audio": "Calle 152 Autopista Norte", "zonas_nuevas": "B", "globalid": "{6BC90B3F-77EE-4903-B9E4-63C574F22B8B}" }, "geometry": { "type": "Point", "coordinates": [ -74.049897801204438, 4.734664380398586 ] } },
{ "type": "Feature", "properties": { "objectid": 1330, "cenefa": "086A03", "zona_sitp": "03", "nombre": "Estación Suba - Tv.  91", "via": "AK 91", "direccion_bandera": "AK 91 - AC 145", "localidad": "Suba", "longitud": -74.084937, "latitud": 4.73709537, "consecutivo_zona": "086", "tipo_m_s": "S", "consola": "AK 91 - AC 145 (086A03)", "panel": "AK 91 - AC 145", "audio": "Avenida Carrera 91 Avenida Calle 145", "zonas_nuevas": "C", "globalid": "{C8C1D61C-90F8-4618-A386-FD9A9AE82766}" }, "geometry": { "type": "Point", "coordinates": [ -74.084937001272536, 4.737095369918715 ] } },
{ "type": "Feature", "properties": { "objectid": 1342, "cenefa": "087A02", "zona_sitp": "02", "nombre": "Portal del Norte", "via": "Auto Norte", "direccion_bandera": "Auto Norte - CL 174A", "localidad": "Suba", "longitud": -74.046341, "latitud": 4.755493, "consecutivo_zona": "087", "tipo_m_s": "S", "consola": "Auto Norte - CL 174A (087A02)", "panel": "Auto Norte - CL 174A", "audio": "Autopista Norte Calle 174 A", "zonas_nuevas": "B", "globalid": "{99BBF56F-BA17-4DF2-BF38-4A361E98D59E}" }, "geometry": { "type": "Point", "coordinates": [ -74.046341000077106, 4.755492999633525 ] } },
{ "type": "Feature", "properties": { "objectid": 1359, "cenefa": "088A02", "zona_sitp": "02", "nombre": "Br. Nueva Zelandia", "via": "Auto Norte", "direccion_bandera": "Auto Norte - CL 178", "localidad": "Suba", "longitud": -74.04591679000001, "latitud": 4.75782578, "consecutivo_zona": "088", "tipo_m_s": "S", "consola": "Auto Norte - CL 178 (088A02)", "panel": "Auto Norte - CL 178", "audio": "Autopista Norte Calle 178", "zonas_nuevas": "B", "globalid": "{E5DF254A-C1BF-427E-96A3-D9B78D93803C}" }, "geometry": { "type": "Point", "coordinates": [ -74.045916787142872, 4.757825781921718 ] } },
{ "type": "Feature", "properties": { "objectid": 1360, "cenefa": "088A03", "zona_sitp": "03", "nombre": "Humedal Juan Amarillo", "via": "AK 91", "direccion_bandera": "KR 91 - CL 99A", "localidad": "Suba", "longitud": -74.09394385, "latitud": 4.71633129, "consecutivo_zona": "088", "tipo_m_s": "S", "consola": "KR 91 - CL 99A  (088A03)", "panel": "KR 91 - CL 99A", "audio": "Carrera 91 Calle 99 A", "zonas_nuevas": "C", "globalid": "{4CF7F32E-C50C-4D0F-8A44-46C445F6DCAC}" }, "geometry": { "type": "Point", "coordinates": [ -74.093943847823269, 4.716331292426625 ] } },
{ "type": "Feature", "properties": { "objectid": 1376, "cenefa": "089A02", "zona_sitp": "02", "nombre": "C. C.  Santafé", "via": "Auto Norte", "direccion_bandera": "Auto Norte - CL 187", "localidad": "Suba", "longitud": -74.04470168, "latitud": 4.76441044, "consecutivo_zona": "089", "tipo_m_s": "M", "consola": "Auto Norte - CL 187 (089A02)", "panel": "Auto Norte - CL 187", "audio": "Autopista Norte Calle 187", "zonas_nuevas": "B", "globalid": "{15577B0C-61B6-4852-8DBE-77294B81B527}" }, "geometry": { "type": "Point", "coordinates": [ -74.04470167576379, 4.764410438442251 ] } },
{ "type": "Feature", "properties": { "objectid": 1377, "cenefa": "089A03", "zona_sitp": "03", "nombre": "Br. Tibabuyes Universal", "via": "TV 127", "direccion_bandera": "TV 127 - DG 138C", "localidad": "Suba", "longitud": -74.10872717, "latitud": 4.74508833, "consecutivo_zona": "089", "tipo_m_s": "S", "consola": "TV 127 - DG 138C (089A03)", "panel": "TV 127 - DG 138C", "audio": "Transversal 127 Diagonal 138 C", "zonas_nuevas": "C", "globalid": "{CD8A215E-B5EA-46C0-A4B4-BDACFE3942DA}" }, "geometry": { "type": "Point", "coordinates": [ -74.108727170041391, 4.745088329556285 ] } },
{ "type": "Feature", "properties": { "objectid": 1387, "cenefa": "089B02", "zona_sitp": "02", "nombre": "C. C.  Santafé", "via": "Auto Norte", "direccion_bandera": "Auto Norte - CL 187", "localidad": "Suba", "longitud": -74.044818, "latitud": 4.763744, "consecutivo_zona": "089", "tipo_m_s": "M", "consola": "Auto Norte - CL 187 (089B02)", "panel": "Auto Norte - CL 187", "audio": "Autopista Norte Calle 187", "zonas_nuevas": "B", "globalid": "{2475A3C6-5428-44C7-B523-96778F26F0EB}" }, "geometry": { "type": "Point", "coordinates": [ -74.044817999830983, 4.763743999793399 ] } },
{ "type": "Feature", "properties": { "objectid": 1392, "cenefa": "090A02", "zona_sitp": "02", "nombre": "Br. Portales del Norte", "via": "CL 167", "direccion_bandera": "CL 167 - AV. Villas", "localidad": "Suba", "longitud": -74.05923849, "latitud": 4.74961906, "consecutivo_zona": "090", "tipo_m_s": "S", "consola": "CL 167 - AV. Villas (090A02)", "panel": "CL 167 - AV. Villas", "audio": "Calle 167 Avenida Villas", "zonas_nuevas": "C", "globalid": "{5EF6673E-ED96-4FA3-9F6C-874DEDAE9179}" }, "geometry": { "type": "Point", "coordinates": [ -74.059238489587457, 4.749619060927547 ] } },
{ "type": "Feature", "properties": { "objectid": 1393, "cenefa": "090A03", "zona_sitp": "03", "nombre": "Br. La Gaitana", "via": "TV 128", "direccion_bandera": "TV 127 - CL 137", "localidad": "Suba", "longitud": -74.10888534, "latitud": 4.74478385, "consecutivo_zona": "090", "tipo_m_s": "S", "consola": "TV 127 - CL 137 (090A03)", "panel": "TV 127 - CL 137", "audio": "Transversal 127 Calle 137", "zonas_nuevas": "C", "globalid": "{C23F91A3-B65B-4E66-AB08-C343132B0F26}" }, "geometry": { "type": "Point", "coordinates": [ -74.10888533566073, 4.744783852097929 ] } },
{ "type": "Feature", "properties": { "objectid": 1404, "cenefa": "091A02", "zona_sitp": "02", "nombre": "Urb. La Colina Campestre V Sector", "via": "AV. Villas", "direccion_bandera": "AV. Villas - CL 132A", "localidad": "Suba", "longitud": -74.06662983, "latitud": 4.72336024, "consecutivo_zona": "091", "tipo_m_s": "S", "consola": "AV. Villas - CL 132A (091A02)", "panel": "AV. Villas - CL 132A", "audio": "Avenida Villas Calle 132 A", "zonas_nuevas": "C", "globalid": "{7479795C-F9D8-491A-AFB5-B74856F58F3E}" }, "geometry": { "type": "Point", "coordinates": [ -74.066629827108827, 4.723360241255216 ] } },
{ "type": "Feature", "properties": { "objectid": 1405, "cenefa": "091A03", "zona_sitp": "03", "nombre": "Br. La Toscana", "via": "TV 127", "direccion_bandera": "TV 127 - CL 132D", "localidad": "Suba", "longitud": -74.11139736, "latitud": 4.74308376, "consecutivo_zona": "091", "tipo_m_s": "S", "consola": "TV 127 - CL 132D (091A03)", "panel": "TV 127 - CL 132D", "audio": "Transversal 127 Calle 132 D", "zonas_nuevas": "C", "globalid": "{C2F2C80E-F2FE-41D0-B40F-80761EF3B697}" }, "geometry": { "type": "Point", "coordinates": [ -74.111397361914086, 4.743083755185143 ] } },
{ "type": "Feature", "properties": { "objectid": 1422, "cenefa": "092A02", "zona_sitp": "02", "nombre": "Auto Norte", "via": "AC 127", "direccion_bandera": "AC 127 - KR 46", "localidad": "Suba", "longitud": -74.05604271, "latitud": 4.70733444, "consecutivo_zona": "092", "tipo_m_s": "S", "consola": "AC 127 - KR 46 (092A02)", "panel": "AC 127 - KR 46", "audio": "Avenida Calle 127 Carrera 46", "zonas_nuevas": "C", "globalid": "{06D3E21E-B0AF-40F6-8F4C-BC0EF18792AB}" }, "geometry": { "type": "Point", "coordinates": [ -74.056042708054065, 4.707334441331407 ] } },
{ "type": "Feature", "properties": { "objectid": 1423, "cenefa": "092A03", "zona_sitp": "03", "nombre": "Br. La Gaitana", "via": "TV 127", "direccion_bandera": "TV 127 - CL 132D", "localidad": "Suba", "longitud": -74.11145842000001, "latitud": 4.74287212, "consecutivo_zona": "092", "tipo_m_s": "S", "consola": "TV 127 - CL 132D  (092A03)", "panel": "TV 127 - CL 132D", "audio": "Transversal 127 Calle 132 D", "zonas_nuevas": "C", "globalid": "{9E3F65A5-5BAA-49BD-A6A8-E1855E6847D7}" }, "geometry": { "type": "Point", "coordinates": [ -74.111458415658419, 4.742872118069621 ] } },
{ "type": "Feature", "properties": { "objectid": 1436, "cenefa": "093A02", "zona_sitp": "02", "nombre": "Br. Estoril", "via": "AC 100", "direccion_bandera": "AC 100 - KR 47A", "localidad": "Suba", "longitud": -74.06015423000001, "latitud": 4.6878261, "consecutivo_zona": "093", "tipo_m_s": "M", "consola": "AC 100 - KR 47A  (093A02)", "panel": "AC 100 - KR 47A", "audio": "Avenida Calle 100 Carrera 47 A", "zonas_nuevas": "C", "globalid": "{9F94AF1A-1DBF-4EB4-8072-21415996BB04}" }, "geometry": { "type": "Point", "coordinates": [ -74.060154232875348, 4.687826100753877 ] } },
{ "type": "Feature", "properties": { "objectid": 1445, "cenefa": "093B02", "zona_sitp": "02", "nombre": "Br. Estoril", "via": "AC 100", "direccion_bandera": "AC 100 - KR 47A", "localidad": "Suba", "longitud": -74.05979774000001, "latitud": 4.68772495, "consecutivo_zona": "093", "tipo_m_s": "M", "consola": "AC 100 - KR 47A  (093B02)", "panel": "AC 100 - KR 47A", "audio": "Avenida Calle 100 Carrera 47 A", "zonas_nuevas": "C", "globalid": "{55D92E32-4EAA-4DA8-96A0-02AF0630E365}" }, "geometry": { "type": "Point", "coordinates": [ -74.059797741082136, 4.687724952106675 ] } },
{ "type": "Feature", "properties": { "objectid": 1448, "cenefa": "093C02", "zona_sitp": "02", "nombre": "Br. Estoril", "via": "AC 100", "direccion_bandera": "AC 100 - KR 47A", "localidad": "Suba", "longitud": -74.05943881, "latitud": 4.68762453, "consecutivo_zona": "093", "tipo_m_s": "M", "consola": "AC 100 - KR 47A  (093C02)", "panel": "AC 100 - KR 47A", "audio": "Avenida Calle 100 Carrera 47 A", "zonas_nuevas": "C", "globalid": "{6B23174C-0E73-4B5A-ACE8-1D91D91EA8D9}" }, "geometry": { "type": "Point", "coordinates": [ -74.059438808626126, 4.687624524852994 ] } },
{ "type": "Feature", "properties": { "objectid": 1451, "cenefa": "094A02", "zona_sitp": "02", "nombre": "Br. Atenas", "via": "AV. Boyacá", "direccion_bandera": "AV. Boyacá - CL 139", "localidad": "Suba", "longitud": -74.06811034, "latitud": 4.73048167, "consecutivo_zona": "094", "tipo_m_s": "S", "consola": "AV. Boyacá - CL 139 (094A02)", "panel": "AV. Boyacá - CL 139", "audio": "Avenida Boyacá Calle 139", "zonas_nuevas": "C", "globalid": "{C9B9D3D2-66FA-4B66-83D7-AB6BD0EAAD24}" }, "geometry": { "type": "Point", "coordinates": [ -74.068110345370783, 4.730481671415173 ] } },
{ "type": "Feature", "properties": { "objectid": 1452, "cenefa": "094A03", "zona_sitp": "03", "nombre": "CED La Toscana", "via": "CL 132D", "direccion_bandera": "CL 132D - KR 135", "localidad": "Suba", "longitud": -74.11434615, "latitud": 4.74358692, "consecutivo_zona": "094", "tipo_m_s": "M", "consola": "CL 132D - KR 135 (094A03)", "panel": "CL 132D - KR 135", "audio": "Calle 132 D Carrera 135", "zonas_nuevas": "C", "globalid": "{B5B48768-E9D2-431A-8AA2-873424F86068}" }, "geometry": { "type": "Point", "coordinates": [ -74.114346147676571, 4.743586918073931 ] } },
{ "type": "Feature", "properties": { "objectid": 1461, "cenefa": "094B03", "zona_sitp": "03", "nombre": "CED La Toscana", "via": "CL 132D", "direccion_bandera": "CL 132D - KR 132", "localidad": "Suba", "longitud": -74.113862, "latitud": 4.743331, "consecutivo_zona": "094", "tipo_m_s": "M", "consola": "CL 132D - KR 132 (094B03)", "panel": "CL 132D - KR 132", "audio": "Calle 132 D Carrera 132", "zonas_nuevas": "C", "globalid": "{043FDC60-F250-426B-92E9-64D55DCD4721}" }, "geometry": { "type": "Point", "coordinates": [ -74.113862000225666, 4.743331000377029 ] } },
{ "type": "Feature", "properties": { "objectid": 1469, "cenefa": "095A02", "zona_sitp": "02", "nombre": "Br. Prado Veraniego", "via": "Cl 129", "direccion_bandera": "CL 129 - KR 45 A", "localidad": "Suba", "longitud": -74.053729780000012, "latitud": 4.71570631, "consecutivo_zona": "095", "tipo_m_s": "S", "consola": "CL 129 - KR 45 A (095A02)", "panel": "CL 129 - KR 45 A", "audio": "Calle 129 Carrera 45 A", "zonas_nuevas": "C", "globalid": "{693B7170-B355-428C-B83F-785B42B0B381}" }, "geometry": { "type": "Point", "coordinates": [ -74.053729781187343, 4.71570631426578 ] } },
{ "type": "Feature", "properties": { "objectid": 1470, "cenefa": "095A03", "zona_sitp": "03", "nombre": "Br. La Toscana", "via": "CL 132 D", "direccion_bandera": "CL 132 D - KR 140B", "localidad": "Suba", "longitud": -74.11608376, "latitud": 4.74454677, "consecutivo_zona": "095", "tipo_m_s": "M", "consola": "CL 132 D - KR 140B (095A03)", "panel": "CL 132 D - KR 140B", "audio": "Calle 132 D Carrera 140 Be", "zonas_nuevas": "C", "globalid": "{A0DDDD9B-810A-4362-9E52-B7D296DD47E9}" }, "geometry": { "type": "Point", "coordinates": [ -74.1160837634324, 4.744546774184743 ] } },
{ "type": "Feature", "properties": { "objectid": 1477, "cenefa": "095B03", "zona_sitp": "03", "nombre": "Br. La Toscana", "via": "CL 132D", "direccion_bandera": "CL 132D - KR 143A", "localidad": "Suba", "longitud": -74.116753, "latitud": 4.7449, "consecutivo_zona": "095", "tipo_m_s": "M", "consola": "CL 132D - KR 143A (095B03)", "panel": "CL 132D - KR 143A", "audio": "Calle 132 D Carrera 143 A", "zonas_nuevas": "C", "globalid": "{2FED8E7E-B544-4890-BC2C-33E1FDF35157}" }, "geometry": { "type": "Point", "coordinates": [ -74.116753000017667, 4.744900000434711 ] } },
{ "type": "Feature", "properties": { "objectid": 1484, "cenefa": "096A03", "zona_sitp": "03", "nombre": "Br. La Toscana", "via": "CL 132 D", "direccion_bandera": "CL 132 D - KR 140 C", "localidad": "Suba", "longitud": -74.11633101, "latitud": 4.74479676, "consecutivo_zona": "096", "tipo_m_s": "S", "consola": "CL 132 D - KR 140 C  (096A03)", "panel": "CL 132 D - KR 140 C", "audio": "Calle 132 D Carrera 140 C", "zonas_nuevas": "C", "globalid": "{DA12CF8D-91B4-4AA8-BDC5-5F1165FFF755}" }, "geometry": { "type": "Point", "coordinates": [ -74.116331006981682, 4.744796763270053 ] } },
{ "type": "Feature", "properties": { "objectid": 1500, "cenefa": "097A02", "zona_sitp": "02", "nombre": "Br. Las Villas", "via": "Av. Suba", "direccion_bandera": "AV. Suba - CL 128 Bis A", "localidad": "Suba", "longitud": -74.0731351, "latitud": 4.7160564, "consecutivo_zona": "097", "tipo_m_s": "S", "consola": "AV. Suba - CL 128 Bis A (097A02)", "panel": "AV. Suba - CL 128 Bis A", "audio": "Avenida Suba Calle 128 Bis A", "zonas_nuevas": "C", "globalid": "{F8136044-2D05-42DE-A5C7-54991FC08970}" }, "geometry": { "type": "Point", "coordinates": [ -74.073135101385319, 4.716056404315064 ] } },
{ "type": "Feature", "properties": { "objectid": 1501, "cenefa": "097A03", "zona_sitp": "03", "nombre": "Br. Tuna Baja", "via": "KR  106A", "direccion_bandera": "KR 106A - CL 153", "localidad": "Suba", "longitud": -74.091656, "latitud": 4.755536, "consecutivo_zona": "097", "tipo_m_s": "S", "consola": "KR 106A - CL 153 (097A03)", "panel": "KR 106A - CL 153", "audio": "Carrera 106 A Calle 153", "zonas_nuevas": "C", "globalid": "{A145E24B-7EE8-4610-B2AC-A2613A90E1CF}" }, "geometry": { "type": "Point", "coordinates": [ -74.091656000344287, 4.755536000319642 ] } },
{ "type": "Feature", "properties": { "objectid": 1516, "cenefa": "098A02", "zona_sitp": "02", "nombre": "Br Granada Norte", "via": "AC 170", "direccion_bandera": "AC 170 - KR 49B", "localidad": "Suba", "longitud": -74.0501157, "latitud": 4.75217839, "consecutivo_zona": "098", "tipo_m_s": "M", "consola": "AC 170 - KR 49B (098A02)", "panel": "AC 170 - KR 49B", "audio": "Avenida Calle 170 Carrera 49 Be", "zonas_nuevas": "B", "globalid": "{C0541F51-DDA6-4F4E-9CCA-8E7E546E1EA3}" }, "geometry": { "type": "Point", "coordinates": [ -74.050115700601694, 4.75217839200388 ] } },
{ "type": "Feature", "properties": { "objectid": 1517, "cenefa": "098A03", "zona_sitp": "03", "nombre": "Tuna Baja III y IIIA", "via": "KR  106A", "direccion_bandera": "KR 106A - CL 153", "localidad": "Suba", "longitud": -74.09280732, "latitud": 4.75526863, "consecutivo_zona": "098", "tipo_m_s": "S", "consola": "KR 106A - CL 153 (098A03)", "panel": "KR 106A - CL 153", "audio": "Carrera 106 A Calle 153", "zonas_nuevas": "C", "globalid": "{0F044AFF-BB59-48EB-B8BD-2FD071C4B350}" }, "geometry": { "type": "Point", "coordinates": [ -74.092807315412784, 4.755268631807013 ] } },
{ "type": "Feature", "properties": { "objectid": 1528, "cenefa": "098B02", "zona_sitp": "02", "nombre": "Br. Granada Norte", "via": "AC 170", "direccion_bandera": "AC 170 - KR 49B", "localidad": "Suba", "longitud": -74.050847, "latitud": 4.752341, "consecutivo_zona": "098", "tipo_m_s": "M", "consola": "AC 170 - KR 49B (098B02)", "panel": "AC 170 - KR 49B", "audio": "(en blanco)", "zonas_nuevas": "B", "globalid": "{C68D710D-A6AE-48C1-B55F-624458D2B1B4}" }, "geometry": { "type": "Point", "coordinates": [ -74.050847000079912, 4.752340999708736 ] } },
{ "type": "Feature", "properties": { "objectid": 1539, "cenefa": "099A02", "zona_sitp": "02", "nombre": "Club Campestre Cafam", "via": "Auto Norte", "direccion_bandera": "Auto Norte - CL 215", "localidad": "Suba", "longitud": -74.040197389999989, "latitud": 4.79115922, "consecutivo_zona": "099", "tipo_m_s": "S", "consola": "Auto Norte - CL 215 (099A02)", "panel": "Auto Norte - CL 215", "audio": "Autopista Norte Calle 215", "zonas_nuevas": "B", "globalid": "{BF1FC36F-8D1B-4777-A553-8BC45A534289}" }, "geometry": { "type": "Point", "coordinates": [ -74.040197392959115, 4.791159217965476 ] } },
{ "type": "Feature", "properties": { "objectid": 1540, "cenefa": "099A03", "zona_sitp": "03", "nombre": "Desarrollo Los Monarcas", "via": "Cl 159A", "direccion_bandera": "CL 159A - KR 106A", "localidad": "Suba", "longitud": -74.092129, "latitud": 4.757559, "consecutivo_zona": "099", "tipo_m_s": "S", "consola": "CL 159A - KR 106A (099A03)", "panel": "CL 159A - KR 106A", "audio": "Calle 159 A Carrera 106 A", "zonas_nuevas": "C", "globalid": "{BFCA722F-D5A6-4711-ACDA-52B4A24816FE}" }, "geometry": { "type": "Point", "coordinates": [ -74.092129000053475, 4.757559000270407 ] } },
{ "type": "Feature", "properties": { "objectid": 1561, "cenefa": "100A02", "zona_sitp": "02", "nombre": "Urb. Tejares del Norte", "via": "AC  183", "direccion_bandera": "AC 183 - KR 51", "localidad": "Suba", "longitud": -74.04840885, "latitud": 4.76210467, "consecutivo_zona": "100", "tipo_m_s": "S", "consola": "AC 183 - KR 51 (100A02)", "panel": "AC 183 - KR 51", "audio": "Avenida Calle 183 Carrera 51", "zonas_nuevas": "B", "globalid": "{94321BAA-4731-4847-A248-8E35EEAB657F}" }, "geometry": { "type": "Point", "coordinates": [ -74.048408847362282, 4.762104673767606 ] } },
{ "type": "Feature", "properties": { "objectid": 1562, "cenefa": "100A03", "zona_sitp": "03", "nombre": "Desarrollo Villa Esperanza", "via": "Cl 159A", "direccion_bandera": "CL 159A - KR 106A", "localidad": "Suba", "longitud": -74.092016, "latitud": 4.757649, "consecutivo_zona": "100", "tipo_m_s": "S", "consola": "CL 159A - KR 106A (100A03)", "panel": "CL 159A - KR 106A", "audio": "Calle 159 A Carrera 106 A", "zonas_nuevas": "C", "globalid": "{CAA2EB3A-655B-449E-A398-670A37F8AA1E}" }, "geometry": { "type": "Point", "coordinates": [ -74.092015999693785, 4.757649000195236 ] } },
{ "type": "Feature", "properties": { "objectid": 1581, "cenefa": "101A02", "zona_sitp": "02", "nombre": "Cementerio Jardines del Recuerdo", "via": "Auto Norte", "direccion_bandera": "Auto Norte - CL 197", "localidad": "Suba", "longitud": -74.04261804, "latitud": 4.77680951, "consecutivo_zona": "101", "tipo_m_s": "S", "consola": "Auto Norte - CL 197 (101A02)", "panel": "Auto Norte - CL 197", "audio": "Autopista Norte Calle 197", "zonas_nuevas": "B", "globalid": "{1CFB5696-4555-417E-AE60-15C914CB8C0A}" }, "geometry": { "type": "Point", "coordinates": [ -74.042618044906391, 4.776809509259773 ] } },
{ "type": "Feature", "properties": { "objectid": 1582, "cenefa": "101A03", "zona_sitp": "03", "nombre": "Clínica Juan N. Corpas", "via": "Av. Corpas", "direccion_bandera": "AV. Corpas - CL 159A", "localidad": "Suba", "longitud": -74.09231846, "latitud": 4.76100021, "consecutivo_zona": "101", "tipo_m_s": "S", "consola": "AV. Corpas - CL 159A (101A03)", "panel": "AV. Corpas - CL 159A", "audio": "Avenida Corpas Calle 159 A", "zonas_nuevas": "C", "globalid": "{8614E505-8C08-4C3A-8EDB-34339F574988}" }, "geometry": { "type": "Point", "coordinates": [ -74.092318461425037, 4.761000207841781 ] } },
{ "type": "Feature", "properties": { "objectid": 1599, "cenefa": "102A02", "zona_sitp": "02", "nombre": "Club Campestre el Rancho", "via": "Auto Norte", "direccion_bandera": "Auto Norte - CL 194", "localidad": "Suba", "longitud": -74.04337528000001, "latitud": 4.77237647, "consecutivo_zona": "102", "tipo_m_s": "M", "consola": "Auto Norte - CL 194 (102A02)", "panel": "Auto Norte - CL 194", "audio": "Autopista Norte Calle 194", "zonas_nuevas": "B", "globalid": "{4F57C51A-D445-44E1-9CE8-EA91559ADE4F}" }, "geometry": { "type": "Point", "coordinates": [ -74.043375281839644, 4.772376473705105 ] } },
{ "type": "Feature", "properties": { "objectid": 1600, "cenefa": "102A03", "zona_sitp": "03", "nombre": "Clínica Juan N. Corpas", "via": "Av. Corpas", "direccion_bandera": "AV. Corpas - CL 159A", "localidad": "Suba", "longitud": -74.092313, "latitud": 4.761107, "consecutivo_zona": "102", "tipo_m_s": "S", "consola": "AV. Corpas - CL 159A (102A03)", "panel": "AV. Corpas - CL 159A", "audio": "Avenida Corpas Calle 159 A", "zonas_nuevas": "C", "globalid": "{8231C6A7-DFE9-4BEF-9BC9-CCB0469D1DD6}" }, "geometry": { "type": "Point", "coordinates": [ -74.092313000293828, 4.761107000272402 ] } },
{ "type": "Feature", "properties": { "objectid": 1612, "cenefa": "102B02", "zona_sitp": "02", "nombre": "Club Campestre el Rancho", "via": "Auto Norte", "direccion_bandera": "Auto Norte - CL 194", "localidad": "Suba", "longitud": -74.043315, "latitud": 4.772884, "consecutivo_zona": "102", "tipo_m_s": "M", "consola": "Auto Norte - CL 194 (102B02)", "panel": "Auto Norte - CL 194", "audio": "(en blanco)", "zonas_nuevas": "B", "globalid": "{5250DFF2-3E79-4A62-958A-BB12F12ED5B1}" }, "geometry": { "type": "Point", "coordinates": [ -74.043315000434887, 4.772884000041234 ] } },
{ "type": "Feature", "properties": { "objectid": 1622, "cenefa": "103A02", "zona_sitp": "02", "nombre": "Escuela Colombiana de Ingeniería", "via": "Auto Norte", "direccion_bandera": "Auto Norte - CL 205", "localidad": "Suba", "longitud": -74.04149976, "latitud": 4.78371069, "consecutivo_zona": "103", "tipo_m_s": "S", "consola": "Auto Norte - CL 205 (103A02)", "panel": "Auto Norte - CL 205", "audio": "Autopista Norte Calle 205", "zonas_nuevas": "B", "globalid": "{4CD2BB38-B8CA-4CBC-9554-350DBE9631CB}" }, "geometry": { "type": "Point", "coordinates": [ -74.041499755083521, 4.78371068618844 ] } },
{ "type": "Feature", "properties": { "objectid": 1623, "cenefa": "103A03", "zona_sitp": "03", "nombre": "Br. Potrerillo", "via": "AV. C. de Cali", "direccion_bandera": "AV. C. de Cali - CL 133F", "localidad": "Suba", "longitud": -74.099501190000012, "latitud": 4.7376168, "consecutivo_zona": "103", "tipo_m_s": "S", "consola": "AV. C. de Cali - CL 133F (103A03)", "panel": "AV. C. de Cali - CL 133F", "audio": "Avenida Ciudad de Cali Calle 133 F", "zonas_nuevas": "C", "globalid": "{17F2DCE0-1F71-48BB-840C-A47FDDA2724B}" }, "geometry": { "type": "Point", "coordinates": [ -74.099501190817378, 4.737616797575038 ] } },
{ "type": "Feature", "properties": { "objectid": 1642, "cenefa": "104A02", "zona_sitp": "02", "nombre": "Parque Comercial Bima", "via": "Auto Norte", "direccion_bandera": "Auto Norte - AC 235", "localidad": "Suba", "longitud": -74.03771131000001, "latitud": 4.80650686, "consecutivo_zona": "104", "tipo_m_s": "S", "consola": "Auto Norte - AC 235 (104A02)", "panel": "Auto Norte - AC 235", "audio": "Autopista Norte Avenida Calle 235", "zonas_nuevas": "B", "globalid": "{3FFFB1D2-FF26-4F4D-9176-49F0CB05CEB4}" }, "geometry": { "type": "Point", "coordinates": [ -74.037711314001967, 4.806506856559422 ] } },
{ "type": "Feature", "properties": { "objectid": 1643, "cenefa": "104A03", "zona_sitp": "03", "nombre": "Br. Alcaparros de Suba", "via": "AV. C. de Cali", "direccion_bandera": "AV. C. de Cali - CL 133 A", "localidad": "Suba", "longitud": -74.09969886, "latitud": 4.73785536, "consecutivo_zona": "104", "tipo_m_s": "S", "consola": "AV. C. de Cali - CL 133 A (104A03)", "panel": "AV. C. de Cali - CL 133 A", "audio": "Avenida Ciudad de Cali Calle 133 A", "zonas_nuevas": "C", "globalid": "{C6E851BA-237B-4920-B6A7-099940DCA60D}" }, "geometry": { "type": "Point", "coordinates": [ -74.099698859005329, 4.737855355705924 ] } },
{ "type": "Feature", "properties": { "objectid": 1661, "cenefa": "105A02", "zona_sitp": "02", "nombre": "Uniagraria", "via": "AC 170", "direccion_bandera": "AC 170 - KR 49B", "localidad": "Suba", "longitud": -74.051068, "latitud": 4.752843, "consecutivo_zona": "105", "tipo_m_s": "M", "consola": "AC 170 - KR 49B (105A02)", "panel": "AC 170 - KR 49B", "audio": "Avenida Calle 170 Carrera 49 Be", "zonas_nuevas": "B", "globalid": "{FC466A71-3678-487E-88A6-363E310478F8}" }, "geometry": { "type": "Point", "coordinates": [ -74.051067999914082, 4.75284299991147 ] } },
{ "type": "Feature", "properties": { "objectid": 1662, "cenefa": "105A03", "zona_sitp": "03", "nombre": "Turingia II", "via": "AV. C. de Cali", "direccion_bandera": "AV. C. de Cali - CL 151C", "localidad": "Suba", "longitud": -74.09367289, "latitud": 4.75117571, "consecutivo_zona": "105", "tipo_m_s": "S", "consola": "AV. C. de Cali - CL 151C (105A03)", "panel": "AV. C. de Cali - CL 151C", "audio": "Avenida Ciudad de Cali Calle 151 C", "zonas_nuevas": "C", "globalid": "{F13548C9-3728-4A8F-A317-965C4F39B62D}" }, "geometry": { "type": "Point", "coordinates": [ -74.093672889550845, 4.751175712745974 ] } },
{ "type": "Feature", "properties": { "objectid": 1672, "cenefa": "105B02", "zona_sitp": "02", "nombre": "Uniagraria", "via": "AC 170", "direccion_bandera": "AC 170 - KR 49B", "localidad": "Suba", "longitud": -74.051563, "latitud": 4.752969, "consecutivo_zona": "105", "tipo_m_s": "M", "consola": "AC 170 - KR 49B (105B02)", "panel": "AC 170 - KR 49B", "audio": "Avenida Calle 170 Carrera 49 Be", "zonas_nuevas": "B", "globalid": "{35C3A39B-4F1D-4146-AB7C-2470467CA428}" }, "geometry": { "type": "Point", "coordinates": [ -74.051563000272225, 4.752969000447929 ] } },
{ "type": "Feature", "properties": { "objectid": 1679, "cenefa": "106A02", "zona_sitp": "02", "nombre": "Br. Ciudad Jardín Norte", "via": "AV. Boyacá", "direccion_bandera": "AV. Boyacá - CL 131", "localidad": "Suba", "longitud": -74.07315177, "latitud": 4.72338284, "consecutivo_zona": "106", "tipo_m_s": "S", "consola": "AV. Boyacá - CL 131 (106A02)", "panel": "AV. Boyacá - CL 131", "audio": "Avenida Boyacá Calle 131", "zonas_nuevas": "C", "globalid": "{AB0EF412-D6AF-40AE-8B5F-F12003DBC072}" }, "geometry": { "type": "Point", "coordinates": [ -74.073151772076258, 4.72338283919603 ] } },
{ "type": "Feature", "properties": { "objectid": 1680, "cenefa": "106A03", "zona_sitp": "03", "nombre": "Br. Pinos de Lombardía", "via": "Cl 152 B", "direccion_bandera": "CL 152 B - KR 110 A - 03", "localidad": "Suba", "longitud": -74.09673977, "latitud": 4.75505659, "consecutivo_zona": "106", "tipo_m_s": "S", "consola": "CL 152 B - KR 110 A - 03 (106A03)", "panel": "CL 152 B - KR 110 A - 03", "audio": "Calle 152 Be Carrera 110 A", "zonas_nuevas": "C", "globalid": "{93AA5B7D-F406-4317-B1D1-4816E79F38FF}" }, "geometry": { "type": "Point", "coordinates": [ -74.096739766096064, 4.755056585390453 ] } },
{ "type": "Feature", "properties": { "objectid": 1697, "cenefa": "107A02", "zona_sitp": "02", "nombre": "Br. Iberia", "via": "AV. Boyacá", "direccion_bandera": "AV. Boyacá - AC 138", "localidad": "Suba", "longitud": -74.06886624, "latitud": 4.72894501, "consecutivo_zona": "107", "tipo_m_s": "S", "consola": "AV. Boyacá - AC 138 (107A02)", "panel": "AV. Boyacá - AC 138", "audio": "Avenida Boyacá Avenida Calle 138", "zonas_nuevas": "C", "globalid": "{F84D0558-B402-450E-8D34-ED07EDFF26AE}" }, "geometry": { "type": "Point", "coordinates": [ -74.068866235742618, 4.728945007421113 ] } },
{ "type": "Feature", "properties": { "objectid": 1698, "cenefa": "107A03", "zona_sitp": "03", "nombre": "Instituto Educación y Vida", "via": "AC 153", "direccion_bandera": "AC 153 - KR 96", "localidad": "Suba", "longitud": -74.08508905, "latitud": 4.75098397, "consecutivo_zona": "107", "tipo_m_s": "S", "consola": "AC 153 - KR 96 (107A03)", "panel": "AC 153 - KR 96", "audio": "Avenida Calle 153 Carrera 96", "zonas_nuevas": "C", "globalid": "{F733D7B1-A682-4121-A6FC-34387486C563}" }, "geometry": { "type": "Point", "coordinates": [ -74.085089053169227, 4.750983968383337 ] } },
{ "type": "Feature", "properties": { "objectid": 1716, "cenefa": "108A02", "zona_sitp": "02", "nombre": "Br. Iberia", "via": "AV. Boyacá", "direccion_bandera": "AV. Boyacá - AC 138", "localidad": "Suba", "longitud": -74.06927059, "latitud": 4.72906977, "consecutivo_zona": "108", "tipo_m_s": "S", "consola": "AV. Boyacá - AC 138 (108A02)", "panel": "AV. Boyacá - AC 138", "audio": "Avenida Boyacá Avenida Calle 138", "zonas_nuevas": "C", "globalid": "{CB3F3A4E-35B1-4C36-9781-9F219B8FC463}" }, "geometry": { "type": "Point", "coordinates": [ -74.069270593912179, 4.729069766122309 ] } },
{ "type": "Feature", "properties": { "objectid": 1717, "cenefa": "108A03", "zona_sitp": "03", "nombre": "Br. Campanella", "via": "Av. Cl 153", "direccion_bandera": "AC 153 - KR 97B", "localidad": "Suba", "longitud": -74.08606852, "latitud": 4.75146284, "consecutivo_zona": "108", "tipo_m_s": "S", "consola": "AC 153 - KR 97B  (108A03)", "panel": "AC 153 - KR 97B", "audio": "Avenida Calle 153 Carrera 97 Be", "zonas_nuevas": "C", "globalid": "{98E93A5A-6706-45FF-AE20-F8DFF80A985F}" }, "geometry": { "type": "Point", "coordinates": [ -74.086068514966058, 4.751462841820477 ] } },
{ "type": "Feature", "properties": { "objectid": 1733, "cenefa": "109A02", "zona_sitp": "02", "nombre": "Éxito Colina", "via": "AV. Boyacá", "direccion_bandera": "AV. Boyacá - CL 146B", "localidad": "Suba", "longitud": -74.0669506, "latitud": 4.73333967, "consecutivo_zona": "109", "tipo_m_s": "S", "consola": "AV. Boyacá - CL 146B (109A02)", "panel": "AV. Boyacá - CL 146B", "audio": "Avenida Boyacá Calle 146 Be", "zonas_nuevas": "C", "globalid": "{FE4854D2-613C-4409-AB33-B5756EAD7FCE}" }, "geometry": { "type": "Point", "coordinates": [ -74.066950601119572, 4.733339665719221 ] } },
{ "type": "Feature", "properties": { "objectid": 1743, "cenefa": "109B03", "zona_sitp": "03", "nombre": "Br. Japón", "via": "KR 93", "direccion_bandera": "KR 93 - CL 127CBisA", "localidad": "Suba", "longitud": -74.09385897, "latitud": 4.72091936, "consecutivo_zona": "109", "tipo_m_s": "M", "consola": "KR 93 - CL 127CBisA (109B03)", "panel": "KR 93 - CL 127CBisA", "audio": "Carrera 93 Calle 127 C Bis A", "zonas_nuevas": "C", "globalid": "{8296EC27-7F2F-44FB-B2BA-74E0CDD4B626}" }, "geometry": { "type": "Point", "coordinates": [ -74.093858966280834, 4.720919361590904 ] } },
{ "type": "Feature", "properties": { "objectid": 1749, "cenefa": "110A02", "zona_sitp": "02", "nombre": "Br. Casablanca", "via": "AV. Boyacá", "direccion_bandera": "AV. Boyacá - CL 152B", "localidad": "Suba", "longitud": -74.06528763, "latitud": 4.74051415, "consecutivo_zona": "110", "tipo_m_s": "S", "consola": "AV. Boyacá - CL 152B  (110A02)", "panel": "AV. Boyacá - CL 152B", "audio": "Avenida Boyacá Calle 152 Be", "zonas_nuevas": "C", "globalid": "{7BD3E956-2A98-4E66-88DF-8E1E34BDFFDC}" }, "geometry": { "type": "Point", "coordinates": [ -74.065287629863946, 4.740514145690614 ] } },
{ "type": "Feature", "properties": { "objectid": 1762, "cenefa": "111A02", "zona_sitp": "02", "nombre": "Br. Casablanca", "via": "AV. Boyacá", "direccion_bandera": "AV. Boyacá - CL 152B", "localidad": "Suba", "longitud": -74.06571067, "latitud": 4.74050755, "consecutivo_zona": "111", "tipo_m_s": "S", "consola": "AV. Boyacá - CL 152B (111A02)", "panel": "AV. Boyacá - CL 152B", "audio": "Avenida Boyacá Calle 152 Be", "zonas_nuevas": "C", "globalid": "{C7BDB215-9365-4BB6-A834-8D810A2E0A9D}" }, "geometry": { "type": "Point", "coordinates": [ -74.065710671085299, 4.740507547076287 ] } },
{ "type": "Feature", "properties": { "objectid": 1763, "cenefa": "111A03", "zona_sitp": "03", "nombre": "El Rincón Norte", "via": "CL 130C", "direccion_bandera": "CL 130C - KR 93", "localidad": "Suba", "longitud": -74.09003777000001, "latitud": 4.72809382, "consecutivo_zona": "111", "tipo_m_s": "M", "consola": "CL 130C - KR 93 (111A03)", "panel": "CL 130C - KR 93", "audio": "Calle 130 C Carrera 93", "zonas_nuevas": "C", "globalid": "{EF86A8DA-91CE-4D9F-98EE-132E2FFFBC44}" }, "geometry": { "type": "Point", "coordinates": [ -74.090037770169943, 4.728093815363452 ] } },
{ "type": "Feature", "properties": { "objectid": 1772, "cenefa": "111B03", "zona_sitp": "03", "nombre": "Br. El Rincón Norte", "via": "CL 130C", "direccion_bandera": "CL 130C - KR 93A", "localidad": "Suba", "longitud": -74.09039379, "latitud": 4.72829841, "consecutivo_zona": "111", "tipo_m_s": "M", "consola": "CL 130C - KR 93A (111B03)", "panel": "CL 130C - KR 93A", "audio": "Calle 130 C Carrera 93 A", "zonas_nuevas": "C", "globalid": "{528CA3CF-C7FF-4508-9733-69C2E32C093A}" }, "geometry": { "type": "Point", "coordinates": [ -74.090393793046033, 4.728298406653672 ] } },
{ "type": "Feature", "properties": { "objectid": 1777, "cenefa": "112A02", "zona_sitp": "02", "nombre": "Br. Portales del Norte", "via": "AV. Boyacá", "direccion_bandera": "AV. Boyacá - CL 163", "localidad": "Suba", "longitud": -74.06471481, "latitud": 4.74660977, "consecutivo_zona": "112", "tipo_m_s": "S", "consola": "AV. Boyacá - CL 163  (112A02)", "panel": "AV. Boyacá - CL 163", "audio": "Avenida Boyacá Calle 163", "zonas_nuevas": "C", "globalid": "{98AE86F0-8D95-40B5-8576-4B97903EAD36}" }, "geometry": { "type": "Point", "coordinates": [ -74.064714806328567, 4.746609766428171 ] } },
{ "type": "Feature", "properties": { "objectid": 1778, "cenefa": "112A03", "zona_sitp": "03", "nombre": "Br. Villa Elisa", "via": "KR 91", "direccion_bandera": "KR 91 - CL 135A", "localidad": "Suba", "longitud": -74.08568657, "latitud": 4.73430559, "consecutivo_zona": "112", "tipo_m_s": "S", "consola": "KR 91 - CL 135A (112A03)", "panel": "KR 91 - CL 135A", "audio": "Carrera 91 Calle 135 A", "zonas_nuevas": "C", "globalid": "{E9214EE7-29B8-4709-9C97-C53A550B8A64}" }, "geometry": { "type": "Point", "coordinates": [ -74.085686569838003, 4.734305585267131 ] } },
{ "type": "Feature", "properties": { "objectid": 1793, "cenefa": "113A02", "zona_sitp": "02", "nombre": "Br. Portales del Norte", "via": "AV. Boyacá", "direccion_bandera": "AV. Boyacá - CL 163", "localidad": "Suba", "longitud": -74.06512691, "latitud": 4.74664036, "consecutivo_zona": "113", "tipo_m_s": "S", "consola": "AV. Boyacá - CL 163 (113A02)", "panel": "AV. Boyacá - CL 163", "audio": "Avenida Boyacá Calle 163", "zonas_nuevas": "C", "globalid": "{5401393A-6FAB-47DD-BE79-F6FBA7037553}" }, "geometry": { "type": "Point", "coordinates": [ -74.065126906873402, 4.746640362137431 ] } },
{ "type": "Feature", "properties": { "objectid": 1794, "cenefa": "113A03", "zona_sitp": "03", "nombre": "Br. Altos de Chozica", "via": "AK 91", "direccion_bandera": "AK 91 - CL 135B", "localidad": "Suba", "longitud": -74.08565983, "latitud": 4.7341067, "consecutivo_zona": "113", "tipo_m_s": "S", "consola": "AK 91 - CL 135B (113A03)", "panel": "AK 91 - CL 135B", "audio": "Avenida Carrera 91 Calle 135 Be", "zonas_nuevas": "C", "globalid": "{FF0FA62D-A252-4102-8EE5-A6DCF261ACD7}" }, "geometry": { "type": "Point", "coordinates": [ -74.08565983106925, 4.734106702114527 ] } },
{ "type": "Feature", "properties": { "objectid": 1812, "cenefa": "114A02", "zona_sitp": "02", "nombre": "Urbanización Granada", "via": "AC  134", "direccion_bandera": "AC 134 - AV. Villas", "localidad": "Suba", "longitud": -74.06746984, "latitud": 4.72451955, "consecutivo_zona": "114", "tipo_m_s": "S", "consola": "AC 134 - AV. Villas (114A02)", "panel": "AC 134 - AV. Villas", "audio": "Avenida Calle 134 Avenida Villas", "zonas_nuevas": "C", "globalid": "{81BA182F-EB1C-4603-B978-42745F71ECA5}" }, "geometry": { "type": "Point", "coordinates": [ -74.067469839055875, 4.724519547675706 ] } },
{ "type": "Feature", "properties": { "objectid": 1828, "cenefa": "115A02", "zona_sitp": "02", "nombre": "Br. Colina Campestre I Sector", "via": "AC 134", "direccion_bandera": "AC 134 - KR 57", "localidad": "Suba", "longitud": -74.06472121, "latitud": 4.72345229, "consecutivo_zona": "115", "tipo_m_s": "S", "consola": "AC 134 - KR 57 (115A02)", "panel": "AC 134 - KR 57", "audio": "Avenida Calle 134 Carrera 57", "zonas_nuevas": "C", "globalid": "{8C2AD35C-B594-4D66-996B-542859D2886A}" }, "geometry": { "type": "Point", "coordinates": [ -74.064721207751973, 4.723452290745968 ] } },
{ "type": "Feature", "properties": { "objectid": 1845, "cenefa": "116A02", "zona_sitp": "02", "nombre": "Urb. Colina Norte II", "via": "AC  134", "direccion_bandera": "AC 134 - KR 57", "localidad": "Suba", "longitud": -74.06477376000001, "latitud": 4.72367436, "consecutivo_zona": "116", "tipo_m_s": "S", "consola": "AC 134 - KR 57 (116A02)", "panel": "AC 134 - KR 57", "audio": "Avenida Calle 134 Carrera 57", "zonas_nuevas": "C", "globalid": "{4E2378B1-45BB-43F8-B999-B547A1B35643}" }, "geometry": { "type": "Point", "coordinates": [ -74.064773762675941, 4.7236743571715 ] } },
{ "type": "Feature", "properties": { "objectid": 1846, "cenefa": "116A03", "zona_sitp": "03", "nombre": "Br. Compartir Suba", "via": "Cl 151 B", "direccion_bandera": "CL 151 B - KR 117", "localidad": "Suba", "longitud": -74.10367206, "latitud": 4.75582717, "consecutivo_zona": "116", "tipo_m_s": "S", "consola": "CL 151 B - KR 117 (116A03)", "panel": "CL 151 B - KR 117", "audio": "Calle 151 Be Carrera 117", "zonas_nuevas": "C", "globalid": "{1D61FD08-C63A-477F-9EC2-9B13747724D4}" }, "geometry": { "type": "Point", "coordinates": [ -74.103672062624071, 4.755827165654027 ] } },
{ "type": "Feature", "properties": { "objectid": 1864, "cenefa": "117A02", "zona_sitp": "02", "nombre": "Br. Prado Veraniego Norte - La Hacienda", "via": "AC 134", "direccion_bandera": "AC 134 - KR 55A", "localidad": "Suba", "longitud": -74.0626578, "latitud": 4.72256863, "consecutivo_zona": "117", "tipo_m_s": "S", "consola": "AC 134 - KR 55A (117A02)", "panel": "AC 134 - KR 55A", "audio": "Avenida Calle 134 Carrera 55 A", "zonas_nuevas": "C", "globalid": "{CBF98BE1-D872-4394-AA6E-826EAFAF3DE3}" }, "geometry": { "type": "Point", "coordinates": [ -74.062657797127429, 4.722568633221486 ] } },
{ "type": "Feature", "properties": { "objectid": 1865, "cenefa": "117A03", "zona_sitp": "03", "nombre": "Br. Compartir Suba", "via": "Cl 151 B", "direccion_bandera": "CL 151 B - KR 117", "localidad": "Suba", "longitud": -74.10390814, "latitud": 4.75577273, "consecutivo_zona": "117", "tipo_m_s": "S", "consola": "CL 151 B - KR 117 (117A03)", "panel": "CL 151 B - KR 117", "audio": "Calle 151 Be 117", "zonas_nuevas": "C", "globalid": "{25EC6823-BF4E-42C3-980B-060C247DE0FD}" }, "geometry": { "type": "Point", "coordinates": [ -74.103908140284034, 4.755772727315148 ] } },
{ "type": "Feature", "properties": { "objectid": 1881, "cenefa": "118A02", "zona_sitp": "02", "nombre": "Br. La Sultana", "via": "AC 134", "direccion_bandera": "AC 134 - KR 53 B", "localidad": "Suba", "longitud": -74.05910879, "latitud": 4.72021533, "consecutivo_zona": "118", "tipo_m_s": "S", "consola": "AC 134 - KR 53 B (118A02)", "panel": "AC 134 - KR 53 B", "audio": "Avenida Calle 134 Carrera 53 Be", "zonas_nuevas": "C", "globalid": "{6024AD85-AAF7-4D0D-8209-883A7DD50EBC}" }, "geometry": { "type": "Point", "coordinates": [ -74.059108793003247, 4.720215329193319 ] } },
{ "type": "Feature", "properties": { "objectid": 1882, "cenefa": "118A03", "zona_sitp": "03", "nombre": "Urbanización Camino Verde", "via": "CL 152", "direccion_bandera": "CL 152 - KR 116", "localidad": "Suba", "longitud": -74.101702, "latitud": 4.757291, "consecutivo_zona": "118", "tipo_m_s": "S", "consola": "CL 152 - KR 116 (118A03)", "panel": "CL 152 - KR 116", "audio": "Calle 152 Carrera 116", "zonas_nuevas": "C", "globalid": "{CA12C297-F7CF-4F37-A906-52822016BA84}" }, "geometry": { "type": "Point", "coordinates": [ -74.101702000275964, 4.757291000446419 ] } },
{ "type": "Feature", "properties": { "objectid": 1898, "cenefa": "119A02", "zona_sitp": "02", "nombre": "Br. Prado Veraniego", "via": "AC 134", "direccion_bandera": "AC 134 - KR 49A", "localidad": "Suba", "longitud": -74.05588231, "latitud": 4.71906109, "consecutivo_zona": "119", "tipo_m_s": "S", "consola": "AC 134 - KR 49A (119A02)", "panel": "AC 134 - KR 49A", "audio": "Avenida Calle 134 Carrera 49 A", "zonas_nuevas": "C", "globalid": "{A27CB87E-A2A5-40C4-9541-64E4330C919D}" }, "geometry": { "type": "Point", "coordinates": [ -74.055882315291683, 4.719061094162019 ] } },
{ "type": "Feature", "properties": { "objectid": 1899, "cenefa": "119A03", "zona_sitp": "03", "nombre": "Urbanización Los Almendros Norte", "via": "CL 152B", "direccion_bandera": "CL 152B - KR 114 D", "localidad": "Suba", "longitud": -74.09981607, "latitud": 4.75684991, "consecutivo_zona": "119", "tipo_m_s": "S", "consola": "CL 152B - KR 114 D (119A03)", "panel": "CL 152B - KR 114 D", "audio": "Calle 152 Be Carrera 114 D", "zonas_nuevas": "C", "globalid": "{EAB6952E-9EFE-4BC1-BAC9-DDB889447852}" }, "geometry": { "type": "Point", "coordinates": [ -74.099816075426105, 4.756849908828307 ] } },
{ "type": "Feature", "properties": { "objectid": 1919, "cenefa": "120A02", "zona_sitp": "02", "nombre": "Br. Prado Pinzón", "via": "AC  138", "direccion_bandera": "AC 138 - KR 49", "localidad": "Suba", "longitud": -74.05445413, "latitud": 4.72455444, "consecutivo_zona": "120", "tipo_m_s": "S", "consola": "AC 138 - KR 49 (120A02)", "panel": "AC 138 - KR 49", "audio": "Avenida Calle 138 Carrera 49", "zonas_nuevas": "B", "globalid": "{489C7DA4-B82A-4E16-939A-A4EE40917C1B}" }, "geometry": { "type": "Point", "coordinates": [ -74.054454129041389, 4.724554443589009 ] } },
{ "type": "Feature", "properties": { "objectid": 1920, "cenefa": "120A03", "zona_sitp": "03", "nombre": "Br. Los Almendros Norte", "via": "KR  115", "direccion_bandera": "KR 115 - CL 151 D", "localidad": "Suba", "longitud": -74.10092553, "latitud": 4.75648301, "consecutivo_zona": "120", "tipo_m_s": "S", "consola": "KR 115 - CL 151 D  (120A03)", "panel": "KR 115 - CL 151 D", "audio": "Carrera 115 Calle 151 D", "zonas_nuevas": "C", "globalid": "{088EB489-8A54-493C-BB78-E4C7C925837F}" }, "geometry": { "type": "Point", "coordinates": [ -74.100925527847963, 4.756483011847052 ] } },
{ "type": "Feature", "properties": { "objectid": 1937, "cenefa": "121A02", "zona_sitp": "02", "nombre": "Agrupación Fuerte Ventura", "via": "AC  138", "direccion_bandera": "AC 138 - KR 49-65", "localidad": "Suba", "longitud": -74.0545682, "latitud": 4.72439803, "consecutivo_zona": "121", "tipo_m_s": "S", "consola": "AC 138 - KR 49-65 (121A02)", "panel": "AC 138 - KR 49-65", "audio": "Avenida Calle 138 Carrera 49", "zonas_nuevas": "B", "globalid": "{151E65AC-4882-4D96-9E3F-287E6437F674}" }, "geometry": { "type": "Point", "coordinates": [ -74.054568198265471, 4.724398031060898 ] } },
{ "type": "Feature", "properties": { "objectid": 1938, "cenefa": "121A03", "zona_sitp": "03", "nombre": "Br. Santa Cecilia", "via": "Cl 132 (LISBOA)", "direccion_bandera": "CL 132 - KR 159", "localidad": "Suba", "longitud": -74.12974545, "latitud": 4.74021023, "consecutivo_zona": "121", "tipo_m_s": "S", "consola": "CL 132 - KR 159 (121A03)", "panel": "CL 132 - KR 159", "audio": "Calle 132 Carrera 159", "zonas_nuevas": "C", "globalid": "{EC65A0A8-A572-4FC7-8A50-B2C1944B4645}" }, "geometry": { "type": "Point", "coordinates": [ -74.129745451107667, 4.740210232664205 ] } },
{ "type": "Feature", "properties": { "objectid": 1953, "cenefa": "122A02", "zona_sitp": "02", "nombre": "Urb. El Moral", "via": "AC  138", "direccion_bandera": "AC 138 - KR 54", "localidad": "Suba", "longitud": -74.05817008, "latitud": 4.72587036, "consecutivo_zona": "122", "tipo_m_s": "S", "consola": "AC 138 - KR 54 (122A02)", "panel": "AC 138 - KR 54", "audio": "Avenida Calle 138 Carrera 54", "zonas_nuevas": "C", "globalid": "{55998C15-79E8-45EA-A426-250C5F2E493F}" }, "geometry": { "type": "Point", "coordinates": [ -74.058170083881208, 4.725870363920916 ] } },
{ "type": "Feature", "properties": { "objectid": 1954, "cenefa": "122A03", "zona_sitp": "03", "nombre": "Br. Santa Cecilia I", "via": "CL 132 D", "direccion_bandera": "CL 132D - KR 159", "localidad": "Suba", "longitud": -74.12945806, "latitud": 4.74023367, "consecutivo_zona": "122", "tipo_m_s": "S", "consola": "CL 132D - KR 159 (122A03)", "panel": "CL 132D - KR 159", "audio": "Calle 132 D Carrera 159", "zonas_nuevas": "C", "globalid": "{CBA95D53-AFAB-467F-ADBF-8D5B8F9143DF}" }, "geometry": { "type": "Point", "coordinates": [ -74.129458061286968, 4.740233667742391 ] } },
{ "type": "Feature", "properties": { "objectid": 1971, "cenefa": "123A02", "zona_sitp": "02", "nombre": "Br. Castañuela II", "via": "AC  138", "direccion_bandera": "AC 138 - KR 54", "localidad": "Suba", "longitud": -74.058091190000013, "latitud": 4.72567273, "consecutivo_zona": "123", "tipo_m_s": "S", "consola": "AC 138 - KR 54 (123A02)", "panel": "AC 138 - KR 54", "audio": "Avenida Calle 138 Carrera 54", "zonas_nuevas": "C", "globalid": "{810E8008-82C7-4AA9-80D2-DB5A8AE2B3B7}" }, "geometry": { "type": "Point", "coordinates": [ -74.058091194313178, 4.725672725248899 ] } },
{ "type": "Feature", "properties": { "objectid": 1972, "cenefa": "123A03", "zona_sitp": "03", "nombre": "Br. Santa Cecilia", "via": "CL 132 D", "direccion_bandera": "CL 132D - KR 155", "localidad": "Suba", "longitud": -74.12580007, "latitud": 4.74192675, "consecutivo_zona": "123", "tipo_m_s": "S", "consola": "CL 132D - KR 155 (123A03)", "panel": "CL 132D - KR 155", "audio": "Calle 132 D Carrera 155", "zonas_nuevas": "C", "globalid": "{6A9D45B2-9DC8-4F25-8BC8-D834478EB13E}" }, "geometry": { "type": "Point", "coordinates": [ -74.125800066357058, 4.741926748943545 ] } },
{ "type": "Feature", "properties": { "objectid": 1991, "cenefa": "124A02", "zona_sitp": "02", "nombre": "Círculo de Suboficiales de las FF.MM.", "via": "AC  138", "direccion_bandera": "AC 138 - KR 56", "localidad": "Suba", "longitud": -74.061052190000012, "latitud": 4.72690586, "consecutivo_zona": "124", "tipo_m_s": "S", "consola": "AC 138 - KR 56 (124A02)", "panel": "AC 138 - KR 56", "audio": "Avenida Calle 138 Carrera 56", "zonas_nuevas": "C", "globalid": "{671D9A5E-7676-45BB-8C47-97A9DAD8DEAB}" }, "geometry": { "type": "Point", "coordinates": [ -74.061052192427823, 4.726905856278202 ] } },
{ "type": "Feature", "properties": { "objectid": 1992, "cenefa": "124A03", "zona_sitp": "03", "nombre": "Br. Santa Cecilia", "via": "CL 132 D", "direccion_bandera": "CL 132D - KR 156", "localidad": "Suba", "longitud": -74.12582869, "latitud": 4.74182636, "consecutivo_zona": "124", "tipo_m_s": "S", "consola": "CL 132D - KR 156 (124A03)", "panel": "CL 132D - KR 156", "audio": "Calle 132 D Carrera 156", "zonas_nuevas": "C", "globalid": "{0BEDAA15-A612-4D46-8B5F-44738CF4FFBE}" }, "geometry": { "type": "Point", "coordinates": [ -74.125828687199714, 4.741826356194029 ] } },
{ "type": "Feature", "properties": { "objectid": 2009, "cenefa": "125A02", "zona_sitp": "02", "nombre": "Parque Comercial La Colina 138", "via": "AC  138", "direccion_bandera": "AC 138 - KR 55", "localidad": "Suba", "longitud": -74.06035052, "latitud": 4.72646896, "consecutivo_zona": "125", "tipo_m_s": "S", "consola": "AC 138 - KR 55 (125A02)", "panel": "AC 138 - KR 55", "audio": "Avenida Calle 138 Carrera 55", "zonas_nuevas": "C", "globalid": "{D7E7FE14-3909-4951-8BC3-3807A76F93FB}" }, "geometry": { "type": "Point", "coordinates": [ -74.060350515629509, 4.726468962750319 ] } },
{ "type": "Feature", "properties": { "objectid": 2010, "cenefa": "125A03", "zona_sitp": "03", "nombre": "Cl 132", "via": "KR  154", "direccion_bandera": "KR 154 - CL 132", "localidad": "Suba", "longitud": -74.12442711, "latitud": 4.74197622, "consecutivo_zona": "125", "tipo_m_s": "S", "consola": "KR 154 - CL 132 (125A03)", "panel": "KR 154 - CL 132", "audio": "Carrera 154 Calle 132", "zonas_nuevas": "C", "globalid": "{1E1151BF-49AE-4603-879B-EB40466AE05B}" }, "geometry": { "type": "Point", "coordinates": [ -74.124427114268443, 4.741976224147656 ] } },
{ "type": "Feature", "properties": { "objectid": 2030, "cenefa": "126A02", "zona_sitp": "02", "nombre": "Urb. Santa Helena", "via": "AC  138", "direccion_bandera": "AC 138 - KR 57", "localidad": "Suba", "longitud": -74.06374926, "latitud": 4.72794521, "consecutivo_zona": "126", "tipo_m_s": "S", "consola": "AC 138 - KR 57 (126A02)", "panel": "AC 138 - KR 57", "audio": "Avenida Calle 138 Carrera 57", "zonas_nuevas": "C", "globalid": "{B015DE4A-FCB8-473C-8116-CA0B47F48D75}" }, "geometry": { "type": "Point", "coordinates": [ -74.063749256290393, 4.727945206148545 ] } },
{ "type": "Feature", "properties": { "objectid": 2031, "cenefa": "126A03", "zona_sitp": "03", "nombre": "Br. Lisboa", "via": "Cl 130", "direccion_bandera": "CL 130 - KR 153", "localidad": "Suba", "longitud": -74.12288291, "latitud": 4.74064071, "consecutivo_zona": "126", "tipo_m_s": "S", "consola": "CL 130 - KR 153 (126A03)", "panel": "CL 130 - KR 153", "audio": "Calle 130 Carrera 153", "zonas_nuevas": "C", "globalid": "{B46A7A3A-94B9-47F3-987C-59B2092AE613}" }, "geometry": { "type": "Point", "coordinates": [ -74.122882906765298, 4.74064071085252 ] } },
{ "type": "Feature", "properties": { "objectid": 2049, "cenefa": "127A02", "zona_sitp": "02", "nombre": "C.C. Portoalegre", "via": "AC  138", "direccion_bandera": "AC 138 - AV. Villas", "localidad": "Suba", "longitud": -74.06492059, "latitud": 4.72831436, "consecutivo_zona": "127", "tipo_m_s": "S", "consola": "AC 138 - AV. Villas (127A02)", "panel": "AC 138 - AV. Villas", "audio": "Avenida Calle 138 Avenida Villas", "zonas_nuevas": "C", "globalid": "{3CB3FEC6-1334-48E4-BF43-D538B5BF41D3}" }, "geometry": { "type": "Point", "coordinates": [ -74.064920584730373, 4.728314363226495 ] } },
{ "type": "Feature", "properties": { "objectid": 2050, "cenefa": "127A03", "zona_sitp": "03", "nombre": "Hospital Suba CAP Lisboa", "via": "CL 132 D", "direccion_bandera": "CL 132 D - KR 151 A", "localidad": "Suba", "longitud": -74.12194752, "latitud": 4.7434812, "consecutivo_zona": "127", "tipo_m_s": "S", "consola": "CL 132 D - KR 151 A (127A03)", "panel": "CL 132 D - KR 151 A", "audio": "Calle 132 D Carrera 151 A", "zonas_nuevas": "C", "globalid": "{F9C97E20-2874-422B-9DFB-BD01719CDD83}" }, "geometry": { "type": "Point", "coordinates": [ -74.12194751826182, 4.743481200376037 ] } },
{ "type": "Feature", "properties": { "objectid": 2068, "cenefa": "128A02", "zona_sitp": "02", "nombre": "Colegio Hijas de Cristo Rey", "via": "AC  138", "direccion_bandera": "AC 138 - AV. Villas", "localidad": "Suba", "longitud": -74.06630133, "latitud": 4.7289691, "consecutivo_zona": "128", "tipo_m_s": "S", "consola": "AC 138 - AV. Villas (128A02)", "panel": "AC 138 - AV. Villas", "audio": "Avenida Calle 138 Avenida Villas", "zonas_nuevas": "C", "globalid": "{AB26815A-48D6-4760-AF33-29DB1658C9A3}" }, "geometry": { "type": "Point", "coordinates": [ -74.066301328865265, 4.728969101223075 ] } },
{ "type": "Feature", "properties": { "objectid": 2069, "cenefa": "128A03", "zona_sitp": "03", "nombre": "Br. Lisboa", "via": "CL 132 D", "direccion_bandera": "CL 132 D - KR 151 A", "localidad": "Suba", "longitud": -74.12235932, "latitud": 4.74322572, "consecutivo_zona": "128", "tipo_m_s": "S", "consola": "CL 132 D - KR 151 A (128A03)", "panel": "CL 132 D - KR 151 A", "audio": "Calle 132 D Carrera 151 A", "zonas_nuevas": "C", "globalid": "{58D549F1-3EA2-4DF9-9D55-90E9CC4B2FB0}" }, "geometry": { "type": "Point", "coordinates": [ -74.122359319666543, 4.743225716040926 ] } },
{ "type": "Feature", "properties": { "objectid": 2082, "cenefa": "129A02", "zona_sitp": "02", "nombre": "Urb. El Refugio de la Colina", "via": "AC  138", "direccion_bandera": "AC 138 - AV. Boyacá", "localidad": "Suba", "longitud": -74.06952581, "latitud": 4.72993733, "consecutivo_zona": "129", "tipo_m_s": "S", "consola": "AC 138 - AV. Boyacá (129A02)", "panel": "AC 138 - AV. Boyacá", "audio": "Avenida Calle 138 Avenida Boyacá", "zonas_nuevas": "C", "globalid": "{8FB1C4DD-290C-42EC-8C4E-98DC45C63685}" }, "geometry": { "type": "Point", "coordinates": [ -74.069525808620426, 4.729937329393069 ] } },
{ "type": "Feature", "properties": { "objectid": 2083, "cenefa": "129A03", "zona_sitp": "03", "nombre": "Br. Lisboa", "via": "CL 132 D", "direccion_bandera": "CL 132 D - KR 149 C", "localidad": "Suba", "longitud": -74.11962909, "latitud": 4.74440622, "consecutivo_zona": "129", "tipo_m_s": "S", "consola": "CL 132 D - KR 149 C (129A03)", "panel": "CL 132 D - KR 149 C", "audio": "Calle 132 D Carrera 149 C", "zonas_nuevas": "C", "globalid": "{BF58F8A7-BED9-4065-ACB7-8F7684C64DD6}" }, "geometry": { "type": "Point", "coordinates": [ -74.119629086992347, 4.744406216735416 ] } },
{ "type": "Feature", "properties": { "objectid": 2101, "cenefa": "130A02", "zona_sitp": "02", "nombre": "Br. Atenas", "via": "AC  138", "direccion_bandera": "AC 138 - Kr72A", "localidad": "Suba", "longitud": -74.07001422, "latitud": 4.73025872, "consecutivo_zona": "130", "tipo_m_s": "S", "consola": "AC 138 - Kr72A (130A02)", "panel": "AC 138 - Kr72A", "audio": "Avenida Calle 138 Carrera72 A", "zonas_nuevas": "C", "globalid": "{7C5CD15F-1917-4B5C-9D57-52589FA7301B}" }, "geometry": { "type": "Point", "coordinates": [ -74.070014223031421, 4.730258724004089 ] } },
{ "type": "Feature", "properties": { "objectid": 2102, "cenefa": "130A03", "zona_sitp": "03", "nombre": "Br. Tibabuyes", "via": "CL 132 D", "direccion_bandera": "CL 132 D -KR 148 B", "localidad": "Suba", "longitud": -74.11982627, "latitud": 4.74423493, "consecutivo_zona": "130", "tipo_m_s": "S", "consola": "CL 132 D -KR 148 B (130A03)", "panel": "CL 132 D -KR 148 B", "audio": "Calle 132 D Carrera 148 Be", "zonas_nuevas": "C", "globalid": "{7EC655FA-4062-4A84-9D33-F61DD739D9C2}" }, "geometry": { "type": "Point", "coordinates": [ -74.119826271216894, 4.744234928007754 ] } },
{ "type": "Feature", "properties": { "objectid": 2115, "cenefa": "131A02", "zona_sitp": "02", "nombre": "Br. Atenas", "via": "AC  138", "direccion_bandera": "AC 138 - 73-52", "localidad": "Suba", "longitud": -74.07198197, "latitud": 4.73094438, "consecutivo_zona": "131", "tipo_m_s": "S", "consola": "AC 138 - 73-52 (131A02)", "panel": "AC 138 - 73-52", "audio": "Avenida Calle 138 Carrera 73", "zonas_nuevas": "C", "globalid": "{4851E212-1712-4A9F-930D-A99D66CA46E8}" }, "geometry": { "type": "Point", "coordinates": [ -74.071981964778345, 4.730944375944755 ] } },
{ "type": "Feature", "properties": { "objectid": 2131, "cenefa": "132A02", "zona_sitp": "02", "nombre": "C.C. Portoalegre", "via": "AV. Villas", "direccion_bandera": "AV. Villas - CL 137B", "localidad": "Suba", "longitud": -74.06476882, "latitud": 4.7276231, "consecutivo_zona": "132", "tipo_m_s": "S", "consola": "AV. Villas - CL 137B (132A02)", "panel": "AV. Villas - CL 137B", "audio": "Avenida Villas Calle 137 Be", "zonas_nuevas": "C", "globalid": "{7C3B90B9-91E7-4443-A5AE-ED8B1A89EEC6}" }, "geometry": { "type": "Point", "coordinates": [ -74.064768824158435, 4.727623103984889 ] } },
{ "type": "Feature", "properties": { "objectid": 2145, "cenefa": "133A02", "zona_sitp": "02", "nombre": "Urb. Iberia Triangulo II", "via": "AV. Villas", "direccion_bandera": "AV. Villas - CL 130A", "localidad": "Suba", "longitud": -74.067852190000011, "latitud": 4.72060352, "consecutivo_zona": "133", "tipo_m_s": "S", "consola": "AV. Villas - CL 130A (133A02)", "panel": "AV. Villas - CL 130A", "audio": "Avenida Villas Calle 130 A", "zonas_nuevas": "C", "globalid": "{F5C05C95-969E-469C-96DD-C5DB1AC234F6}" }, "geometry": { "type": "Point", "coordinates": [ -74.067852191367635, 4.720603520956883 ] } },
{ "type": "Feature", "properties": { "objectid": 2146, "cenefa": "133A03", "zona_sitp": "03", "nombre": "Br. La Fontana", "via": "KR  115", "direccion_bandera": "KR 115 - CL 147 A - 09 / 15", "localidad": "Suba", "longitud": -74.10336854000001, "latitud": 4.75277819, "consecutivo_zona": "133", "tipo_m_s": "S", "consola": "KR 115 - CL 147 A - 09 / 15 (133A03)", "panel": "KR 115 - CL 147 A - 09 / 15", "audio": "Carrera 115 Calle 147 A", "zonas_nuevas": "C", "globalid": "{045ABAC0-C368-47B0-A862-DDF078B4C572}" }, "geometry": { "type": "Point", "coordinates": [ -74.10336854288127, 4.752778193021819 ] } },
{ "type": "Feature", "properties": { "objectid": 2161, "cenefa": "134A02", "zona_sitp": "02", "nombre": "Br. Bosque de Los Urapanes", "via": "AV. Villas", "direccion_bandera": "AV. Villas - CL 138", "localidad": "Suba", "longitud": -74.06383368, "latitud": 4.7301752, "consecutivo_zona": "134", "tipo_m_s": "S", "consola": "AV. Villas - CL 138 (134A02)", "panel": "AV. Villas - CL 138", "audio": "Avenida Villas Calle 138", "zonas_nuevas": "C", "globalid": "{82D62A99-51F0-41E8-86AF-FA2DD5BAE902}" }, "geometry": { "type": "Point", "coordinates": [ -74.063833683685402, 4.730175196309913 ] } },
{ "type": "Feature", "properties": { "objectid": 2162, "cenefa": "134A03", "zona_sitp": "03", "nombre": "Urb. La Fontana", "via": "KR  115", "direccion_bandera": "KR 115 - CL 147A", "localidad": "Suba", "longitud": -74.10353811, "latitud": 4.75230211, "consecutivo_zona": "134", "tipo_m_s": "S", "consola": "KR 115 - CL 147A (134A03)", "panel": "KR 115 - CL 147A", "audio": "Carrera 115 Calle 147 A", "zonas_nuevas": "C", "globalid": "{F10831B7-08A6-4598-BD3C-DA4BE359D316}" }, "geometry": { "type": "Point", "coordinates": [ -74.103538109681438, 4.752302108768652 ] } },
{ "type": "Feature", "properties": { "objectid": 2176, "cenefa": "135A02", "zona_sitp": "02", "nombre": "Br. El Rincón de Iberia", "via": "AV. Villas", "direccion_bandera": "AV. Villas - CL 136", "localidad": "Suba", "longitud": -74.065344939999989, "latitud": 4.72627495, "consecutivo_zona": "135", "tipo_m_s": "S", "consola": "AV. Villas - CL 136 (135A02)", "panel": "AV. Villas - CL 136", "audio": "Avenida Villas Calle 136", "zonas_nuevas": "C", "globalid": "{1D63CBAB-8FF8-42A7-AE4F-90C9E59DDA23}" }, "geometry": { "type": "Point", "coordinates": [ -74.065344942940285, 4.726274952393822 ] } },
{ "type": "Feature", "properties": { "objectid": 2177, "cenefa": "135A03", "zona_sitp": "03", "nombre": "Br. Rincón de Santa Inés", "via": "KR  115", "direccion_bandera": "KR 115 - CL 151 A", "localidad": "Suba", "longitud": -74.1019053, "latitud": 4.75509408, "consecutivo_zona": "135", "tipo_m_s": "S", "consola": "KR 115 - CL 151 A (135A03)", "panel": "KR 115 - CL 151 A", "audio": "Carrera 115 Calle 151 A", "zonas_nuevas": "C", "globalid": "{A42819C7-72A2-43ED-AC5B-2F2C93FF1E52}" }, "geometry": { "type": "Point", "coordinates": [ -74.101905303110541, 4.75509407988741 ] } },
{ "type": "Feature", "properties": { "objectid": 2193, "cenefa": "136A02", "zona_sitp": "02", "nombre": "C.C. Iserra 100", "via": "AC 100", "direccion_bandera": "AC 100 - TV 55", "localidad": "Suba", "longitud": -74.06442031, "latitud": 4.68904337, "consecutivo_zona": "136", "tipo_m_s": "M", "consola": "AC 100 - TV 55 (136A02)", "panel": "AC 100 - TV 55", "audio": "Avenida Calle 100 Transversal 55", "zonas_nuevas": "C", "globalid": "{AD545B81-D872-4E1A-9CD8-44D0AAF73834}" }, "geometry": { "type": "Point", "coordinates": [ -74.064420309048103, 4.689043367077679 ] } },
{ "type": "Feature", "properties": { "objectid": 2194, "cenefa": "136A03", "zona_sitp": "03", "nombre": "Parque Las Flores", "via": "KR 115", "direccion_bandera": "KR 115 - CL 151", "localidad": "Suba", "longitud": -74.10205703, "latitud": 4.7546685, "consecutivo_zona": "136", "tipo_m_s": "S", "consola": "KR 115 - CL 151 (136A03)", "panel": "KR 115 - CL 151", "audio": "Carrera 115 Calle 151", "zonas_nuevas": "C", "globalid": "{8E516B52-176B-41C3-99C7-1BAB36A12312}" }, "geometry": { "type": "Point", "coordinates": [ -74.102057032824817, 4.754668496773843 ] } },
{ "type": "Feature", "properties": { "objectid": 2204, "cenefa": "136B02", "zona_sitp": "02", "nombre": "C.C. Iserra 100", "via": "AC 100", "direccion_bandera": "AC 100 - TV 55", "localidad": "Suba", "longitud": -74.06430371, "latitud": 4.68900933, "consecutivo_zona": "136", "tipo_m_s": "M", "consola": "AC 100 - TV 55 (136B02)", "panel": "AC 100 - TV 55", "audio": "Avenida Calle 100 Transversal 55", "zonas_nuevas": "C", "globalid": "{2CC7CBAA-AFAB-4551-93BF-67C837AB833F}" }, "geometry": { "type": "Point", "coordinates": [ -74.064303709680615, 4.689009326701471 ] } },
{ "type": "Feature", "properties": { "objectid": 2206, "cenefa": "136C02", "zona_sitp": "02", "nombre": "C.C. Iserra 100", "via": "AC 100", "direccion_bandera": "AC 100 - TV 55", "localidad": "Suba", "longitud": -74.06371297, "latitud": 4.68883878, "consecutivo_zona": "136", "tipo_m_s": "M", "consola": "AC 100 - TV 55 (136C02)", "panel": "AC 100 - TV 55", "audio": "Avenida Calle 100 Transversal 55", "zonas_nuevas": "C", "globalid": "{B51FC523-DF40-42EC-8E5E-08BF21B86958}" }, "geometry": { "type": "Point", "coordinates": [ -74.063712971655178, 4.688838776216799 ] } },
{ "type": "Feature", "properties": { "objectid": 2208, "cenefa": "137A02", "zona_sitp": "02", "nombre": "Br. La Alhambra", "via": "AV PEPE SIERRA", "direccion_bandera": "AC 116 - KR 48-29", "localidad": "Suba", "longitud": -74.05852486, "latitud": 4.69994844, "consecutivo_zona": "137", "tipo_m_s": "S", "consola": "AC 116 - KR 48-29 (137A02)", "panel": "AC 116 - KR 48-29", "audio": "Avenida Calle 116 Carrera 48", "zonas_nuevas": "C", "globalid": "{98EDF25A-AE0D-4C11-A040-24B9B8F54197}" }, "geometry": { "type": "Point", "coordinates": [ -74.058524859142295, 4.699948436555616 ] } },
{ "type": "Feature", "properties": { "objectid": 2209, "cenefa": "137A03", "zona_sitp": "03", "nombre": "Br. Villa Cindy", "via": "KR  158 B", "direccion_bandera": "KR 158 B - CL 136 C", "localidad": "Suba", "longitud": -74.12920112, "latitud": 4.74290337, "consecutivo_zona": "137", "tipo_m_s": "S", "consola": "KR 158 B - CL 136 C  (137A03)", "panel": "KR 158 B - CL 136 C", "audio": "Carrera 158 Be Calle 136 C", "zonas_nuevas": "C", "globalid": "{F6B9C8E2-7D61-40B1-9C26-6C547111A3D5}" }, "geometry": { "type": "Point", "coordinates": [ -74.129201116587311, 4.742903367844568 ] } },
{ "type": "Feature", "properties": { "objectid": 2218, "cenefa": "138A02", "zona_sitp": "02", "nombre": "Pq. Córdoba", "via": "AC 127", "direccion_bandera": "AC 127 - KR 54", "localidad": "Suba", "longitud": -74.06328702, "latitud": 4.70828603, "consecutivo_zona": "138", "tipo_m_s": "S", "consola": "AC 127 - KR 54 (138A02)", "panel": "AC 127 - KR 54", "audio": "Avenida Calle 127 Carrera 54", "zonas_nuevas": "C", "globalid": "{D479C685-7D7C-4D75-83FC-CE7BF5EA73E9}" }, "geometry": { "type": "Point", "coordinates": [ -74.06328702242908, 4.708286029928309 ] } },
{ "type": "Feature", "properties": { "objectid": 2219, "cenefa": "138A03", "zona_sitp": "03", "nombre": "Br. Villa Cindy", "via": "KR  158 B", "direccion_bandera": "KR 158 B - CL 136 D", "localidad": "Suba", "longitud": -74.12911511, "latitud": 4.74289437, "consecutivo_zona": "138", "tipo_m_s": "S", "consola": "KR 158 B - CL 136 D  (138A03)", "panel": "KR 158 B - CL 136 D", "audio": "Carrera 158 Be Calle 136 D", "zonas_nuevas": "C", "globalid": "{3D4338A5-F87F-41C2-A13F-1D67365EE885}" }, "geometry": { "type": "Point", "coordinates": [ -74.129115115165902, 4.742894367377736 ] } },
{ "type": "Feature", "properties": { "objectid": 2229, "cenefa": "139A02", "zona_sitp": "02", "nombre": "Br. La Alhambra", "via": "AV PEPE SIERRA", "direccion_bandera": "AC 116 - KR 50-50", "localidad": "Suba", "longitud": -74.06016505000001, "latitud": 4.70045236, "consecutivo_zona": "139", "tipo_m_s": "S", "consola": "AC 116 - KR 50-50 (139A02)", "panel": "AC 116 - KR 50-50", "audio": "Avenida Calle 116 Carrera 50", "zonas_nuevas": "C", "globalid": "{898ED1D1-96D1-4D65-B0D6-806524902C76}" }, "geometry": { "type": "Point", "coordinates": [ -74.060165053228687, 4.700452359973954 ] } },
{ "type": "Feature", "properties": { "objectid": 2230, "cenefa": "139A03", "zona_sitp": "03", "nombre": " Santa Rita de Suba", "via": "CL 138", "direccion_bandera": "CL 138 - KR 158B", "localidad": "Suba", "longitud": -74.12840408, "latitud": 4.7443271, "consecutivo_zona": "139", "tipo_m_s": "S", "consola": "CL 138 - KR 158B (139A03)", "panel": "CL 138 - KR 158B", "audio": "Calle 138 Carrera 158 Be", "zonas_nuevas": "C", "globalid": "{18059C68-B509-4DDB-B0A8-6AB0D9A0BCF0}" }, "geometry": { "type": "Point", "coordinates": [ -74.128404075604919, 4.744327101087367 ] } },
{ "type": "Feature", "properties": { "objectid": 2241, "cenefa": "140A02", "zona_sitp": "02", "nombre": "Br. Mónaco", "via": "KR 53", "direccion_bandera": "AC 116 - KR 53B", "localidad": "Suba", "longitud": -74.06400477, "latitud": 4.70109764, "consecutivo_zona": "140", "tipo_m_s": "S", "consola": "AC 116 - KR 53B (140A02)", "panel": "AC 116 - KR 53B", "audio": "Avenida Calle 116 Carrera 53 Be", "zonas_nuevas": "C", "globalid": "{C74DC78E-E4DA-4681-BF3B-490B748D2682}" }, "geometry": { "type": "Point", "coordinates": [ -74.064004767217526, 4.701097641910699 ] } },
{ "type": "Feature", "properties": { "objectid": 2242, "cenefa": "140A03", "zona_sitp": "03", "nombre": " Santa Rita de Suba", "via": "CL 138", "direccion_bandera": "CL 138 - KR 158B", "localidad": "Suba", "longitud": -74.12856819, "latitud": 4.74428532, "consecutivo_zona": "140", "tipo_m_s": "S", "consola": "CL 138 - KR 158B (140A03)", "panel": "CL 138 - KR 158B", "audio": "Calle 138 Carrera 158 Be", "zonas_nuevas": "C", "globalid": "{B2DEA44A-356B-45AD-A5FD-8AF79BEE0621}" }, "geometry": { "type": "Point", "coordinates": [ -74.128568188197846, 4.744285317222312 ] } },
{ "type": "Feature", "properties": { "objectid": 2255, "cenefa": "141A02", "zona_sitp": "02", "nombre": "Br. Mónaco", "via": "AC 116", "direccion_bandera": "AC 116 - KR 53", "localidad": "Suba", "longitud": -74.06359701000001, "latitud": 4.7008049, "consecutivo_zona": "141", "tipo_m_s": "S", "consola": "AC 116 - KR 53 (141A02)", "panel": "AC 116 - KR 53", "audio": "Avenida Calle 116 Carrera 53", "zonas_nuevas": "C", "globalid": "{5AC93027-B60C-4C1C-8A8C-A0102B140EE8}" }, "geometry": { "type": "Point", "coordinates": [ -74.063597005346125, 4.700804896581905 ] } },
{ "type": "Feature", "properties": { "objectid": 2256, "cenefa": "141A03", "zona_sitp": "03", "nombre": "Br. Villa Cindy", "via": "KR  156 A", "direccion_bandera": "KR 156 A - CL 136 A", "localidad": "Suba", "longitud": -74.126915, "latitud": 4.743088, "consecutivo_zona": "141", "tipo_m_s": "S", "consola": "KR 156 A - CL 136 A  (141A03)", "panel": "KR 156 A - CL 136 A", "audio": "Carrera 156 A Calle 136 A", "zonas_nuevas": "C", "globalid": "{A1883B4E-D446-4367-B8C2-8151251239E3}" }, "geometry": { "type": "Point", "coordinates": [ -74.126914999616417, 4.743088000232795 ] } },
{ "type": "Feature", "properties": { "objectid": 2267, "cenefa": "142A02", "zona_sitp": "02", "nombre": "Pq. Canal Molinos", "via": "AV PEPE SIERRA", "direccion_bandera": "AC 116 - KR 54B", "localidad": "Suba", "longitud": -74.06575433, "latitud": 4.70144767, "consecutivo_zona": "142", "tipo_m_s": "S", "consola": "AC 116 - KR 54B (142A02)", "panel": "AC 116 - KR 54B", "audio": "Avenida Calle 116 Carrera 54 Be", "zonas_nuevas": "C", "globalid": "{4729EFCA-C407-43A9-882B-4F25D8D2290C}" }, "geometry": { "type": "Point", "coordinates": [ -74.065754328665861, 4.7014476690249 ] } },
{ "type": "Feature", "properties": { "objectid": 2268, "cenefa": "142A03", "zona_sitp": "03", "nombre": "Br. Santa Rita de Suba", "via": "KR  156 A", "direccion_bandera": "TV 156 A - CL 136 A - 44", "localidad": "Suba", "longitud": -74.127032, "latitud": 4.743547, "consecutivo_zona": "142", "tipo_m_s": "S", "consola": "TV 156 A - CL 136 A - 44 (142A03)", "panel": "TV 156 A - CL 136 A - 44", "audio": "Transversal 156 A Calle 136 A", "zonas_nuevas": "C", "globalid": "{D9949BF4-1399-4FAE-8F3E-10E42A9878F3}" }, "geometry": { "type": "Point", "coordinates": [ -74.127032000047151, 4.743547000023115 ] } },
{ "type": "Feature", "properties": { "objectid": 2279, "cenefa": "143A02", "zona_sitp": "02", "nombre": "CAI Alhambra", "via": "AC 116", "direccion_bandera": "AC 116 - KR 54B", "localidad": "Suba", "longitud": -74.06661598, "latitud": 4.70146295, "consecutivo_zona": "143", "tipo_m_s": "S", "consola": "AC 116 - KR 54B (143A02)", "panel": "AC 116 - KR 54B", "audio": "Avenida Calle 116 Carrera 54 Be", "zonas_nuevas": "C", "globalid": "{D850B3A4-7780-467F-8072-E79CBDAF0E77}" }, "geometry": { "type": "Point", "coordinates": [ -74.066615977026288, 4.701462954084551 ] } },
{ "type": "Feature", "properties": { "objectid": 2280, "cenefa": "143A03", "zona_sitp": "03", "nombre": " Santa Rita de Suba", "via": "CL 138", "direccion_bandera": "CL 138 - KR 154A Bis", "localidad": "Suba", "longitud": -74.125689630000011, "latitud": 4.74475674, "consecutivo_zona": "143", "tipo_m_s": "S", "consola": "CL 138 - KR 154A Bis (143A03)", "panel": "CL 138 - KR 154A Bis", "audio": "Calle 138 Carrera 154 A Bis", "zonas_nuevas": "C", "globalid": "{40A784DB-9D21-4B1B-B927-FB5659C835C8}" }, "geometry": { "type": "Point", "coordinates": [ -74.125689632577689, 4.744756741294243 ] } },
{ "type": "Feature", "properties": { "objectid": 2292, "cenefa": "144A02", "zona_sitp": "02", "nombre": "Carrera 51A", "via": "AC 127", "direccion_bandera": "AC 127 - KR 51A", "localidad": "Suba", "longitud": -74.060151260000012, "latitud": 4.70754411, "consecutivo_zona": "144", "tipo_m_s": "S", "consola": "AC 127 - KR 51A  (144A02)", "panel": "AC 127 - KR 51A", "audio": "Avenida Calle 127 Carrera 51 A", "zonas_nuevas": "C", "globalid": "{F434BD3D-B9EA-41BD-97D8-1F40BE77F18D}" }, "geometry": { "type": "Point", "coordinates": [ -74.060151260391109, 4.707544104963053 ] } },
{ "type": "Feature", "properties": { "objectid": 2293, "cenefa": "144A03", "zona_sitp": "03", "nombre": " Santa Rita de Suba", "via": "CL 138", "direccion_bandera": "CL 138 - KR 154", "localidad": "Suba", "longitud": -74.125769319999989, "latitud": 4.74464342, "consecutivo_zona": "144", "tipo_m_s": "S", "consola": "CL 138 - KR 154  (144A03)", "panel": "CL 138 - KR 154", "audio": "Calle 138 Carrera 154", "zonas_nuevas": "C", "globalid": "{ED2878AF-E75F-4FD2-83BB-0123728BE7A6}" }, "geometry": { "type": "Point", "coordinates": [ -74.125769318715157, 4.744643417015386 ] } },
{ "type": "Feature", "properties": { "objectid": 2306, "cenefa": "145A02", "zona_sitp": "02", "nombre": "Auto Norte", "via": "AC 127", "direccion_bandera": "AC 127 - KR 46", "localidad": "Suba", "longitud": -74.05614793, "latitud": 4.7068587, "consecutivo_zona": "145", "tipo_m_s": "S", "consola": "AC 127 - KR 46 (145A02)", "panel": "AC 127 - KR 46", "audio": "Avenida Calle 127 Carrera 46", "zonas_nuevas": "C", "globalid": "{6F01B46D-807C-4384-AD49-DB7E3A43E3F9}" }, "geometry": { "type": "Point", "coordinates": [ -74.056147927314967, 4.706858703366533 ] } },
{ "type": "Feature", "properties": { "objectid": 2307, "cenefa": "145A03", "zona_sitp": "03", "nombre": " San Pedro", "via": "CL 138", "direccion_bandera": "CL 138 - KR 151A", "localidad": "Suba", "longitud": -74.1214327, "latitud": 4.74616257, "consecutivo_zona": "145", "tipo_m_s": "S", "consola": "CL 138 - KR 151A  (145A03)", "panel": "CL 138 - KR 151A", "audio": "Calle 138 Carrera 151 A", "zonas_nuevas": "C", "globalid": "{D7759229-39CC-450E-91F0-6102B00F87AC}" }, "geometry": { "type": "Point", "coordinates": [ -74.12143270401009, 4.746162565287645 ] } },
{ "type": "Feature", "properties": { "objectid": 2321, "cenefa": "146A02", "zona_sitp": "02", "nombre": "Br. Prado Veraniego", "via": "AC  127", "direccion_bandera": "AC 127 - KR 51A", "localidad": "Suba", "longitud": -74.06009818, "latitud": 4.70803832, "consecutivo_zona": "146", "tipo_m_s": "S", "consola": "AC 127 - KR 51A (146A02)", "panel": "AC 127 - KR 51A", "audio": "Avenida Calle 127 Carrera 51 A", "zonas_nuevas": "C", "globalid": "{587B8CBC-3EE4-41BE-99AF-FA89D99D155F}" }, "geometry": { "type": "Point", "coordinates": [ -74.060098175665658, 4.708038322571795 ] } },
{ "type": "Feature", "properties": { "objectid": 2322, "cenefa": "146A03", "zona_sitp": "03", "nombre": " San Pedro", "via": "CL 138", "direccion_bandera": "CL 138 - KR 151A", "localidad": "Suba", "longitud": -74.12239778, "latitud": 4.74590208, "consecutivo_zona": "146", "tipo_m_s": "S", "consola": "CL 138 - KR 151A (146A03)", "panel": "CL 138 - KR 151A", "audio": "Calle 138 Carrera 151 A", "zonas_nuevas": "C", "globalid": "{BAEBCEC5-0D92-482F-BF82-01021CC9692F}" }, "geometry": { "type": "Point", "coordinates": [ -74.122397778720938, 4.745902079953767 ] } },
{ "type": "Feature", "properties": { "objectid": 2335, "cenefa": "147A02", "zona_sitp": "02", "nombre": "Br. Córdoba", "via": "AC  127", "direccion_bandera": "AC 127 - KR 54A", "localidad": "Suba", "longitud": -74.06338827, "latitud": 4.70889258, "consecutivo_zona": "147", "tipo_m_s": "S", "consola": "AC 127 - KR 54A (147A02)", "panel": "AC 127 - KR 54A", "audio": "Avenida Calle 127 Carrera 54 A", "zonas_nuevas": "C", "globalid": "{4E99784F-8AF9-457C-B777-CF5D0AE798B0}" }, "geometry": { "type": "Point", "coordinates": [ -74.063388272654947, 4.708892578667641 ] } },
{ "type": "Feature", "properties": { "objectid": 2336, "cenefa": "147A03", "zona_sitp": "03", "nombre": " San Pedro", "via": "KR 149B", "direccion_bandera": "KR 149B - CL 138", "localidad": "Suba", "longitud": -74.120423, "latitud": 4.747543, "consecutivo_zona": "147", "tipo_m_s": "S", "consola": "KR 149B - CL 138 (147A03)", "panel": "KR 149B - CL 138", "audio": "Carrera 149 Be Calle 138", "zonas_nuevas": "C", "globalid": "{54C1270D-0BE2-4842-AA5F-78A9241CC314}" }, "geometry": { "type": "Point", "coordinates": [ -74.120422999850817, 4.747543000140861 ] } },
{ "type": "Feature", "properties": { "objectid": 2347, "cenefa": "148A02", "zona_sitp": "02", "nombre": "Br. El Batán", "via": "AC 127", "direccion_bandera": "AC 127 - KR 57", "localidad": "Suba", "longitud": -74.06956076, "latitud": 4.71106852, "consecutivo_zona": "148", "tipo_m_s": "S", "consola": "AC 127 - KR 57 (148A02)", "panel": "AC 127 - KR 57", "audio": "Avenida Calle 127 Carrera 57", "zonas_nuevas": "C", "globalid": "{5D88743F-E8DE-491D-B022-26D10C59493F}" }, "geometry": { "type": "Point", "coordinates": [ -74.06956076369039, 4.711068521770993 ] } },
{ "type": "Feature", "properties": { "objectid": 2348, "cenefa": "148A03", "zona_sitp": "03", "nombre": " San Pedro", "via": "KR 149B", "direccion_bandera": "KR 149B - CL 138", "localidad": "Suba", "longitud": -74.120767, "latitud": 4.747409, "consecutivo_zona": "148", "tipo_m_s": "S", "consola": "KR 149B - CL 138 (148A03)", "panel": "KR 149B - CL 138", "audio": "Carrera 149 Be Calle 138", "zonas_nuevas": "C", "globalid": "{686F5722-DF6A-42D7-856D-452CC0EF39CA}" }, "geometry": { "type": "Point", "coordinates": [ -74.120766999560843, 4.747409000150563 ] } },
{ "type": "Feature", "properties": { "objectid": 2361, "cenefa": "149A02", "zona_sitp": "02", "nombre": "Carrera 57", "via": "AC 127", "direccion_bandera": "AC 127 - KR 57", "localidad": "Suba", "longitud": -74.06806065, "latitud": 4.71061888, "consecutivo_zona": "149", "tipo_m_s": "S", "consola": "AC 127 - KR 57 (149A02)", "panel": "AC 127 - KR 57", "audio": "Avenida Calle 127 Carrera 57", "zonas_nuevas": "C", "globalid": "{66E2375B-9496-4796-915E-314FFB54A37E}" }, "geometry": { "type": "Point", "coordinates": [ -74.068060648644575, 4.710618880059305 ] } },
{ "type": "Feature", "properties": { "objectid": 2362, "cenefa": "149A03", "zona_sitp": "03", "nombre": " Berlín", "via": "CL 139", "direccion_bandera": "CL 139 - KR 147", "localidad": "Suba", "longitud": -74.11815071, "latitud": 4.74731759, "consecutivo_zona": "149", "tipo_m_s": "S", "consola": "CL 139 - KR 147 (149A03)", "panel": "CL 139 - KR 147", "audio": "Calle 139 Carrera 147", "zonas_nuevas": "C", "globalid": "{690A6596-48E8-4FB0-A762-19551679A981}" }, "geometry": { "type": "Point", "coordinates": [ -74.118150707960552, 4.747317586360732 ] } },
{ "type": "Feature", "properties": { "objectid": 2376, "cenefa": "150A02", "zona_sitp": "02", "nombre": "Br. Hacienda Córdoba Niza VIII", "via": "AC 127", "direccion_bandera": "AC 127 - KR 57A", "localidad": "Suba", "longitud": -74.06821053, "latitud": 4.71101555, "consecutivo_zona": "150", "tipo_m_s": "S", "consola": "AC 127 - KR 57A (150A02)", "panel": "AC 127 - KR 57A", "audio": "Avenida Calle 127 Carrera 57 A", "zonas_nuevas": "C", "globalid": "{A2CCD8B9-5BC2-4F54-A8C1-75D87407E679}" }, "geometry": { "type": "Point", "coordinates": [ -74.06821052983382, 4.711015553260431 ] } },
{ "type": "Feature", "properties": { "objectid": 2377, "cenefa": "150A03", "zona_sitp": "03", "nombre": " Berlín", "via": "CL 139", "direccion_bandera": "CL 139 - KR 147", "localidad": "Suba", "longitud": -74.11847168, "latitud": 4.74727955, "consecutivo_zona": "150", "tipo_m_s": "S", "consola": "CL 139 - KR 147 (150A03)", "panel": "CL 139 - KR 147", "audio": "Calle 139 Carrera 147", "zonas_nuevas": "C", "globalid": "{56E282D6-DE15-438A-BF05-F3FF1F2CAB2E}" }, "geometry": { "type": "Point", "coordinates": [ -74.118471682338551, 4.747279553930601 ] } },
{ "type": "Feature", "properties": { "objectid": 2392, "cenefa": "151A02", "zona_sitp": "02", "nombre": "Br. El Batán", "via": "AC 127", "direccion_bandera": "AC 127 - KR 56A", "localidad": "Suba", "longitud": -74.06597058, "latitud": 4.70956028, "consecutivo_zona": "151", "tipo_m_s": "S", "consola": "AC 127 - KR 56A (151A02)", "panel": "AC 127 - KR 56A", "audio": "Avenida Calle 127 Carrera 56 A", "zonas_nuevas": "C", "globalid": "{6A90BFB5-BC81-4AD6-97A9-A8A3F056CFA4}" }, "geometry": { "type": "Point", "coordinates": [ -74.065970575948214, 4.709560280686206 ] } },
{ "type": "Feature", "properties": { "objectid": 2393, "cenefa": "151A03", "zona_sitp": "03", "nombre": " Berlín", "via": "CL 139", "direccion_bandera": "CL 139 - KR 140B Bis", "localidad": "Suba", "longitud": -74.11508006, "latitud": 4.74702939, "consecutivo_zona": "151", "tipo_m_s": "S", "consola": "CL 139 - KR 140B Bis (151A03)", "panel": "CL 139 - KR 140B Bis", "audio": "Calle 139 Carrera 140 Be Bis", "zonas_nuevas": "C", "globalid": "{490EB1DC-9D29-4EC8-8B01-967A6A624A92}" }, "geometry": { "type": "Point", "coordinates": [ -74.115080064160026, 4.74702938589428 ] } },
{ "type": "Feature", "properties": { "objectid": 2406, "cenefa": "152A02", "zona_sitp": "02", "nombre": "Br. Villas III Sector", "via": "AV. Villas", "direccion_bandera": "AV. Villas - CL 128B", "localidad": "Suba", "longitud": -74.06982379, "latitud": 4.71556155, "consecutivo_zona": "152", "tipo_m_s": "S", "consola": "AV. Villas - CL 128B (152A02)", "panel": "AV. Villas - CL 128B", "audio": "Avenida Villas Calle 128 Be", "zonas_nuevas": "C", "globalid": "{A61CA2FB-2B54-4529-8D19-25DB2BEF726E}" }, "geometry": { "type": "Point", "coordinates": [ -74.069823785780471, 4.715561552658591 ] } },
{ "type": "Feature", "properties": { "objectid": 2407, "cenefa": "152A03", "zona_sitp": "03", "nombre": " Berlín", "via": "CL 139", "direccion_bandera": "CL 139 - KR 140A", "localidad": "Suba", "longitud": -74.11551682, "latitud": 4.74699417, "consecutivo_zona": "152", "tipo_m_s": "S", "consola": "CL 139 - KR 140A (152A03)", "panel": "CL 139 - KR 140A", "audio": "Calle 139 Carrera 140 A", "zonas_nuevas": "C", "globalid": "{4F0B18A5-5544-4263-85F5-5909E520EBE7}" }, "geometry": { "type": "Point", "coordinates": [ -74.115516821820464, 4.746994172675555 ] } },
{ "type": "Feature", "properties": { "objectid": 2417, "cenefa": "153A02", "zona_sitp": "02", "nombre": "Br. Villas III Sector", "via": "AV. Villas", "direccion_bandera": "AV. Villas - CL 129", "localidad": "Suba", "longitud": -74.0689911, "latitud": 4.71745933, "consecutivo_zona": "153", "tipo_m_s": "S", "consola": "AV. Villas - CL 129 (153A02)", "panel": "AV. Villas - CL 129", "audio": "Avenida Villas Calle 129", "zonas_nuevas": "C", "globalid": "{1CDF9AA3-17D4-4C43-B6E7-516E58309EC5}" }, "geometry": { "type": "Point", "coordinates": [ -74.06899109659247, 4.717459332904569 ] } },
{ "type": "Feature", "properties": { "objectid": 2418, "cenefa": "153A03", "zona_sitp": "03", "nombre": "Br. La Gaitana", "via": "TV 126B", "direccion_bandera": "TV 126B - CL 132D", "localidad": "Suba", "longitud": -74.11054258, "latitud": 4.742009, "consecutivo_zona": "153", "tipo_m_s": "S", "consola": "TV 126B - CL 132D (153A03)", "panel": "TV 126B - CL 132D", "audio": "Transversal 126 Be Calle 132 D", "zonas_nuevas": "C", "globalid": "{80390122-BFEF-4CF7-97A9-F0F39AE2D58B}" }, "geometry": { "type": "Point", "coordinates": [ -74.110542584082836, 4.742008994874729 ] } },
{ "type": "Feature", "properties": { "objectid": 2430, "cenefa": "154A02", "zona_sitp": "02", "nombre": "Br. Las Villas", "via": "AV. Villas", "direccion_bandera": "AV. Villas - CL 128B", "localidad": "Suba", "longitud": -74.06916655000001, "latitud": 4.7175664, "consecutivo_zona": "154", "tipo_m_s": "S", "consola": "AV. Villas - CL 128B (154A02)", "panel": "AV. Villas - CL 128B", "audio": "Avenida Villas Calle 128 Be", "zonas_nuevas": "C", "globalid": "{BF3DFB0E-F837-41AA-82AA-015B4562C898}" }, "geometry": { "type": "Point", "coordinates": [ -74.069166550887019, 4.71756639877652 ] } },
{ "type": "Feature", "properties": { "objectid": 2431, "cenefa": "154A03", "zona_sitp": "03", "nombre": "Br. La Gaitana", "via": "TV 126B", "direccion_bandera": "TV 126B - CL 132 D", "localidad": "Suba", "longitud": -74.11064751000001, "latitud": 4.74207727, "consecutivo_zona": "154", "tipo_m_s": "S", "consola": "TV 126B - CL 132 D (154A03)", "panel": "TV 126B - CL 132 D", "audio": "Transversal 126 Be Calle 132 D", "zonas_nuevas": "C", "globalid": "{098A4778-65CD-4665-8959-56D532B3CA8B}" }, "geometry": { "type": "Point", "coordinates": [ -74.11064751337382, 4.742077268664771 ] } },
{ "type": "Feature", "properties": { "objectid": 2446, "cenefa": "155A02", "zona_sitp": "02", "nombre": "Estación Gratamira", "via": "Av. Suba", "direccion_bandera": "AV. Suba - CL 132A", "localidad": "Suba", "longitud": -74.07455622000001, "latitud": 4.72693267, "consecutivo_zona": "155", "tipo_m_s": "S", "consola": "AV. Suba - CL 132A (155A02)", "panel": "AV. Suba - CL 132A", "audio": "Avenida Suba Calle 132 A", "zonas_nuevas": "C", "globalid": "{DC7D3D28-74B9-44AB-B7EF-67BE76D52C83}" }, "geometry": { "type": "Point", "coordinates": [ -74.074556221169431, 4.726932669089662 ] } },
{ "type": "Feature", "properties": { "objectid": 2447, "cenefa": "155A03", "zona_sitp": "03", "nombre": "Br. La Gaitana", "via": "CL 135B", "direccion_bandera": "CL 135B - KR 126", "localidad": "Suba", "longitud": -74.10835975000001, "latitud": 4.74270438, "consecutivo_zona": "155", "tipo_m_s": "S", "consola": "CL 135B - KR 126 (155A03)", "panel": "CL 135B - KR 126", "audio": "Calle 135 Be Carrera 126", "zonas_nuevas": "C", "globalid": "{15F690A1-E27B-4F64-A3B1-544424CC9585}" }, "geometry": { "type": "Point", "coordinates": [ -74.108359746643629, 4.742704384211457 ] } },
{ "type": "Feature", "properties": { "objectid": 2463, "cenefa": "156A02", "zona_sitp": "02", "nombre": "Br. Iberia", "via": "Av. Suba", "direccion_bandera": "AV. Suba - AC 138", "localidad": "Suba", "longitud": -74.0747258, "latitud": 4.73142437, "consecutivo_zona": "156", "tipo_m_s": "S", "consola": "AV. Suba - AC 138 (156A02)", "panel": "AV. Suba - AC 138", "audio": "Avenida Suba Avenida Calle 138", "zonas_nuevas": "C", "globalid": "{354D2A9B-571D-424E-B0D2-8516955B76E9}" }, "geometry": { "type": "Point", "coordinates": [ -74.074725803258076, 4.731424369088355 ] } },
{ "type": "Feature", "properties": { "objectid": 2464, "cenefa": "156A03", "zona_sitp": "03", "nombre": "Br. La Gaitana", "via": "CL 135B", "direccion_bandera": "CL 135B - KR 126A", "localidad": "Suba", "longitud": -74.10856744, "latitud": 4.74269126, "consecutivo_zona": "156", "tipo_m_s": "S", "consola": "CL 135B - KR 126A (156A03)", "panel": "CL 135B - KR 126A", "audio": "Calle 135 Be Carrera 126 A", "zonas_nuevas": "C", "globalid": "{38E3F25A-8377-43C5-8BDA-B45794221223}" }, "geometry": { "type": "Point", "coordinates": [ -74.108567442242574, 4.742691264256662 ] } },
{ "type": "Feature", "properties": { "objectid": 2478, "cenefa": "157A03", "zona_sitp": "03", "nombre": "Br. La Gaitana", "via": "KR 125", "direccion_bandera": "KR 125 - CL 134", "localidad": "Suba", "longitud": -74.10799584, "latitud": 4.741412, "consecutivo_zona": "157", "tipo_m_s": "S", "consola": "KR 125 - CL 134 (157A03)", "panel": "KR 125 - CL 134", "audio": "Carrera 125 Calle 134", "zonas_nuevas": "C", "globalid": "{9E33A665-8A67-42B1-A5A4-81DBED791FE8}" }, "geometry": { "type": "Point", "coordinates": [ -74.107995843070967, 4.741412003281631 ] } },
{ "type": "Feature", "properties": { "objectid": 2495, "cenefa": "158A03", "zona_sitp": "03", "nombre": "Br. La Gaitana", "via": "KR 125", "direccion_bandera": "KR 125 - CL 134", "localidad": "Suba", "longitud": -74.10790122, "latitud": 4.74145864, "consecutivo_zona": "158", "tipo_m_s": "S", "consola": "KR 125 - CL 134 (158A03)", "panel": "KR 125 - CL 134", "audio": "Carrera 125 Calle 134", "zonas_nuevas": "C", "globalid": "{8276B8D8-D2D0-4B0D-B86F-CB90B732C865}" }, "geometry": { "type": "Point", "coordinates": [ -74.107901221924109, 4.741458638056553 ] } },
{ "type": "Feature", "properties": { "objectid": 2503, "cenefa": "159A02", "zona_sitp": "02", "nombre": "Pq Villa Olga", "via": "AV. Boyacá", "direccion_bandera": "AV. Boyacá - CL 167", "localidad": "Suba", "longitud": -74.06500229, "latitud": 4.75205718, "consecutivo_zona": "159", "tipo_m_s": "S", "consola": "AV. Boyacá - CL 167 (159A02)", "panel": "AV. Boyacá - CL 167", "audio": "Avenida Boyacá Calle 167", "zonas_nuevas": "C", "globalid": "{80194B1E-B634-4BA3-88AE-0FB05C127B73}" }, "geometry": { "type": "Point", "coordinates": [ -74.065002287315323, 4.752057177207586 ] } },
{ "type": "Feature", "properties": { "objectid": 2504, "cenefa": "159A03", "zona_sitp": "03", "nombre": "IED La Gaitana", "via": "KR 125", "direccion_bandera": "KR 125 - CL 131A", "localidad": "Suba", "longitud": -74.10853674000001, "latitud": 4.74005201, "consecutivo_zona": "159", "tipo_m_s": "S", "consola": "KR 125 - CL 131A (159A03)", "panel": "KR 125 - CL 131A", "audio": "Carrera 125 Calle 131 A", "zonas_nuevas": "C", "globalid": "{A1666649-770F-4D86-8BC3-103A107BEE99}" }, "geometry": { "type": "Point", "coordinates": [ -74.108536736121664, 4.740052013132701 ] } },
{ "type": "Feature", "properties": { "objectid": 2522, "cenefa": "160A02", "zona_sitp": "02", "nombre": "Br. Portales del Norte", "via": "AV. Boyacá", "direccion_bandera": "AV. Boyacá - CL 167", "localidad": "Suba", "longitud": -74.06540705, "latitud": 4.75200877, "consecutivo_zona": "160", "tipo_m_s": "S", "consola": "AV. Boyacá - CL 167 (160A02)", "panel": "AV. Boyacá - CL 167", "audio": "Avenida Boyacá Calle 167", "zonas_nuevas": "C", "globalid": "{3350DF6A-5F76-403D-9242-1FACE8CD0820}" }, "geometry": { "type": "Point", "coordinates": [ -74.065407046129579, 4.752008773253221 ] } },
{ "type": "Feature", "properties": { "objectid": 2523, "cenefa": "160A03", "zona_sitp": "03", "nombre": "Br. La Gaitana", "via": "KR 125", "direccion_bandera": "KR 125 - CL 132 Bis", "localidad": "Suba", "longitud": -74.10847033, "latitud": 4.74005436, "consecutivo_zona": "160", "tipo_m_s": "S", "consola": "KR 125 - CL 132 Bis (160A03)", "panel": "KR 125 - CL 132 Bis", "audio": "Carrera 125 Calle 132 Bis", "zonas_nuevas": "C", "globalid": "{B96C406E-D5E0-46E1-819D-1576AD651D12}" }, "geometry": { "type": "Point", "coordinates": [ -74.108470327242415, 4.740054363692911 ] } },
{ "type": "Feature", "properties": { "objectid": 2536, "cenefa": "161A02", "zona_sitp": "02", "nombre": "Br. San José de Bavaria", "via": "AV. Boyacá", "direccion_bandera": "AV. Boyacá - CL 169B", "localidad": "Suba", "longitud": -74.06555544, "latitud": 4.75618399, "consecutivo_zona": "161", "tipo_m_s": "S", "consola": "AV. Boyacá - CL 169B (161A02)", "panel": "AV. Boyacá - CL 169B", "audio": "Avenida Boyacá Calle 169 Be", "zonas_nuevas": "C", "globalid": "{D91D8571-6B43-47C3-85AB-2D1ED54D9138}" }, "geometry": { "type": "Point", "coordinates": [ -74.065555441727327, 4.756183990562722 ] } },
{ "type": "Feature", "properties": { "objectid": 2537, "cenefa": "161A03", "zona_sitp": "03", "nombre": "IED La Gaitana", "via": "CL 131A", "direccion_bandera": "CL 131A - KR 124B", "localidad": "Suba", "longitud": -74.10830618, "latitud": 4.73876979, "consecutivo_zona": "161", "tipo_m_s": "S", "consola": "CL 131A - KR 124B (161A03)", "panel": "CL 131A - KR 124B", "audio": "Calle 131 A Carrera 124 Be", "zonas_nuevas": "C", "globalid": "{4B38B4CF-9095-44E3-AD05-898432725512}" }, "geometry": { "type": "Point", "coordinates": [ -74.108306183622943, 4.738769786155458 ] } },
{ "type": "Feature", "properties": { "objectid": 2552, "cenefa": "162A02", "zona_sitp": "02", "nombre": "Colegio Marymount", "via": "AV. Boyacá", "direccion_bandera": "AV. Boyacá - CL 169B", "localidad": "Suba", "longitud": -74.06601996000001, "latitud": 4.7565746, "consecutivo_zona": "162", "tipo_m_s": "S", "consola": "AV. Boyacá - CL 169B (162A02)", "panel": "AV. Boyacá - CL 169B", "audio": "Avenida Boyacá Calle 169 Be", "zonas_nuevas": "C", "globalid": "{818DA2C8-F428-408C-93B8-D5616DD94654}" }, "geometry": { "type": "Point", "coordinates": [ -74.066019958354516, 4.756574594893856 ] } },
{ "type": "Feature", "properties": { "objectid": 2553, "cenefa": "162A03", "zona_sitp": "03", "nombre": "Br. La Gaitana", "via": "CL 131A", "direccion_bandera": "CL 131A - TV 124A Bis", "localidad": "Suba", "longitud": -74.10846223, "latitud": 4.73879606, "consecutivo_zona": "162", "tipo_m_s": "S", "consola": "CL 131A - TV 124A Bis (162A03)", "panel": "CL 131A - TV 124A Bis", "audio": "Calle 131 A Transversal 124 A Bis", "zonas_nuevas": "C", "globalid": "{F7044F59-0C97-480B-B420-B6348DCBB5B4}" }, "geometry": { "type": "Point", "coordinates": [ -74.108462232771828, 4.73879605926204 ] } },
{ "type": "Feature", "properties": { "objectid": 2568, "cenefa": "163A02", "zona_sitp": "02", "nombre": "Colegio San Simón", "via": "AC 170", "direccion_bandera": "AC 170 - KR 56", "localidad": "Suba", "longitud": -74.05648, "latitud": 4.753453, "consecutivo_zona": "163", "tipo_m_s": "M", "consola": "AC 170 - KR 56 (163A02)", "panel": "AC 170 - KR 56", "audio": "(en blanco)", "zonas_nuevas": "C", "globalid": "{459DC5DA-610C-4D57-BEBC-6D5CA4255503}" }, "geometry": { "type": "Point", "coordinates": [ -74.056480000302344, 4.753453000307252 ] } },
{ "type": "Feature", "properties": { "objectid": 2569, "cenefa": "163A03", "zona_sitp": "03", "nombre": "La Gaitana Oriental", "via": "CL 132", "direccion_bandera": "CL 132 - KR 123B", "localidad": "Suba", "longitud": -74.1065625, "latitud": 4.7385524, "consecutivo_zona": "163", "tipo_m_s": "S", "consola": "CL 132 - KR 123B (163A03)", "panel": "CL 132 - KR 123B", "audio": "Calle 132 Carrera 123 Be", "zonas_nuevas": "C", "globalid": "{07257AB5-CA1F-4C3D-8C49-2080E11E5452}" }, "geometry": { "type": "Point", "coordinates": [ -74.106562496409452, 4.738552399225687 ] } },
{ "type": "Feature", "properties": { "objectid": 2581, "cenefa": "163B02", "zona_sitp": "02", "nombre": "Colegio San Simón", "via": "AC 170", "direccion_bandera": "AC 170 - KR 56", "localidad": "Suba", "longitud": -74.05696771, "latitud": 4.753511, "consecutivo_zona": "163", "tipo_m_s": "M", "consola": "AC 170 - KR 56 (163B02)", "panel": "AC 170 - KR 56", "audio": "Avenida Calle 170 Carrera 56", "zonas_nuevas": "C", "globalid": "{5F627A28-BB67-4530-B377-BDBD53E8D02A}" }, "geometry": { "type": "Point", "coordinates": [ -74.056967712726234, 4.753510998279658 ] } },
{ "type": "Feature", "properties": { "objectid": 2583, "cenefa": "164A02", "zona_sitp": "02", "nombre": "Carrera 55", "via": "AC 170", "direccion_bandera": "AC 170 - KR 54C", "localidad": "Suba", "longitud": -74.05421717, "latitud": 4.75347789, "consecutivo_zona": "164", "tipo_m_s": "M", "consola": "AC 170 - KR 54C (164A02)", "panel": "AC 170 - KR 54C", "audio": "Avenida Calle 170 Carrera 54 C", "zonas_nuevas": "B", "globalid": "{9D03298B-765B-4477-AEAA-646AF8D8AD95}" }, "geometry": { "type": "Point", "coordinates": [ -74.054217167437159, 4.753477889137355 ] } },
{ "type": "Feature", "properties": { "objectid": 2584, "cenefa": "164A03", "zona_sitp": "03", "nombre": "Br. Tibabuyes", "via": "CL 132", "direccion_bandera": "AC 132 - KR 123", "localidad": "Suba", "longitud": -74.10657522, "latitud": 4.7384388, "consecutivo_zona": "164", "tipo_m_s": "S", "consola": "AC 132 - KR 123 (164A03)", "panel": "AC 132 - KR 123", "audio": "Calle 132 Carrera 123", "zonas_nuevas": "C", "globalid": "{17D33981-D284-49AE-8CD4-F98AF625CEF2}" }, "geometry": { "type": "Point", "coordinates": [ -74.106575214579806, 4.738438804118191 ] } },
{ "type": "Feature", "properties": { "objectid": 2595, "cenefa": "164B02", "zona_sitp": "02", "nombre": "Uniagraria", "via": "AC 170", "direccion_bandera": "AC 170 - KR 54C", "localidad": "Suba", "longitud": -74.053236, "latitud": 4.753263, "consecutivo_zona": "164", "tipo_m_s": "M", "consola": "AC 170 - KR 54C (164B02)", "panel": "AC 170 - KR 54C", "audio": "(en blanco)", "zonas_nuevas": "B", "globalid": "{A2DE71F3-1039-4D77-9257-9EB756458168}" }, "geometry": { "type": "Point", "coordinates": [ -74.05323600026577, 4.753263000067227 ] } },
{ "type": "Feature", "properties": { "objectid": 2599, "cenefa": "165A02", "zona_sitp": "02", "nombre": "Gimnasio Iragua", "via": "AC  170", "direccion_bandera": "AC 170 - AV. Boyacá", "localidad": "Suba", "longitud": -74.064001979999986, "latitud": 4.75934866, "consecutivo_zona": "165", "tipo_m_s": "S", "consola": "AC 170 - AV. Boyacá (165A02)", "panel": "AC 170 - AV. Boyacá", "audio": "Avenida Calle 170 Avenida Boyacá", "zonas_nuevas": "B", "globalid": "{654A1669-5171-4FA3-9181-6BD3F1516B47}" }, "geometry": { "type": "Point", "coordinates": [ -74.064001980182226, 4.759348655561159 ] } },
{ "type": "Feature", "properties": { "objectid": 2615, "cenefa": "166A02", "zona_sitp": "02", "nombre": "Br. La Santamaría", "via": "Auto Norte", "direccion_bandera": "Auto Norte - AC 222", "localidad": "Suba", "longitud": -74.03928092, "latitud": 4.79689491, "consecutivo_zona": "166", "tipo_m_s": "M", "consola": "Auto Norte - AC 222 (166A02)", "panel": "Auto Norte - AC 222", "audio": "Autopista Norte Avenida Calle 222", "zonas_nuevas": "B", "globalid": "{0BD6316D-CE9E-4E4E-8855-DA8C87FB4C71}" }, "geometry": { "type": "Point", "coordinates": [ -74.039280915906033, 4.796894907148289 ] } },
{ "type": "Feature", "properties": { "objectid": 2616, "cenefa": "166A03", "zona_sitp": "03", "nombre": " Calatrava", "via": "AV. Boyacá", "direccion_bandera": "AV. Boyacá - CL 127A Bis", "localidad": "Suba", "longitud": -74.07911749, "latitud": 4.7115679, "consecutivo_zona": "166", "tipo_m_s": "S", "consola": "AV. Boyacá - CL 127A Bis (166A03)", "panel": "AV. Boyacá - CL 127A Bis", "audio": "Avenida Boyacá Calle 127 A Bis", "zonas_nuevas": "C", "globalid": "{38236EB2-2A7E-4D9E-AB7D-86D24FF04AE9}" }, "geometry": { "type": "Point", "coordinates": [ -74.079117485976454, 4.711567898093966 ] } },
{ "type": "Feature", "properties": { "objectid": 2626, "cenefa": "166B02", "zona_sitp": "02", "nombre": "Br. La Santamaría", "via": "Auto Norte", "direccion_bandera": "Auto Norte - AC 222", "localidad": "Suba", "longitud": -74.03913787, "latitud": 4.79766028, "consecutivo_zona": "166", "tipo_m_s": "M", "consola": "Auto Norte - AC 222 (166B02)", "panel": "Auto Norte - AC 222", "audio": "Autopista Norte Avenida Calle 222", "zonas_nuevas": "B", "globalid": "{C26CF68F-03FD-45AA-9455-179ED9754A30}" }, "geometry": { "type": "Point", "coordinates": [ -74.039137875024991, 4.797660276394699 ] } },
{ "type": "Feature", "properties": { "objectid": 2629, "cenefa": "167A02", "zona_sitp": "02", "nombre": "Uniagraria", "via": "AC 170", "direccion_bandera": "AC 170 - KR 54A", "localidad": "Suba", "longitud": -74.053623, "latitud": 4.752963, "consecutivo_zona": "167", "tipo_m_s": "M", "consola": "AC 170 - KR 54A (167A02)", "panel": "AC 170 - KR 54A", "audio": "(en blanco)", "zonas_nuevas": "C", "globalid": "{63859AA8-AEB2-4C58-86E6-453C725BEC2F}" }, "geometry": { "type": "Point", "coordinates": [ -74.053623000049924, 4.752962999777655 ] } },
{ "type": "Feature", "properties": { "objectid": 2639, "cenefa": "167B02", "zona_sitp": "02", "nombre": "Uniagraria", "via": "AC 170", "direccion_bandera": "AC 170 - KR 54A", "localidad": "Suba", "longitud": -74.054044, "latitud": 4.753033, "consecutivo_zona": "167", "tipo_m_s": "M", "consola": "AC 170 - KR 54A (167B02)", "panel": "AC 170 - KR 54A", "audio": "Avenida Calle 170 Carrera 54 D", "zonas_nuevas": "C", "globalid": "{C2BE2A27-BBDA-4EB3-B19C-41F661726FB3}" }, "geometry": { "type": "Point", "coordinates": [ -74.054044000181705, 4.753033000369522 ] } },
{ "type": "Feature", "properties": { "objectid": 2642, "cenefa": "168A02", "zona_sitp": "02", "nombre": "C. C. Portal 170", "via": "Cl 169 B", "direccion_bandera": "CL 169 B - KR 58", "localidad": "Suba", "longitud": -74.05877671, "latitud": 4.7540551, "consecutivo_zona": "168", "tipo_m_s": "S", "consola": "CL 169 B - KR 58 (168A02)", "panel": "CL 169 B - KR 58", "audio": "Calle 169 Be Carrera 58", "zonas_nuevas": "C", "globalid": "{ABD7D904-4D7D-4617-AF8E-69B3379DB315}" }, "geometry": { "type": "Point", "coordinates": [ -74.058776708553424, 4.754055099033591 ] } },
{ "type": "Feature", "properties": { "objectid": 2656, "cenefa": "169A02", "zona_sitp": "02", "nombre": "Patio del Norte", "via": "AC 183", "direccion_bandera": "AC 183 – KR 54D", "localidad": "Suba", "longitud": -74.04949056000001, "latitud": 4.76263016, "consecutivo_zona": "169", "tipo_m_s": "S", "consola": "AC 183 – KR 54D (169A02)", "panel": "AC 183 – KR 54D", "audio": "Avenida Calle 183 Carrera 54 D", "zonas_nuevas": "B", "globalid": "{8448ABB3-647C-40F8-ABBB-35A79AF6E930}" }, "geometry": { "type": "Point", "coordinates": [ -74.049490559408525, 4.762630159793331 ] } },
{ "type": "Feature", "properties": { "objectid": 2657, "cenefa": "169A03", "zona_sitp": "03", "nombre": "Br. Andes Norte", "via": "Av. Suba", "direccion_bandera": "AV. Suba - CL 114", "localidad": "Suba", "longitud": -74.06905178000001, "latitud": 4.69610695, "consecutivo_zona": "169", "tipo_m_s": "S", "consola": "AV. Suba - CL 114 (169A03)", "panel": "AV. Suba - CL 114", "audio": "Avenida Suba Calle 114", "zonas_nuevas": "D", "globalid": "{27E9BFE4-663B-488F-9FB9-DBD3C0122A1D}" }, "geometry": { "type": "Point", "coordinates": [ -74.06905177892628, 4.696106950257923 ] } },
{ "type": "Feature", "properties": { "objectid": 2686, "cenefa": "171A02", "zona_sitp": "02", "nombre": "Br. Iberia", "via": "AC 134", "direccion_bandera": "AC 134 - KR 59", "localidad": "Suba", "longitud": -74.0696321, "latitud": 4.72536995, "consecutivo_zona": "171", "tipo_m_s": "S", "consola": "AC 134 - KR 59 (171A02)", "panel": "AC 134 - KR 59", "audio": "Avenida Calle 134 Carrera 59", "zonas_nuevas": "C", "globalid": "{E401C76B-DC98-4CB2-B6B1-628340BEB241}" }, "geometry": { "type": "Point", "coordinates": [ -74.069632096817941, 4.725369952347201 ] } },
{ "type": "Feature", "properties": { "objectid": 2717, "cenefa": "173A02", "zona_sitp": "02", "nombre": "Br. Altos de Suba", "via": "KR  76", "direccion_bandera": "KR 76 - 145-36", "localidad": "Suba", "longitud": -74.074154, "latitud": 4.734009, "consecutivo_zona": "173", "tipo_m_s": "S", "consola": "KR 76 - 145-36 (173A02)", "panel": "KR 76 - 145-36", "audio": "Carrera 76 Calle 145", "zonas_nuevas": "C", "globalid": "{05013C77-5C45-499C-8F01-F637D2EBD5D0}" }, "geometry": { "type": "Point", "coordinates": [ -74.074154000017359, 4.734008999914983 ] } },
{ "type": "Feature", "properties": { "objectid": 2718, "cenefa": "173A03", "zona_sitp": "03", "nombre": "Br. Andes Norte", "via": "AC 100", "direccion_bandera": "AC 100 - KR 63", "localidad": "Suba", "longitud": -74.06788724, "latitud": 4.68986104, "consecutivo_zona": "173", "tipo_m_s": "M", "consola": "AC 100 - KR 63 (173A03)", "panel": "AC 100 - KR 63", "audio": "Avenida Calle 100 Carrera 63", "zonas_nuevas": "D", "globalid": "{DC06FF2D-E29E-4AC7-8994-1470786AC66F}" }, "geometry": { "type": "Point", "coordinates": [ -74.067887241581005, 4.689861040634722 ] } },
{ "type": "Feature", "properties": { "objectid": 2728, "cenefa": "173B03", "zona_sitp": "03", "nombre": "Br. Andes Norte", "via": "AC 100", "direccion_bandera": "AC 100 - KR 62", "localidad": "Suba", "longitud": -74.06740253000001, "latitud": 4.6897804, "consecutivo_zona": "173", "tipo_m_s": "M", "consola": "AC 100 - KR 62 (173B03)", "panel": "AC 100 - KR 62", "audio": "Avenida Calle 100 Carrera 62", "zonas_nuevas": "D", "globalid": "{6C479ACA-AE0D-44F3-9FAB-D26DB2BC4340}" }, "geometry": { "type": "Point", "coordinates": [ -74.067402529290632, 4.68978039838671 ] } },
{ "type": "Feature", "properties": { "objectid": 2730, "cenefa": "173C03", "zona_sitp": "03", "nombre": "Pq. Andes Norte", "via": "AC 100", "direccion_bandera": "AC 100 - KR 61", "localidad": "Suba", "longitud": -74.0667019, "latitud": 4.68965228, "consecutivo_zona": "173", "tipo_m_s": "M", "consola": "AC 100 - KR 61 (173C03)", "panel": "AC 100 - KR 61", "audio": "Avenida Calle 100 Carrera 61", "zonas_nuevas": "D", "globalid": "{542C1280-1B0F-417E-B828-FE417765C7B1}" }, "geometry": { "type": "Point", "coordinates": [ -74.066701894871343, 4.68965228171124 ] } },
{ "type": "Feature", "properties": { "objectid": 2733, "cenefa": "174A02", "zona_sitp": "02", "nombre": "C.C. Puente Largo", "via": "Cl 106", "direccion_bandera": "CL 106 - TV 59", "localidad": "Suba", "longitud": -74.0666483, "latitud": 4.69335826, "consecutivo_zona": "174", "tipo_m_s": "S", "consola": "CL 106 - TV 59 (174A02)", "panel": "CL 106 - TV 59", "audio": "Calle 106 Transversal 59", "zonas_nuevas": "C", "globalid": "{200C75BB-ADC5-4F54-BE1B-C8758AF1AEB8}" }, "geometry": { "type": "Point", "coordinates": [ -74.066648301443976, 4.693358263673573 ] } },
{ "type": "Feature", "properties": { "objectid": 2734, "cenefa": "174A03", "zona_sitp": "03", "nombre": "Br. Los Andes", "via": "AC 100", "direccion_bandera": "AK 68 - CL 98", "localidad": "Suba", "longitud": -74.07391939, "latitud": 4.68831423, "consecutivo_zona": "174", "tipo_m_s": "M", "consola": "AK 68 - CL 98 (174A03)", "panel": "AK 68 - CL 98", "audio": "Avenida Carrera 68 Calle 98", "zonas_nuevas": "D", "globalid": "{7BE64825-BAE8-464E-9C41-06B92A8176C1}" }, "geometry": { "type": "Point", "coordinates": [ -74.073919394139281, 4.688314234088911 ] } },
{ "type": "Feature", "properties": { "objectid": 2742, "cenefa": "174B03", "zona_sitp": "03", "nombre": "Br. Los Andes", "via": "AC 100", "direccion_bandera": "AK 68 - CL 98", "localidad": "Suba", "longitud": -74.073659, "latitud": 4.68847506, "consecutivo_zona": "174", "tipo_m_s": "M", "consola": "AK 68 - CL 98 (174B03)", "panel": "AK 68 - CL 98", "audio": "Avenida Carrera 68 Calle 98", "zonas_nuevas": "D", "globalid": "{40A408AB-1E7E-45F1-9A2D-BAD5BC658F12}" }, "geometry": { "type": "Point", "coordinates": [ -74.073658997326589, 4.688475063119538 ] } },
{ "type": "Feature", "properties": { "objectid": 2745, "cenefa": "174C03", "zona_sitp": "03", "nombre": "Br. Los Andes", "via": "AC 100", "direccion_bandera": "AK 68 - CL 99", "localidad": "Suba", "longitud": -74.07296349000001, "latitud": 4.68889174, "consecutivo_zona": "174", "tipo_m_s": "M", "consola": "AK 68 - CL 99 (174C03)", "panel": "AK 68 - CL 99", "audio": "Avenida Carrera 68 Calle 99", "zonas_nuevas": "D", "globalid": "{29B3C54F-A305-4E26-A924-EA0522C9B381}" }, "geometry": { "type": "Point", "coordinates": [ -74.072963493404771, 4.688891736401571 ] } },
{ "type": "Feature", "properties": { "objectid": 2748, "cenefa": "175A03", "zona_sitp": "03", "nombre": "Cafam Floresta", "via": "AK 68", "direccion_bandera": "AK 68 - CL 95", "localidad": "Suba", "longitud": -74.07584356, "latitud": 4.68677221, "consecutivo_zona": "175", "tipo_m_s": "M", "consola": "AK 68 - CL 95 (175A03)", "panel": "AK 68 - CL 95", "audio": "Avenida Carrera 68 Calle 95", "zonas_nuevas": "D", "globalid": "{6635B7DC-286A-4DE2-B81E-44A0236D1798}" }, "geometry": { "type": "Point", "coordinates": [ -74.075843556880528, 4.686772207577969 ] } },
{ "type": "Feature", "properties": { "objectid": 2759, "cenefa": "175B03", "zona_sitp": "03", "nombre": "Cafam Floresta", "via": "AK 68", "direccion_bandera": "AK 68 - CL 95", "localidad": "Suba", "longitud": -74.07548346, "latitud": 4.68707004, "consecutivo_zona": "175", "tipo_m_s": "M", "consola": "AK 68 - CL 95 (175B03)", "panel": "AK 68 - CL 95", "audio": "Avenida Carrera 68 Calle 95", "zonas_nuevas": "D", "globalid": "{FB717186-FAB8-40D3-8453-C12E751CD002}" }, "geometry": { "type": "Point", "coordinates": [ -74.075483459669471, 4.687070038032572 ] } },
{ "type": "Feature", "properties": { "objectid": 2760, "cenefa": "175C03", "zona_sitp": "03", "nombre": "Cafam Floresta", "via": "AK 68", "direccion_bandera": "AK 68 - CL 95", "localidad": "Suba", "longitud": -74.07535407, "latitud": 4.68716275, "consecutivo_zona": "175", "tipo_m_s": "M", "consola": "AK 68 - CL 95 (175C03)", "panel": "AK 68 - CL 95", "audio": "Avenida Carrera 68 Calle 95", "zonas_nuevas": "D", "globalid": "{DE38BED1-6793-4621-9D58-4D971AF58C75}" }, "geometry": { "type": "Point", "coordinates": [ -74.075354072827835, 4.687162750100898 ] } },
{ "type": "Feature", "properties": { "objectid": 2763, "cenefa": "176A02", "zona_sitp": "02", "nombre": "Br. Puente Largo", "via": "Cl 106", "direccion_bandera": "CL 106 - KR 53", "localidad": "Suba", "longitud": -74.06326113, "latitud": 4.69463771, "consecutivo_zona": "176", "tipo_m_s": "S", "consola": "CL 106 - KR 53 (176A02)", "panel": "CL 106 - KR 53", "audio": "Calle 106 Carrera 53", "zonas_nuevas": "C", "globalid": "{AD32DCD1-471D-4EC9-B4C0-A6D9DDEB1B8C}" }, "geometry": { "type": "Point", "coordinates": [ -74.063261130271115, 4.694637706323906 ] } },
{ "type": "Feature", "properties": { "objectid": 2779, "cenefa": "177A03", "zona_sitp": "03", "nombre": "Br. Niza Norte", "via": "Av. Suba", "direccion_bandera": "AV. Suba - 127D", "localidad": "Suba", "longitud": -74.0728106, "latitud": 4.71341299, "consecutivo_zona": "177", "tipo_m_s": "S", "consola": "AV. Suba - 127D  (177A03)", "panel": "AV. Suba - 127D", "audio": "Avenida Suba 127 D", "zonas_nuevas": "C", "globalid": "{FD851F5D-3E24-4F85-B197-0AAE8A31AF5B}" }, "geometry": { "type": "Point", "coordinates": [ -74.072810601025836, 4.713412985666571 ] } },
{ "type": "Feature", "properties": { "objectid": 2793, "cenefa": "178A02", "zona_sitp": "02", "nombre": "Br. La Floresta", "via": "Auto Norte", "direccion_bandera": "Auto Norte - AC 235", "localidad": "Suba", "longitud": -74.03715087, "latitud": 4.80983941, "consecutivo_zona": "178", "tipo_m_s": "S", "consola": "Auto Norte - AC 235  (178A02)", "panel": "Auto Norte - AC 235", "audio": "Autopista Norte Calle 235", "zonas_nuevas": "B", "globalid": "{FCDE6906-E849-4884-BBAB-89E4849664DA}" }, "geometry": { "type": "Point", "coordinates": [ -74.037150866049132, 4.809839408944755 ] } },
{ "type": "Feature", "properties": { "objectid": 2794, "cenefa": "178A03", "zona_sitp": "03", "nombre": "Parroquia San Bartolomé Apóstol", "via": "Av. Suba", "direccion_bandera": "AV. Suba - CL 128A", "localidad": "Suba", "longitud": -74.07339728000001, "latitud": 4.71590058, "consecutivo_zona": "178", "tipo_m_s": "S", "consola": "AV. Suba - CL 128A (178A03)", "panel": "AV. Suba - CL 128A", "audio": "Avenida Suba Calle 128 A", "zonas_nuevas": "C", "globalid": "{76A2C361-7597-4EFF-BA1A-84F8DE4C4102}" }, "geometry": { "type": "Point", "coordinates": [ -74.07339728058308, 4.715900578258977 ] } },
{ "type": "Feature", "properties": { "objectid": 2810, "cenefa": "179A02", "zona_sitp": "02", "nombre": "Br. Ciudad Jardín Norte", "via": "Cl 129", "direccion_bandera": "CL 129 - AK 58", "localidad": "Suba", "longitud": -74.069346, "latitud": 4.718322, "consecutivo_zona": "179", "tipo_m_s": "S", "consola": "CL 129 - AK 58 (179A02)", "panel": "CL 129 - AK 58", "audio": "Calle 129 Avenida Carrera 58", "zonas_nuevas": "C", "globalid": "{B21465C5-401F-4981-B9EA-6BBCFA360274}" }, "geometry": { "type": "Point", "coordinates": [ -74.069345999649386, 4.718322000006833 ] } },
{ "type": "Feature", "properties": { "objectid": 2811, "cenefa": "179A03", "zona_sitp": "03", "nombre": "Estación Gratamira", "via": "Av. Suba", "direccion_bandera": "AV. Suba - CL 132A", "localidad": "Suba", "longitud": -74.07491562, "latitud": 4.72677643, "consecutivo_zona": "179", "tipo_m_s": "S", "consola": "AV. Suba - CL 132A (179A03)", "panel": "AV. Suba - CL 132A", "audio": "Avenida Suba Calle 132 A", "zonas_nuevas": "C", "globalid": "{64070145-7385-4EF1-A34C-444D067C4FF0}" }, "geometry": { "type": "Point", "coordinates": [ -74.074915618560851, 4.726776426936974 ] } },
{ "type": "Feature", "properties": { "objectid": 2823, "cenefa": "180A02", "zona_sitp": "02", "nombre": "Instituto Sikuani", "via": "Cl 129", "direccion_bandera": "CL 129 - KR 59A", "localidad": "Suba", "longitud": -74.071935, "latitud": 4.719397, "consecutivo_zona": "180", "tipo_m_s": "S", "consola": "CL 129 - KR 59A (180A02)", "panel": "CL 129 - KR 59A", "audio": "Carrera 59 Avenida Carrera 59 A", "zonas_nuevas": "C", "globalid": "{23603B4A-B0C0-4D85-98F9-7BE558E8C82C}" }, "geometry": { "type": "Point", "coordinates": [ -74.071935000297032, 4.719397000063653 ] } },
{ "type": "Feature", "properties": { "objectid": 2824, "cenefa": "180A03", "zona_sitp": "03", "nombre": "Br. Salamanca y Catalayud", "via": "Av. Suba", "direccion_bandera": "AV. Suba - KR 80", "localidad": "Suba", "longitud": -74.07793362, "latitud": 4.73394264, "consecutivo_zona": "180", "tipo_m_s": "S", "consola": "AV. Suba - KR 80 (180A03)", "panel": "AV. Suba - KR 80", "audio": "Avenida Suba Carrera 80", "zonas_nuevas": "C", "globalid": "{6771599A-A41F-41A8-813C-A2173A8E1CDD}" }, "geometry": { "type": "Point", "coordinates": [ -74.077933622746812, 4.733942635349546 ] } },
{ "type": "Feature", "properties": { "objectid": 2839, "cenefa": "181A02", "zona_sitp": "02", "nombre": "Estación Suba Av. Boyacá", "via": "Cl 129", "direccion_bandera": "CL 129 - KR 59CBis", "localidad": "Suba", "longitud": -74.074104, "latitud": 4.720086, "consecutivo_zona": "181", "tipo_m_s": "S", "consola": "CL 129 - KR 59CBis (181A02)", "panel": "CL 129 - KR 59CBis", "audio": "Calle 129 Carrera 59 C Bis", "zonas_nuevas": "C", "globalid": "{CFE2D4FE-7A99-4158-8D1F-B10E5944891D}" }, "geometry": { "type": "Point", "coordinates": [ -74.074103999575343, 4.720086000019095 ] } },
{ "type": "Feature", "properties": { "objectid": 2840, "cenefa": "181A03", "zona_sitp": "03", "nombre": "Estación 21 Ángeles", "via": "Av. Suba", "direccion_bandera": "AV. Suba - KR 83", "localidad": "Suba", "longitud": -74.08028216000001, "latitud": 4.73527335, "consecutivo_zona": "181", "tipo_m_s": "S", "consola": "AV. Suba - KR 83 (181A03)", "panel": "AV. Suba - KR 83", "audio": "Avenida Suba Carrera 83", "zonas_nuevas": "C", "globalid": "{6AD37C2A-637D-4DBE-A6EF-354CA336E9AF}" }, "geometry": { "type": "Point", "coordinates": [ -74.080282164757378, 4.735273349308857 ] } },
{ "type": "Feature", "properties": { "objectid": 2857, "cenefa": "182A03", "zona_sitp": "03", "nombre": "C.C. Subazar", "via": "Av. Suba", "direccion_bandera": "AV. Suba - KR 91", "localidad": "Suba", "longitud": -74.08457427, "latitud": 4.7378435, "consecutivo_zona": "182", "tipo_m_s": "S", "consola": "AV. Suba - KR 91 (182A03)", "panel": "AV. Suba - KR 91", "audio": "Avenida Suba Carrera 91", "zonas_nuevas": "C", "globalid": "{9959D62A-FD4C-4180-96F8-E73F12D058C7}" }, "geometry": { "type": "Point", "coordinates": [ -74.084574269932503, 4.737843502815132 ] } },
{ "type": "Feature", "properties": { "objectid": 2873, "cenefa": "183A02", "zona_sitp": "02", "nombre": "Colegio Santa Isabel de Hungría", "via": "KR  65", "direccion_bandera": "KR 65 - CL 165A", "localidad": "Suba", "longitud": -74.063845, "latitud": 4.749349, "consecutivo_zona": "183", "tipo_m_s": "S", "consola": "KR 65 - CL 165A (183A02)", "panel": "KR 65 - CL 165A", "audio": "Carrera 65 Calle 165A", "zonas_nuevas": "C", "globalid": "{D2662ED7-958A-446D-AAB1-499A46BD4307}" }, "geometry": { "type": "Point", "coordinates": [ -74.063844999613792, 4.749349000360764 ] } },
{ "type": "Feature", "properties": { "objectid": 2874, "cenefa": "183A03", "zona_sitp": "03", "nombre": "C.C. Niza", "via": "AC 127", "direccion_bandera": "AC 127 - KR 60", "localidad": "Suba", "longitud": -74.073512459999989, "latitud": 4.71092778, "consecutivo_zona": "183", "tipo_m_s": "S", "consola": "AC 127 - KR 60 (183A03)", "panel": "AC 127 - KR 60", "audio": "Avenida Calle 127 Carrera 60", "zonas_nuevas": "C", "globalid": "{760DCB74-47EC-44AF-9624-A48B3F8F3D93}" }, "geometry": { "type": "Point", "coordinates": [ -74.073512459588528, 4.710927775716658 ] } },
{ "type": "Feature", "properties": { "objectid": 2888, "cenefa": "184A02", "zona_sitp": "02", "nombre": "Br. Niza IX", "via": "KR 51A", "direccion_bandera": "KR 51A - CL 127B Bis", "localidad": "Suba", "longitud": -74.058804540000011, "latitud": 4.7111942, "consecutivo_zona": "184", "tipo_m_s": "S", "consola": "KR 51A - CL 127B Bis (184A02)", "panel": "KR 51A - CL 127B Bis", "audio": "Carrera 51 A Calle 127 Be Bis", "zonas_nuevas": "C", "globalid": "{9ED1DE97-B111-4AD9-B554-ABA8A8C97349}" }, "geometry": { "type": "Point", "coordinates": [ -74.058804543220802, 4.71119420437818 ] } },
{ "type": "Feature", "properties": { "objectid": 2889, "cenefa": "184A03", "zona_sitp": "03", "nombre": "C.C. Niza", "via": "AC 127", "direccion_bandera": "AC 127 - KR 60", "localidad": "Suba", "longitud": -74.07331158000001, "latitud": 4.71066586, "consecutivo_zona": "184", "tipo_m_s": "S", "consola": "AC 127 - KR 60 (184A03)", "panel": "AC 127 - KR 60", "audio": "Avenida Calle 127 Carrera 60", "zonas_nuevas": "C", "globalid": "{5FD9A7B9-7B6E-4011-8DBC-9DE6FF13A4BF}" }, "geometry": { "type": "Point", "coordinates": [ -74.073311577719181, 4.710665857029385 ] } },
{ "type": "Feature", "properties": { "objectid": 2901, "cenefa": "185A02", "zona_sitp": "02", "nombre": "Br. Canódromo", "via": "KR 46", "direccion_bandera": "KR 46 - CL 127B", "localidad": "Suba", "longitud": -74.05538679, "latitud": 4.70980343, "consecutivo_zona": "185", "tipo_m_s": "S", "consola": "KR 46 - CL 127B (185A02)", "panel": "KR 46 - CL 127B", "audio": "Carrera 46 Calle 127 Be", "zonas_nuevas": "C", "globalid": "{7D057309-4463-4090-8480-12B212E8A4B5}" }, "geometry": { "type": "Point", "coordinates": [ -74.05538678967514, 4.709803431812948 ] } },
{ "type": "Feature", "properties": { "objectid": 2902, "cenefa": "185A03", "zona_sitp": "03", "nombre": "Br. Niza Norte", "via": "AC 127", "direccion_bandera": "AC 127 - KR 71", "localidad": "Suba", "longitud": -74.076511169999989, "latitud": 4.71047745, "consecutivo_zona": "185", "tipo_m_s": "S", "consola": "AC 127 - KR 71 (185A03)", "panel": "AC 127 - KR 71", "audio": "Avenida Calle 127 Carrera 71", "zonas_nuevas": "C", "globalid": "{4E7B045E-1B71-47C6-8325-B468D1EC35D6}" }, "geometry": { "type": "Point", "coordinates": [ -74.07651117141188, 4.710477448217549 ] } },
{ "type": "Feature", "properties": { "objectid": 2915, "cenefa": "186A03", "zona_sitp": "03", "nombre": "Carrera 70G", "via": "AC 127", "direccion_bandera": "AC 127 - KR 70G", "localidad": "Suba", "longitud": -74.0756269, "latitud": 4.71032345, "consecutivo_zona": "186", "tipo_m_s": "S", "consola": "AC 127 - KR 70G (186A03)", "panel": "AC 127 - KR 70G", "audio": "Avenida Calle 127 Carrera 70 G", "zonas_nuevas": "C", "globalid": "{533354D7-9A5D-4133-8BB6-1412494E0B4D}" }, "geometry": { "type": "Point", "coordinates": [ -74.075626899304652, 4.710323451738273 ] } },
{ "type": "Feature", "properties": { "objectid": 2928, "cenefa": "187A03", "zona_sitp": "03", "nombre": "Avenida Boyacá", "via": "AC 127", "direccion_bandera": "AC 127 - AV. Boyacá", "localidad": "Suba", "longitud": -74.07905423, "latitud": 4.71008909, "consecutivo_zona": "187", "tipo_m_s": "S", "consola": "AC 127 - AV. Boyacá  (187A03)", "panel": "AC 127 - AV. Boyacá", "audio": "Avenida Calle 127 Avenida Boyacá", "zonas_nuevas": "C", "globalid": "{2C252187-A4B2-4991-A98F-33D82CBFCF7C}" }, "geometry": { "type": "Point", "coordinates": [ -74.079054229317109, 4.710089086613228 ] } },
{ "type": "Feature", "properties": { "objectid": 2939, "cenefa": "188A03", "zona_sitp": "03", "nombre": "Clínica Juan N. Corpas", "via": "AC 127", "direccion_bandera": "AC 127 - KR 71B", "localidad": "Suba", "longitud": -74.07817544000001, "latitud": 4.709942, "consecutivo_zona": "188", "tipo_m_s": "S", "consola": "AC 127 - KR 71B (188A03)", "panel": "AC 127 - KR 71B", "audio": "Avenida Calle 127 Carrera 71 Be", "zonas_nuevas": "C", "globalid": "{15540EE5-DDE7-4B48-A204-43D3E455CAFE}" }, "geometry": { "type": "Point", "coordinates": [ -74.078175434582676, 4.709941998658304 ] } },
{ "type": "Feature", "properties": { "objectid": 2949, "cenefa": "189A02", "zona_sitp": "02", "nombre": "Br. Prado Veraniego Sur", "via": "Cl 127D", "direccion_bandera": "CL 127D - KR 53C", "localidad": "Suba", "longitud": -74.06200166, "latitud": 4.71234708, "consecutivo_zona": "189", "tipo_m_s": "S", "consola": "CL 127D - KR 53C (189A02)", "panel": "CL 127D - KR 53C", "audio": "Calle 127 D Carrera 53 C", "zonas_nuevas": "C", "globalid": "{021BD815-E57E-4005-AF85-ED0CD899C3FB}" }, "geometry": { "type": "Point", "coordinates": [ -74.062001659928697, 4.712347076091564 ] } },
{ "type": "Feature", "properties": { "objectid": 2950, "cenefa": "189A03", "zona_sitp": "03", "nombre": "C.C. Plaza Imperial", "via": "Av. Suba", "direccion_bandera": "AV. Suba - KR 107", "localidad": "Suba", "longitud": -74.09817635, "latitud": 4.74801687, "consecutivo_zona": "189", "tipo_m_s": "S", "consola": "AV. Suba - KR 107 (189A03)", "panel": "AV. Suba - KR 107", "audio": "Avenida Suba Carrera 107", "zonas_nuevas": "C", "globalid": "{B727E772-396A-4C9F-A043-093EC021710B}" }, "geometry": { "type": "Point", "coordinates": [ -74.098176352595019, 4.7480168701648 ] } },
{ "type": "Feature", "properties": { "objectid": 2962, "cenefa": "190A02", "zona_sitp": "02", "nombre": "CALLE 129A", "via": "KR  47", "direccion_bandera": "KR 47 - CL 129", "localidad": "Suba", "longitud": -74.05639186, "latitud": 4.71779379, "consecutivo_zona": "190", "tipo_m_s": "S", "consola": "KR 47 - CL 129 (190A02)", "panel": "KR 47 - CL 129", "audio": "Carrera 47 Calle 129", "zonas_nuevas": "C", "globalid": "{E684C5A5-1201-434E-83E9-BC8D6823073A}" }, "geometry": { "type": "Point", "coordinates": [ -74.056391855409984, 4.717793791863987 ] } },
{ "type": "Feature", "properties": { "objectid": 2963, "cenefa": "190A03", "zona_sitp": "03", "nombre": "Turingia", "via": "AV. C. de Cali", "direccion_bandera": "AV. C. de Cali - CL 150C", "localidad": "Suba", "longitud": -74.09432735, "latitud": 4.74992508, "consecutivo_zona": "190", "tipo_m_s": "S", "consola": "AV. C. de Cali - CL 150C (190A03)", "panel": "AV. C. de Cali - CL 150C", "audio": "Avenida Ciudad de Cali Calle 150 C", "zonas_nuevas": "C", "globalid": "{B93A09CA-AE14-44C0-93F2-0D3807AC51F4}" }, "geometry": { "type": "Point", "coordinates": [ -74.09432734914293, 4.7499250746639 ] } },
{ "type": "Feature", "properties": { "objectid": 2979, "cenefa": "191A02", "zona_sitp": "02", "nombre": "Br. Prado Sur", "via": "Cl 127D", "direccion_bandera": "CL 127D - KR 52A", "localidad": "Suba", "longitud": -74.05973567000001, "latitud": 4.71212868, "consecutivo_zona": "191", "tipo_m_s": "S", "consola": "CL 127D - KR 52A (191A02)", "panel": "CL 127D - KR 52A", "audio": "Calle 127 D Carrera 52 A", "zonas_nuevas": "C", "globalid": "{CC1D508F-7D19-47C9-88C4-EE7A44A2D34F}" }, "geometry": { "type": "Point", "coordinates": [ -74.059735667973399, 4.712128679362348 ] } },
{ "type": "Feature", "properties": { "objectid": 2980, "cenefa": "191A03", "zona_sitp": "03", "nombre": " Tibabuyes", "via": "Av. Suba", "direccion_bandera": "AV. Suba - KR 111A", "localidad": "Suba", "longitud": -74.10095726, "latitud": 4.74937203, "consecutivo_zona": "191", "tipo_m_s": "M", "consola": "AV. Suba - KR 111A (191A03)", "panel": "AV. Suba - KR 111A", "audio": "Avenida Suba Carrera 111 A", "zonas_nuevas": "C", "globalid": "{1A8262D6-DEB3-4D51-B746-0DFB19300849}" }, "geometry": { "type": "Point", "coordinates": [ -74.100957260095413, 4.749372030231242 ] } },
{ "type": "Feature", "properties": { "objectid": 2991, "cenefa": "191B03", "zona_sitp": "03", "nombre": "Br. Lombardía II", "via": "Av. Suba", "direccion_bandera": "AV. Suba - KR 110A", "localidad": "Suba", "longitud": -74.10030636, "latitud": 4.74904038, "consecutivo_zona": "191", "tipo_m_s": "M", "consola": "AV. Suba - KR 110A (191B03)", "panel": "AV. Suba - KR 110A", "audio": "Avenida Suba Carrera 110 A", "zonas_nuevas": "C", "globalid": "{1463E4EB-13DD-4A85-85CC-E4A98A176789}" }, "geometry": { "type": "Point", "coordinates": [ -74.100306359379559, 4.749040378412516 ] } },
{ "type": "Feature", "properties": { "objectid": 2994, "cenefa": "192A03", "zona_sitp": "03", "nombre": "ETB Tibabuyes", "via": "Av. Suba", "direccion_bandera": "AV. Suba - KR 114G", "localidad": "Suba", "longitud": -74.10413851, "latitud": 4.75092429, "consecutivo_zona": "192", "tipo_m_s": "S", "consola": "AV. Suba - KR 114G (192A03)", "panel": "AV. Suba - KR 114G", "audio": "Avenida Suba Carrera 114 G", "zonas_nuevas": "C", "globalid": "{2D648D71-B0B4-455B-AB75-5F50E0131831}" }, "geometry": { "type": "Point", "coordinates": [ -74.1041385055848, 4.750924287206765 ] } },
{ "type": "Feature", "properties": { "objectid": 3004, "cenefa": "193A02", "zona_sitp": "02", "nombre": "RESIDENCIAL ALCALA", "via": "KR  45A", "direccion_bandera": "KR 45A - CL 134A", "localidad": "Suba", "longitud": -74.0527281, "latitud": 4.72008336, "consecutivo_zona": "193", "tipo_m_s": "S", "consola": "KR 45A - CL 134A (193A02)", "panel": "KR 45A - CL 134A", "audio": "Carrera 45 A Calle 134 A", "zonas_nuevas": "B", "globalid": "{BE5C408E-AC39-43BA-ACC9-8588CF0DE142}" }, "geometry": { "type": "Point", "coordinates": [ -74.052728104358849, 4.720083360373746 ] } },
{ "type": "Feature", "properties": { "objectid": 3005, "cenefa": "193A03", "zona_sitp": "03", "nombre": "ETB Tibabuyes", "via": "Av. Suba", "direccion_bandera": "AV. Suba - KR 114C", "localidad": "Suba", "longitud": -74.10349611, "latitud": 4.75026745, "consecutivo_zona": "193", "tipo_m_s": "M", "consola": "AV. Suba - KR 114C (193A03)", "panel": "AV. Suba - KR 114C", "audio": "Avenida Suba Carrera 114 C", "zonas_nuevas": "C", "globalid": "{4A2D231C-0BE9-48C3-889F-0B057F312959}" }, "geometry": { "type": "Point", "coordinates": [ -74.103496106073237, 4.750267452883771 ] } },
{ "type": "Feature", "properties": { "objectid": 3017, "cenefa": "193B03", "zona_sitp": "03", "nombre": "ETB Tibabuyes", "via": "Av. Suba", "direccion_bandera": "AV. Suba - KR 114D", "localidad": "Suba", "longitud": -74.10367756, "latitud": 4.75036027, "consecutivo_zona": "193", "tipo_m_s": "M", "consola": "AV. Suba - KR 114D (193B03)", "panel": "AV. Suba - KR 114D", "audio": "Avenida Suba Carrera 114 D", "zonas_nuevas": "C", "globalid": "{832C0FEB-1AB7-41D8-BBD3-EECDDC576E91}" }, "geometry": { "type": "Point", "coordinates": [ -74.103677562233614, 4.750360272241845 ] } },
{ "type": "Feature", "properties": { "objectid": 3019, "cenefa": "193C03", "zona_sitp": "03", "nombre": "ETB Tibabuyes", "via": "Av. Suba", "direccion_bandera": "AV. Suba - KR 114C", "localidad": "Suba", "longitud": -74.103405, "latitud": 4.750243, "consecutivo_zona": "193", "tipo_m_s": "M", "consola": "AV. Suba - KR 114C (193C03)", "panel": "AV. Suba - KR 114C", "audio": "Avenida Suba Carrera 114 C", "zonas_nuevas": "C", "globalid": "{364AA7B2-EE43-4683-904E-4FE25C0C4B7B}" }, "geometry": { "type": "Point", "coordinates": [ -74.1034049997956, 4.750243000229584 ] } },
{ "type": "Feature", "properties": { "objectid": 3022, "cenefa": "194A03", "zona_sitp": "03", "nombre": "Pq. Ciudad Cafam", "via": "Av. Suba", "direccion_bandera": "AV. Suba - KR 113B", "localidad": "Suba", "longitud": -74.102018, "latitud": 4.74951739, "consecutivo_zona": "194", "tipo_m_s": "S", "consola": "AV. Suba - KR 113B (194A03)", "panel": "AV. Suba - KR 113B", "audio": "Avenida Suba Carrera 113 Be", "zonas_nuevas": "C", "globalid": "{844B8C10-9564-4063-A49D-C3CE5BDFF538}" }, "geometry": { "type": "Point", "coordinates": [ -74.102017999770979, 4.749517393282228 ] } },
{ "type": "Feature", "properties": { "objectid": 3036, "cenefa": "195A02", "zona_sitp": "02", "nombre": "Br. San José del Prado", "via": "KR  49", "direccion_bandera": "KR 49 - CL 134D", "localidad": "Suba", "longitud": -74.05507855, "latitud": 4.7215618, "consecutivo_zona": "195", "tipo_m_s": "S", "consola": "KR 49 - CL 134D (195A02)", "panel": "KR 49 - CL 134D", "audio": "Carrera 49 Calle 134 D", "zonas_nuevas": "B", "globalid": "{4FE75F78-3BD0-414A-8E88-B1A090586D7A}" }, "geometry": { "type": "Point", "coordinates": [ -74.055078552240175, 4.721561799250967 ] } },
{ "type": "Feature", "properties": { "objectid": 3037, "cenefa": "195A03", "zona_sitp": "03", "nombre": "Gimnasio Santo Tomás", "via": "Av. Suba", "direccion_bandera": "AV. Suba - KR 109C", "localidad": "Suba", "longitud": -74.0996952, "latitud": 4.74843496, "consecutivo_zona": "195", "tipo_m_s": "M", "consola": "AV. Suba - KR 109C (195A03)", "panel": "AV. Suba - KR 109C", "audio": "Avenida Suba Carrera 109 C", "zonas_nuevas": "C", "globalid": "{6BBA84DB-AD98-48D9-9858-A25F3B868E8A}" }, "geometry": { "type": "Point", "coordinates": [ -74.09969520358203, 4.748434961072129 ] } },
{ "type": "Feature", "properties": { "objectid": 3044, "cenefa": "195B03", "zona_sitp": "03", "nombre": "Br. Lombardía", "via": "Av. Suba", "direccion_bandera": "AV. Suba - KR 110", "localidad": "Suba", "longitud": -74.10000322, "latitud": 4.74856565, "consecutivo_zona": "195", "tipo_m_s": "M", "consola": "AV. Suba - KR 110 (195B03)", "panel": "AV. Suba - KR 110", "audio": "Avenida Suba Carrera 110", "zonas_nuevas": "C", "globalid": "{2A9B65D4-CBAB-4280-AF86-DF7C3008E042}" }, "geometry": { "type": "Point", "coordinates": [ -74.100003214932414, 4.748565645187954 ] } },
{ "type": "Feature", "properties": { "objectid": 3046, "cenefa": "196A03", "zona_sitp": "03", "nombre": "Portal de Suba", "via": "Av. Suba", "direccion_bandera": "AV. Suba - KR 106", "localidad": "Suba", "longitud": -74.09707083, "latitud": 4.74682472, "consecutivo_zona": "196", "tipo_m_s": "S", "consola": "AV. Suba - KR 106 (196A03)", "panel": "AV. Suba - KR 106", "audio": "Avenida Suba Carrera 106", "zonas_nuevas": "C", "globalid": "{6DC4AFE8-E115-42B3-8D26-5D10B813112F}" }, "geometry": { "type": "Point", "coordinates": [ -74.097070834410346, 4.746824716205955 ] } },
{ "type": "Feature", "properties": { "objectid": 3058, "cenefa": "197A03", "zona_sitp": "03", "nombre": "Estación La Campiña", "via": "Av. Suba", "direccion_bandera": "AV. Suba - KR 99", "localidad": "Suba", "longitud": -74.09071765, "latitud": 4.74246319, "consecutivo_zona": "197", "tipo_m_s": "S", "consola": "AV. Suba - KR 99 (197A03)", "panel": "AV. Suba - KR 99", "audio": "Avenida Suba Carrera 99", "zonas_nuevas": "C", "globalid": "{8C86CDE6-97DE-4A1C-A03F-9E486FF5732F}" }, "geometry": { "type": "Point", "coordinates": [ -74.090717646344331, 4.742463193893636 ] } },
{ "type": "Feature", "properties": { "objectid": 3068, "cenefa": "198A03", "zona_sitp": "03", "nombre": "Estación Suba-AV. Boyacá", "via": "AV. Boyacá", "direccion_bandera": "AV. Boyacá - CL 128A", "localidad": "Suba", "longitud": -74.075577, "latitud": 4.718587, "consecutivo_zona": "198", "tipo_m_s": "S", "consola": "AV. Boyacá - CL 128A (198A03)", "panel": "AV. Boyacá - CL 128A", "audio": "Avenida Boyacá Calle 128 A", "zonas_nuevas": "C", "globalid": "{C9E186C6-C991-4A9D-BFC2-F2B7B0F7B0A4}" }, "geometry": { "type": "Point", "coordinates": [ -74.07557699998577, 4.718587000315801 ] } },
{ "type": "Feature", "properties": { "objectid": 3079, "cenefa": "199A02", "zona_sitp": "02", "nombre": "Br. Prado Veraniego Sur", "via": "KR 54", "direccion_bandera": "KR 54 - CL 128A", "localidad": "Suba", "longitud": -74.06201252, "latitud": 4.71466537, "consecutivo_zona": "199", "tipo_m_s": "S", "consola": "KR 54 - CL 128A (199A02)", "panel": "KR 54 - CL 128A", "audio": "Carrera 54 Calle 128 A", "zonas_nuevas": "C", "globalid": "{A4DB1831-BC3B-4E2D-B0F9-B383A10547CA}" }, "geometry": { "type": "Point", "coordinates": [ -74.062012522023281, 4.7146653660656 ] } },
{ "type": "Feature", "properties": { "objectid": 3080, "cenefa": "199A03", "zona_sitp": "03", "nombre": "Estación Suba-AV. Boyacá", "via": "AV. Boyacá", "direccion_bandera": "AV. Boyacá - CL 128B", "localidad": "Suba", "longitud": -74.0753026, "latitud": 4.71834628, "consecutivo_zona": "199", "tipo_m_s": "S", "consola": "AV. Boyacá - CL 128B (199A03)", "panel": "AV. Boyacá - CL 128B", "audio": "Avenida Boyacá Calle 128 Be", "zonas_nuevas": "C", "globalid": "{6AC1AFB0-DE9C-449C-B7F3-15F7C53655EF}" }, "geometry": { "type": "Point", "coordinates": [ -74.075302598309008, 4.718346275414474 ] } },
{ "type": "Feature", "properties": { "objectid": 3091, "cenefa": "200A03", "zona_sitp": "03", "nombre": "Club Los Lagartos", "via": "AV. Boyacá", "direccion_bandera": "AV. Boyacá - AC 116", "localidad": "Suba", "longitud": -74.08181292, "latitud": 4.70053678, "consecutivo_zona": "200", "tipo_m_s": "M", "consola": "AV. Boyacá - AC 116 (200A03)", "panel": "AV. Boyacá - AC 116", "audio": "Avenida Boyacá Avenida Calle116", "zonas_nuevas": "D", "globalid": "{5518EE4F-6152-447D-B886-4ACB7B702691}" }, "geometry": { "type": "Point", "coordinates": [ -74.081812914772613, 4.700536781631835 ] } },
{ "type": "Feature", "properties": { "objectid": 3102, "cenefa": "200B03", "zona_sitp": "03", "nombre": "Club Los Lagartos", "via": "AV. Boyacá", "direccion_bandera": "AV. Boyacá - AC 116", "localidad": "Suba", "longitud": -74.08175255, "latitud": 4.70082291, "consecutivo_zona": "200", "tipo_m_s": "M", "consola": "AV. Boyacá - AC 116 (200B03)", "panel": "AV. Boyacá - AC 116", "audio": "Avenida Boyacá Avenida Calle116", "zonas_nuevas": "D", "globalid": "{FE4425A4-7C54-4F6B-9DD0-8B1BDABCA0C2}" }, "geometry": { "type": "Point", "coordinates": [ -74.081752548352739, 4.700822913346084 ] } },
{ "type": "Feature", "properties": { "objectid": 3105, "cenefa": "201A02", "zona_sitp": "02", "nombre": "Br. San José del Prado - Fuerteventura", "via": "Cl 137", "direccion_bandera": "CL 137 - KR 47", "localidad": "Suba", "longitud": -74.05421088, "latitud": 4.72313331, "consecutivo_zona": "201", "tipo_m_s": "S", "consola": "CL 137 - KR 47 (201A02)", "panel": "CL 137 - KR 47", "audio": "Calle 137 Carrera 47", "zonas_nuevas": "B", "globalid": "{63F18CE5-D1D3-4A55-9946-99D936865201}" }, "geometry": { "type": "Point", "coordinates": [ -74.054210880264847, 4.723133305781872 ] } },
{ "type": "Feature", "properties": { "objectid": 3106, "cenefa": "201A03", "zona_sitp": "03", "nombre": "Avenida Pepe Sierra", "via": "AV. Boyacá", "direccion_bandera": "AV. Boyacá - CL 116A", "localidad": "Suba", "longitud": -74.08092922, "latitud": 4.70233778, "consecutivo_zona": "201", "tipo_m_s": "M", "consola": "AV. Boyacá - CL 116A (201A03)", "panel": "AV. Boyacá - CL 116A", "audio": "Avenida Boyacá Calle 116 A", "zonas_nuevas": "D", "globalid": "{2CBF9781-E074-4F3E-868E-E0D31C48DECD}" }, "geometry": { "type": "Point", "coordinates": [ -74.080929218800108, 4.702337774720196 ] } },
{ "type": "Feature", "properties": { "objectid": 3116, "cenefa": "201B03", "zona_sitp": "03", "nombre": "Avenida Pepe Sierra", "via": "AV. Boyacá", "direccion_bandera": "AV. Boyacá - CL 116A", "localidad": "Suba", "longitud": -74.08099527, "latitud": 4.70201774, "consecutivo_zona": "201", "tipo_m_s": "M", "consola": "AV. Boyacá - CL 116A (201B03)", "panel": "AV. Boyacá - CL 116A", "audio": "Avenida Boyacá Calle 116 A", "zonas_nuevas": "D", "globalid": "{2CEF60F0-AF08-44D4-B784-9D4A12FA6CA8}" }, "geometry": { "type": "Point", "coordinates": [ -74.080995269294988, 4.702017738728381 ] } },
{ "type": "Feature", "properties": { "objectid": 3121, "cenefa": "202A03", "zona_sitp": "03", "nombre": "Br. Aures II", "via": "AV. C. de Cali", "direccion_bandera": "AV. C. de Cali - CL 129D", "localidad": "Suba", "longitud": -74.10073947000001, "latitud": 4.73139888, "consecutivo_zona": "202", "tipo_m_s": "S", "consola": "AV. C. de Cali - CL 129D (202A03)", "panel": "AV. C. de Cali - CL 129D", "audio": "Avenida Ciudad de Cali Calle 129 D", "zonas_nuevas": "C", "globalid": "{D87148D5-4D7B-4399-BD2A-F33D094AE61F}" }, "geometry": { "type": "Point", "coordinates": [ -74.10073946636119, 4.731398875915554 ] } },
{ "type": "Feature", "properties": { "objectid": 3133, "cenefa": "203A02", "zona_sitp": "02", "nombre": "C. R. Rincón de las Villas", "via": "KR 59", "direccion_bandera": "KR 59 - CL 129", "localidad": "Suba", "longitud": -74.071183, "latitud": 4.719652, "consecutivo_zona": "203", "tipo_m_s": "S", "consola": "KR 59 - CL 129 (203A02)", "panel": "KR 59 - CL 129", "audio": "Carrera 59 Calle 129", "zonas_nuevas": "C", "globalid": "{95DA6F75-A27D-4A8F-9961-0D3DCAE06D81}" }, "geometry": { "type": "Point", "coordinates": [ -74.071183000053182, 4.719652000334338 ] } },
{ "type": "Feature", "properties": { "objectid": 3134, "cenefa": "203A03", "zona_sitp": "03", "nombre": "Br. Lago de Suba", "via": "AV. C. de Cali", "direccion_bandera": "AV. C. de Cali - CL 130", "localidad": "Suba", "longitud": -74.1002517, "latitud": 4.73291423, "consecutivo_zona": "203", "tipo_m_s": "S", "consola": "AV. C. de Cali - CL 130 (203A03)", "panel": "AV. C. de Cali - CL 130", "audio": "Avenida Ciudad de Cali Calle 130", "zonas_nuevas": "C", "globalid": "{1BD9B1A4-61AF-4B8F-B6E5-077126E3BF5C}" }, "geometry": { "type": "Point", "coordinates": [ -74.100251700884314, 4.732914233122235 ] } },
{ "type": "Feature", "properties": { "objectid": 3147, "cenefa": "204A03", "zona_sitp": "03", "nombre": "Br. El Poa", "via": "AV. C. de Cali", "direccion_bandera": "AV. C. de Cali - CL 139", "localidad": "Suba", "longitud": -74.09826735, "latitud": 4.74255448, "consecutivo_zona": "204", "tipo_m_s": "S", "consola": "AV. C. de Cali - CL 139 (204A03)", "panel": "AV. C. de Cali - CL 139", "audio": "Avenida Ciudad de Cali Calle 139", "zonas_nuevas": "C", "globalid": "{9F5F2AAC-3A64-4E0E-8C35-8903DAE0E31D}" }, "geometry": { "type": "Point", "coordinates": [ -74.098267345849635, 4.742554478948413 ] } },
{ "type": "Feature", "properties": { "objectid": 3160, "cenefa": "205A03", "zona_sitp": "03", "nombre": "Br. Costa Azul", "via": "AV. C. de Cali", "direccion_bandera": "AV. C. de Cali - CL 139", "localidad": "Suba", "longitud": -74.09854123, "latitud": 4.74110481, "consecutivo_zona": "205", "tipo_m_s": "S", "consola": "AV. C. de Cali - CL 139 (205A03)", "panel": "AV. C. de Cali - CL 139", "audio": "Avenida Ciudad de Cali Calle 139", "zonas_nuevas": "C", "globalid": "{D5227A4A-9CDC-43AF-AF51-B20E18180628}" }, "geometry": { "type": "Point", "coordinates": [ -74.098541228910562, 4.741104807187167 ] } },
{ "type": "Feature", "properties": { "objectid": 3172, "cenefa": "206A02", "zona_sitp": "02", "nombre": "Br. Ciudad Jardín Norte", "via": "KR 59", "direccion_bandera": "KR 59 - CL 131", "localidad": "Suba", "longitud": -74.069999, "latitud": 4.722586, "consecutivo_zona": "206", "tipo_m_s": "S", "consola": "KR 59 - CL 131 (206A02)", "panel": "KR 59 - CL 131", "audio": "Carrera 59 Calle 131", "zonas_nuevas": "C", "globalid": "{BD99D8D4-F331-471B-873F-71B048625DAA}" }, "geometry": { "type": "Point", "coordinates": [ -74.0699990004413, 4.722586000308943 ] } },
{ "type": "Feature", "properties": { "objectid": 3173, "cenefa": "206A03", "zona_sitp": "03", "nombre": "C.C Centro Suba", "via": "Av. Suba", "direccion_bandera": "AV. Suba - KR 91", "localidad": "Suba", "longitud": -74.08539983, "latitud": 4.73777834, "consecutivo_zona": "206", "tipo_m_s": "S", "consola": "AV. Suba - KR 91 (206A03)", "panel": "AV. Suba - KR 91", "audio": "Avenida Suba Carrera 91", "zonas_nuevas": "C", "globalid": "{AA35F96A-FE6A-4AD5-8D1A-9F3DACC99B5C}" }, "geometry": { "type": "Point", "coordinates": [ -74.085399832887418, 4.73777833672001 ] } },
{ "type": "Feature", "properties": { "objectid": 3188, "cenefa": "207A03", "zona_sitp": "03", "nombre": "Estación 21 Ángeles", "via": "Av. Suba", "direccion_bandera": "AV. Suba - TV 84", "localidad": "Suba", "longitud": -74.08048292, "latitud": 4.73484333, "consecutivo_zona": "207", "tipo_m_s": "S", "consola": "AV. Suba - TV 84 (207A03)", "panel": "AV. Suba - TV 84", "audio": "Avenida Suba Transversal 84", "zonas_nuevas": "C", "globalid": "{D638FD3C-68E3-408A-814F-457DDAC847D1}" }, "geometry": { "type": "Point", "coordinates": [ -74.080482919061282, 4.734843331222987 ] } },
{ "type": "Feature", "properties": { "objectid": 3202, "cenefa": "208A02", "zona_sitp": "02", "nombre": "Br. La Sirena", "via": "KR 59", "direccion_bandera": "KR 59 - CL 152", "localidad": "Suba", "longitud": -74.06465314, "latitud": 4.73889058, "consecutivo_zona": "208", "tipo_m_s": "S", "consola": "KR 59 - CL 152 (208A02)", "panel": "KR 59 - CL 152", "audio": "Carrera 59 Calle 152", "zonas_nuevas": "C", "globalid": "{8ABC0B88-9B1F-4975-94D9-650A3165D50D}" }, "geometry": { "type": "Point", "coordinates": [ -74.064653141017558, 4.738890577656382 ] } },
{ "type": "Feature", "properties": { "objectid": 3203, "cenefa": "208A03", "zona_sitp": "03", "nombre": "Br. Niza Suba", "via": "Av. Suba", "direccion_bandera": "AV. Suba - KR 77", "localidad": "Suba", "longitud": -74.07718225000001, "latitud": 4.73281319, "consecutivo_zona": "208", "tipo_m_s": "S", "consola": "AV. Suba - KR 77 (208A03)", "panel": "AV. Suba - KR 77", "audio": "Avenida Suba Carrera 77", "zonas_nuevas": "C", "globalid": "{855C77BC-6FBD-403B-A92E-4B191FF499C2}" }, "geometry": { "type": "Point", "coordinates": [ -74.077182254134541, 4.732813186812765 ] } },
{ "type": "Feature", "properties": { "objectid": 3217, "cenefa": "209A02", "zona_sitp": "02", "nombre": "Br. El Plan", "via": "KR  59", "direccion_bandera": "KR 59 - CL 152-48", "localidad": "Suba", "longitud": -74.06470596, "latitud": 4.73825202, "consecutivo_zona": "209", "tipo_m_s": "S", "consola": "KR 59 - CL 152-48 (209A02)", "panel": "KR 59 - CL 152-48", "audio": "Carrera 59 Calle 152", "zonas_nuevas": "C", "globalid": "{C4870269-E3FC-4BAF-AB4B-11FDB15D79D4}" }, "geometry": { "type": "Point", "coordinates": [ -74.064705962586203, 4.738252022707464 ] } },
{ "type": "Feature", "properties": { "objectid": 3236, "cenefa": "210A02", "zona_sitp": "02", "nombre": "Br. La Sirena", "via": "CL 152", "direccion_bandera": "CL 152 - AV. Villas", "localidad": "Suba", "longitud": -74.06255995, "latitud": 4.73645389, "consecutivo_zona": "210", "tipo_m_s": "S", "consola": "CL 152 - AV. Villas (210A02)", "panel": "CL 152 - AV. Villas", "audio": "Calle 152 Avenida Villas", "zonas_nuevas": "C", "globalid": "{28E0ABC7-361E-4B09-B45D-40FC459662D5}" }, "geometry": { "type": "Point", "coordinates": [ -74.062559953884374, 4.736453892576965 ] } },
{ "type": "Feature", "properties": { "objectid": 3251, "cenefa": "211A02", "zona_sitp": "02", "nombre": "Urb. La Sirena", "via": "CL 152", "direccion_bandera": "CL 152 - AK 58", "localidad": "Suba", "longitud": -74.06285442, "latitud": 4.73670525, "consecutivo_zona": "211", "tipo_m_s": "S", "consola": "CL 152 - AK 58 (211A02)", "panel": "CL 152 - AK 58", "audio": "Calle 152 Avenida Carrera 58", "zonas_nuevas": "C", "globalid": "{0B1E5420-DCE2-403D-9D8F-F9D2F6FA2324}" }, "geometry": { "type": "Point", "coordinates": [ -74.062854415399983, 4.73670524572958 ] } },
{ "type": "Feature", "properties": { "objectid": 3266, "cenefa": "212A02", "zona_sitp": "02", "nombre": "Br. Mazurén", "via": "CL 152B", "direccion_bandera": "CL 152B - KR 56", "localidad": "Suba", "longitud": -74.06078498, "latitud": 4.73868299, "consecutivo_zona": "212", "tipo_m_s": "S", "consola": "CL 152B - KR 56 (212A02)", "panel": "CL 152B - KR 56", "audio": "Calle 152 Be Carrera 56", "zonas_nuevas": "C", "globalid": "{8E3BAC9C-053F-4819-9F62-76D8D3606B71}" }, "geometry": { "type": "Point", "coordinates": [ -74.060784981728503, 4.738682989800349 ] } },
{ "type": "Feature", "properties": { "objectid": 3282, "cenefa": "213A02", "zona_sitp": "02", "nombre": "Urb. Versalles", "via": "CL 152B", "direccion_bandera": "CL 152B - KR 56", "localidad": "Suba", "longitud": -74.06069754, "latitud": 4.73851308, "consecutivo_zona": "213", "tipo_m_s": "S", "consola": "CL 152B - KR 56 (213A02)", "panel": "CL 152B - KR 56", "audio": "Calle 152 Be Carrera 56", "zonas_nuevas": "C", "globalid": "{77A42647-36D5-411B-8C66-8AB01D97F60E}" }, "geometry": { "type": "Point", "coordinates": [ -74.060697544270923, 4.738513083680273 ] } },
{ "type": "Feature", "properties": { "objectid": 3296, "cenefa": "214A02", "zona_sitp": "02", "nombre": "Carrera 56", "via": "CL 152", "direccion_bandera": "CL 152 - KR 56", "localidad": "Suba", "longitud": -74.06038848, "latitud": 4.73603791, "consecutivo_zona": "214", "tipo_m_s": "S", "consola": "CL 152 - KR 56 (214A02)", "panel": "CL 152 - KR 56", "audio": "Calle 152 Carrera 56", "zonas_nuevas": "C", "globalid": "{C4F632AF-ADEE-4FDE-ABF4-C2A6153BB77B}" }, "geometry": { "type": "Point", "coordinates": [ -74.060388479306852, 4.736037905990936 ] } },
{ "type": "Feature", "properties": { "objectid": 3307, "cenefa": "215A02", "zona_sitp": "02", "nombre": "Br. Mazurén", "via": "CL 152", "direccion_bandera": "CL 152 - KR 54", "localidad": "Suba", "longitud": -74.05607318, "latitud": 4.73557879, "consecutivo_zona": "215", "tipo_m_s": "S", "consola": "CL 152 - KR 54 (215A02)", "panel": "CL 152 - KR 54", "audio": "Calle 152 Carrera 54", "zonas_nuevas": "C", "globalid": "{1C74A59E-2E9A-4515-B267-7C7A36B36BAC}" }, "geometry": { "type": "Point", "coordinates": [ -74.05607317789773, 4.73557878726553 ] } },
{ "type": "Feature", "properties": { "objectid": 3319, "cenefa": "216A02", "zona_sitp": "02", "nombre": "Br. Mazurén", "via": "CL 152", "direccion_bandera": "CL 152 - KR 54", "localidad": "Suba", "longitud": -74.05601317, "latitud": 4.73577885, "consecutivo_zona": "216", "tipo_m_s": "S", "consola": "CL 152 - KR 54 (216A02)", "panel": "CL 152 - KR 54", "audio": "Calle 152 Carrera 54", "zonas_nuevas": "C", "globalid": "{0FBBB9C2-73CA-492F-BB52-CAB3B390B6DA}" }, "geometry": { "type": "Point", "coordinates": [ -74.056013164701426, 4.735778848068144 ] } },
{ "type": "Feature", "properties": { "objectid": 3331, "cenefa": "217A02", "zona_sitp": "02", "nombre": "Carrera 56", "via": "CL 152", "direccion_bandera": "CL 152 - KR 56", "localidad": "Suba", "longitud": -74.06036573, "latitud": 4.73619773, "consecutivo_zona": "217", "tipo_m_s": "S", "consola": "CL 152 - KR 56 (217A02)", "panel": "CL 152 - KR 56", "audio": "Calle 152 Carrera 56", "zonas_nuevas": "C", "globalid": "{62F04560-DEE9-43BB-9A48-9405E4BE3980}" }, "geometry": { "type": "Point", "coordinates": [ -74.060365727437585, 4.736197732739944 ] } },
{ "type": "Feature", "properties": { "objectid": 3332, "cenefa": "217A03", "zona_sitp": "03", "nombre": "Br. SAN JORGE", "via": "Cl 127", "direccion_bandera": "CL 127 - KR 87A", "localidad": "Suba", "longitud": -74.08929044, "latitud": 4.71465601, "consecutivo_zona": "217", "tipo_m_s": "S", "consola": "CL 127 - KR 87A (217A03)", "panel": "CL 127 - KR 87A", "audio": "Calle 127 Carrera 87 A", "zonas_nuevas": "C", "globalid": "{E775D4BB-9061-4B31-A5BC-9B0EE678CD9C}" }, "geometry": { "type": "Point", "coordinates": [ -74.089290444980321, 4.714656006111626 ] } },
{ "type": "Feature", "properties": { "objectid": 3340, "cenefa": "218A02", "zona_sitp": "02", "nombre": "Pq. Mazurén", "via": "CL 152", "direccion_bandera": "CL 152 - KR 50", "localidad": "Suba", "longitud": -74.0549961, "latitud": 4.73545707, "consecutivo_zona": "218", "tipo_m_s": "S", "consola": "CL 152 - KR 50 (218A02)", "panel": "CL 152 - KR 50", "audio": "Calle 152 Carrera 50", "zonas_nuevas": "B", "globalid": "{2E7F08CB-FC8B-4EAF-B60B-DDECDF8EC905}" }, "geometry": { "type": "Point", "coordinates": [ -74.054996094901341, 4.73545706672059 ] } },
{ "type": "Feature", "properties": { "objectid": 3341, "cenefa": "218A03", "zona_sitp": "03", "nombre": "Br. SAN JORGE", "via": "Cl 127", "direccion_bandera": "CL 127 - KR 87A", "localidad": "Suba", "longitud": -74.08813807, "latitud": 4.71407372, "consecutivo_zona": "218", "tipo_m_s": "S", "consola": "CL 127 - KR 87A (218A03)", "panel": "CL 127 - KR 87A", "audio": "Calle 127 Carrera 87 A", "zonas_nuevas": "C", "globalid": "{BA2EDF23-9AAE-4490-AE85-A37D88E1D63F}" }, "geometry": { "type": "Point", "coordinates": [ -74.088138073179152, 4.714073715379744 ] } },
{ "type": "Feature", "properties": { "objectid": 3352, "cenefa": "219A02", "zona_sitp": "02", "nombre": "Pq. Mazurén", "via": "CL 152", "direccion_bandera": "CL 152 - KR 50", "localidad": "Suba", "longitud": -74.05304472, "latitud": 4.73541987, "consecutivo_zona": "219", "tipo_m_s": "S", "consola": "CL 152 - KR 50 (219A02)", "panel": "CL 152 - KR 50", "audio": "Calle 152 Carrera 50", "zonas_nuevas": "B", "globalid": "{803BC1EB-C01F-49A5-BF65-85C59687D526}" }, "geometry": { "type": "Point", "coordinates": [ -74.053044717823781, 4.735419865983158 ] } },
{ "type": "Feature", "properties": { "objectid": 3353, "cenefa": "219A03", "zona_sitp": "03", "nombre": "Br. Julio Flórez", "via": "Cl 95", "direccion_bandera": "CL 95 - KR 69B-56", "localidad": "Suba", "longitud": -74.07893003000001, "latitud": 4.69026822, "consecutivo_zona": "219", "tipo_m_s": "S", "consola": "CL 95 - KR 69B-56 (219A03)", "panel": "CL 95 - KR 69B-56", "audio": "Calle 95 Carrera 69 Be", "zonas_nuevas": "D", "globalid": "{42FF8779-DD19-475C-AEBE-266B588F7AF7}" }, "geometry": { "type": "Point", "coordinates": [ -74.078930027002116, 4.690268219826383 ] } },
{ "type": "Feature", "properties": { "objectid": 3363, "cenefa": "220A02", "zona_sitp": "02", "nombre": "Br. Gilmar", "via": "CL 160", "direccion_bandera": "CL 160 - KR 64", "localidad": "Suba", "longitud": -74.064628, "latitud": 4.744137, "consecutivo_zona": "220", "tipo_m_s": "S", "consola": "CL 160 - KR 64 (220A02)", "panel": "CL 160 - KR 64", "audio": "Calle 160 Carrera 64", "zonas_nuevas": "C", "globalid": "{495ED3B5-EBA1-47EC-92C5-6A036D3F55EB}" }, "geometry": { "type": "Point", "coordinates": [ -74.064628000012959, 4.744136999792818 ] } },
{ "type": "Feature", "properties": { "objectid": 3364, "cenefa": "220A03", "zona_sitp": "03", "nombre": "Br. La Alborada", "via": "AK 70", "direccion_bandera": "AK 70 - CL 95A 58 AL LADO", "localidad": "Suba", "longitud": -74.0785908, "latitud": 4.69167841, "consecutivo_zona": "220", "tipo_m_s": "S", "consola": "AK 70 - CL 95A 58 AL LADO (220A03)", "panel": "AK 70 - CL 95A 58 AL LADO", "audio": "Avenida Carrera 70 Calle 95 A 58 AL LADO", "zonas_nuevas": "D", "globalid": "{E6DE5C50-85A2-464B-911B-6DE0F82B4F4C}" }, "geometry": { "type": "Point", "coordinates": [ -74.078590799139974, 4.691678412144219 ] } },
{ "type": "Feature", "properties": { "objectid": 3376, "cenefa": "221A02", "zona_sitp": "02", "nombre": "Br. Brisas de Sotavento", "via": "KR 55", "direccion_bandera": "KR 55 - CL 161A", "localidad": "Suba", "longitud": -74.0569395, "latitud": 4.74406063, "consecutivo_zona": "221", "tipo_m_s": "S", "consola": "KR 55 - CL 161A (221A02)", "panel": "KR 55 - CL 161A", "audio": "Carrera 55 Calle 161 A", "zonas_nuevas": "C", "globalid": "{19B8A8B3-CF94-48B2-AB62-74F72CC17EE8}" }, "geometry": { "type": "Point", "coordinates": [ -74.056939502289993, 4.744060631116193 ] } },
{ "type": "Feature", "properties": { "objectid": 3378, "cenefa": "221A03", "zona_sitp": "03", "nombre": "Br. Julio Flórez", "via": "KR  68B", "direccion_bandera": "KR 68B - CL 96-15 (AL LADO)", "localidad": "Suba", "longitud": -74.0759245, "latitud": 4.68837802, "consecutivo_zona": "221", "tipo_m_s": "S", "consola": "KR 68B - CL 96-15 (AL LADO) (221A03)", "panel": "KR 68B - CL 96-15 (AL LADO)", "audio": "Carrera 68 Be Calle 96", "zonas_nuevas": "D", "globalid": "{73D4287F-5D7C-4087-A3DA-E8757BA58D7E}" }, "geometry": { "type": "Point", "coordinates": [ -74.075924504328029, 4.688378015176103 ] } },
{ "type": "Feature", "properties": { "objectid": 3389, "cenefa": "222A02", "zona_sitp": "02", "nombre": "Br. Brisas de Sotavento", "via": "KR 55", "direccion_bandera": "KR 55 - CL 161A", "localidad": "Suba", "longitud": -74.05686386, "latitud": 4.74390138, "consecutivo_zona": "222", "tipo_m_s": "S", "consola": "KR 55 - CL 161A (222A02)", "panel": "KR 55 - CL 161A", "audio": "Carrera 55 Calle 161 A", "zonas_nuevas": "C", "globalid": "{25F2FE06-1A99-4957-817F-1C357E8BBAB4}" }, "geometry": { "type": "Point", "coordinates": [ -74.056863854869604, 4.743901377629522 ] } },
{ "type": "Feature", "properties": { "objectid": 3390, "cenefa": "222A03", "zona_sitp": "03", "nombre": "Pq la Floresta", "via": "Cl 98", "direccion_bandera": "CL 98 - KR 68F-13", "localidad": "Suba", "longitud": -74.07587205, "latitud": 4.69041506, "consecutivo_zona": "222", "tipo_m_s": "S", "consola": "CL 98 - KR 68F-13 (222A03)", "panel": "CL 98 - KR 68F-13", "audio": "Calle 98 Carrera 68 F", "zonas_nuevas": "D", "globalid": "{58E929C2-1944-47F6-BF49-8C84C84FF7DE}" }, "geometry": { "type": "Point", "coordinates": [ -74.075872051400921, 4.6904150583013 ] } },
{ "type": "Feature", "properties": { "objectid": 3400, "cenefa": "223A02", "zona_sitp": "02", "nombre": "Br. Picadelly", "via": "KR 55A", "direccion_bandera": "KR 55A - CL 163", "localidad": "Suba", "longitud": -74.05699206, "latitud": 4.74692514, "consecutivo_zona": "223", "tipo_m_s": "S", "consola": "KR 55A - CL 163 (223A02)", "panel": "KR 55A - CL 163", "audio": "Carrera 55 A Calle 163", "zonas_nuevas": "C", "globalid": "{29534404-C325-4C2D-BB6F-CB6336C00B5A}" }, "geometry": { "type": "Point", "coordinates": [ -74.056992064769815, 4.74692513988708 ] } },
{ "type": "Feature", "properties": { "objectid": 3401, "cenefa": "223A03", "zona_sitp": "03", "nombre": "AK 68", "via": "Cl 98", "direccion_bandera": "CL 98 - AK 68-58", "localidad": "Suba", "longitud": -74.074731480000011, "latitud": 4.68880788, "consecutivo_zona": "223", "tipo_m_s": "S", "consola": "CL 98 - AK 68-58 (223A03)", "panel": "CL 98 - AK 68-58", "audio": "Calle 98 Avenida Carrera 68", "zonas_nuevas": "D", "globalid": "{A81B8154-7E22-405E-A97C-AC47ACFAF3B7}" }, "geometry": { "type": "Point", "coordinates": [ -74.074731485038384, 4.688807876450688 ] } },
{ "type": "Feature", "properties": { "objectid": 3411, "cenefa": "224A02", "zona_sitp": "02", "nombre": "Br. Picadelly", "via": "KR 55A", "direccion_bandera": "KR 55A - CL 163", "localidad": "Suba", "longitud": -74.05691213, "latitud": 4.74671794, "consecutivo_zona": "224", "tipo_m_s": "S", "consola": "KR 55A - CL 163 (224A02)", "panel": "KR 55A - CL 163", "audio": "Carrera 55 A Calle 163", "zonas_nuevas": "C", "globalid": "{EE076D38-35C4-490C-8ED3-3DDF5DE8B9FF}" }, "geometry": { "type": "Point", "coordinates": [ -74.05691212875297, 4.746717936303277 ] } },
{ "type": "Feature", "properties": { "objectid": 3412, "cenefa": "224A03", "zona_sitp": "03", "nombre": "Br. El Edén", "via": "Cl 98A", "direccion_bandera": "CL 98A - AK 68-55", "localidad": "Suba", "longitud": -74.073833, "latitud": 4.689244, "consecutivo_zona": "224", "tipo_m_s": "S", "consola": "CL 98A - AK 68-55 (224A03)", "panel": "CL 98A - AK 68-55", "audio": "Calle 98 A Avenida Carrera 68", "zonas_nuevas": "D", "globalid": "{1CDE3EB0-7FD6-4D4A-91FE-4EC12808A0ED}" }, "geometry": { "type": "Point", "coordinates": [ -74.073833000432543, 4.68924399963168 ] } },
{ "type": "Feature", "properties": { "objectid": 3423, "cenefa": "225A02", "zona_sitp": "02", "nombre": "Br. Cantalejo", "via": "Cl 161", "direccion_bandera": "CL 161 - KR 54", "localidad": "Suba", "longitud": -74.057057, "latitud": 4.742326, "consecutivo_zona": "225", "tipo_m_s": "S", "consola": "CL 161 - KR 54 (225A02)", "panel": "CL 161 - KR 54", "audio": "Calle 161 Carrera 54", "zonas_nuevas": "C", "globalid": "{1BCE2A53-FC07-478D-865F-B80A11EBA735}" }, "geometry": { "type": "Point", "coordinates": [ -74.057056999885347, 4.742326000431507 ] } },
{ "type": "Feature", "properties": { "objectid": 3433, "cenefa": "226A02", "zona_sitp": "02", "nombre": "Br. Cantalejo", "via": "Cl 161", "direccion_bandera": "CL 161 - KR 54", "localidad": "Suba", "longitud": -74.057226, "latitud": 4.742044, "consecutivo_zona": "226", "tipo_m_s": "S", "consola": "CL 161 - KR 54 (226A02)", "panel": "CL 161 - KR 54", "audio": "Calle 161 Carrera 54", "zonas_nuevas": "C", "globalid": "{8E04424F-C9DA-4169-A16D-23E8F63888F1}" }, "geometry": { "type": "Point", "coordinates": [ -74.057225999824226, 4.742043999878843 ] } },
{ "type": "Feature", "properties": { "objectid": 3434, "cenefa": "226A03", "zona_sitp": "03", "nombre": "Br. Santa Rosa", "via": "AK 70", "direccion_bandera": "AK 70 - CL 99", "localidad": "Suba", "longitud": -74.07561915, "latitud": 4.69408011, "consecutivo_zona": "226", "tipo_m_s": "S", "consola": "AK 70 - CL 99 (226A03)", "panel": "AK 70 - CL 99", "audio": "Avenida Carrera 70 Calle 99", "zonas_nuevas": "D", "globalid": "{D836CEE4-BC77-48DA-93AD-888840C12804}" }, "geometry": { "type": "Point", "coordinates": [ -74.075619151880289, 4.694080109621472 ] } },
{ "type": "Feature", "properties": { "objectid": 3445, "cenefa": "227A03", "zona_sitp": "03", "nombre": "Urbanización Los Sauces", "via": "AK 70", "direccion_bandera": "AK 70 - CL 99", "localidad": "Suba", "longitud": -74.07545735000001, "latitud": 4.69397106, "consecutivo_zona": "227", "tipo_m_s": "S", "consola": "AK 70 - CL 99 (227A03)", "panel": "AK 70 - CL 99", "audio": "Avenida Carrera 70 Calle 99", "zonas_nuevas": "D", "globalid": "{BDBEDD5B-CB8F-4917-95EB-91E002C8B667}" }, "geometry": { "type": "Point", "coordinates": [ -74.075457345733781, 4.693971054966116 ] } },
{ "type": "Feature", "properties": { "objectid": 3457, "cenefa": "228A02", "zona_sitp": "02", "nombre": "Campos de Silencio", "via": "KR 54", "direccion_bandera": "KR 54 - CL 159", "localidad": "Suba", "longitud": -74.0558, "latitud": 4.740909, "consecutivo_zona": "228", "tipo_m_s": "S", "consola": "KR 54 - CL 159 (228A02)", "panel": "KR 54 - CL 159", "audio": "Carrera 54 Calle 159", "zonas_nuevas": "C", "globalid": "{F9291E7A-31EE-4DA0-B8FD-82B80ADEE0F6}" }, "geometry": { "type": "Point", "coordinates": [ -74.055799999646837, 4.740909000158233 ] } },
{ "type": "Feature", "properties": { "objectid": 3481, "cenefa": "230A02", "zona_sitp": "02", "nombre": "Br. Cantagallo", "via": "KR  54", "direccion_bandera": "KR 54 - CL 162", "localidad": "Suba", "longitud": -74.05399308, "latitud": 4.74393663, "consecutivo_zona": "230", "tipo_m_s": "S", "consola": "KR 54 - CL 162 (230A02)", "panel": "KR 54 - CL 162", "audio": "Carrera 54 Calle 162", "zonas_nuevas": "C", "globalid": "{D6D00A42-E3F9-446C-9764-23455951331A}" }, "geometry": { "type": "Point", "coordinates": [ -74.053993075681106, 4.743936629786926 ] } },
{ "type": "Feature", "properties": { "objectid": 3492, "cenefa": "231A03", "zona_sitp": "03", "nombre": "Vereda Tibabuyes", "via": "TV 142", "direccion_bandera": "TV 142 - DG 149", "localidad": "Suba", "longitud": -74.113792, "latitud": 4.756724, "consecutivo_zona": "231", "tipo_m_s": "S", "consola": "TV 142 - DG 149 (231A03)", "panel": "TV 142 - DG 149", "audio": "Transversal 142 Diagonal 149", "zonas_nuevas": "C", "globalid": "{4D267795-BD0B-4ADB-8B6A-FCE9AA5E73C7}" }, "geometry": { "type": "Point", "coordinates": [ -74.113792000423416, 4.756723999989542 ] } },
{ "type": "Feature", "properties": { "objectid": 3503, "cenefa": "232A02", "zona_sitp": "02", "nombre": "Br. Britalia", "via": "KR  54", "direccion_bandera": "KR 48 - CL 165", "localidad": "Suba", "longitud": -74.049221, "latitud": 4.747074, "consecutivo_zona": "232", "tipo_m_s": "S", "consola": "KR 48 - CL 165 (232A02)", "panel": "KR 48 - CL 165", "audio": "Carrera 48 Calle 165", "zonas_nuevas": "B", "globalid": "{41830885-EB1E-44C9-A09A-4B3881AE1BA8}" }, "geometry": { "type": "Point", "coordinates": [ -74.049221000002944, 4.747073999838539 ] } },
{ "type": "Feature", "properties": { "objectid": 3517, "cenefa": "233A02", "zona_sitp": "02", "nombre": "CAI Mazurén", "via": "KR  54", "direccion_bandera": "KR 54 - CL 163B", "localidad": "Suba", "longitud": -74.05343136, "latitud": 4.74669823, "consecutivo_zona": "233", "tipo_m_s": "S", "consola": "KR 54 - CL 163B (233A02)", "panel": "KR 54 - CL 163B", "audio": "Carrera 54 Calle 163 Be", "zonas_nuevas": "B", "globalid": "{7D0EA7D9-01B7-4E73-9395-F4D994A524A7}" }, "geometry": { "type": "Point", "coordinates": [ -74.053431360977029, 4.746698233643802 ] } },
{ "type": "Feature", "properties": { "objectid": 3518, "cenefa": "233A03", "zona_sitp": "03", "nombre": "Br. Santa Rosa", "via": "Cl 102A", "direccion_bandera": "CL 102A - KR 70G", "localidad": "Suba", "longitud": -74.07631202, "latitud": 4.69842096, "consecutivo_zona": "233", "tipo_m_s": "S", "consola": "CL 102A - KR 70G (233A03)", "panel": "CL 102A - KR 70G", "audio": "Calle 102 A Carrera 70 G", "zonas_nuevas": "D", "globalid": "{99FC13A8-2033-49BE-AB7C-054B35CAE837}" }, "geometry": { "type": "Point", "coordinates": [ -74.076312016710546, 4.698420963364047 ] } },
{ "type": "Feature", "properties": { "objectid": 3532, "cenefa": "234A02", "zona_sitp": "02", "nombre": "Br. Altos de Suba", "via": "KR  76", "direccion_bandera": "KR 76 - 145-18(AL LADO)", "localidad": "Suba", "longitud": -74.07401549, "latitud": 4.73400836, "consecutivo_zona": "234", "tipo_m_s": "S", "consola": "KR 76 - 145-18(AL LADO) (234A02)", "panel": "KR 76 - 145-18(AL LADO)", "audio": "Carrera 76 Calle 145", "zonas_nuevas": "C", "globalid": "{0E49F238-711A-49AD-81A1-7D9BB1F2BB3D}" }, "geometry": { "type": "Point", "coordinates": [ -74.074015490135437, 4.734008357171382 ] } },
{ "type": "Feature", "properties": { "objectid": 3533, "cenefa": "234A03", "zona_sitp": "03", "nombre": "Pq Santa Rosa", "via": "Cl 102", "direccion_bandera": "CL 102 - KR 70C-88", "localidad": "Suba", "longitud": -74.07633663, "latitud": 4.69770594, "consecutivo_zona": "234", "tipo_m_s": "S", "consola": "CL 102 - KR 70C-88 (234A03)", "panel": "CL 102 - KR 70C-88", "audio": "Calle 102 Carrera 70 C", "zonas_nuevas": "D", "globalid": "{CD0E0FF8-9653-4237-8C78-8A1F6B82DFDF}" }, "geometry": { "type": "Point", "coordinates": [ -74.076336625848327, 4.697705934768884 ] } },
{ "type": "Feature", "properties": { "objectid": 3543, "cenefa": "235A03", "zona_sitp": "03", "nombre": "Br. Santa Rosa", "via": "Cl 102", "direccion_bandera": "CL 102 - AK 70-32", "localidad": "Suba", "longitud": -74.07452735, "latitud": 4.69552127, "consecutivo_zona": "235", "tipo_m_s": "S", "consola": "CL 102 - AK 70-32 (235A03)", "panel": "CL 102 - AK 70-32", "audio": "Calle 102 Avenida Carrera 70", "zonas_nuevas": "D", "globalid": "{38CF9017-FE28-4E3E-908D-220F9A047E67}" }, "geometry": { "type": "Point", "coordinates": [ -74.074527350960466, 4.695521269032351 ] } },
{ "type": "Feature", "properties": { "objectid": 3554, "cenefa": "236A03", "zona_sitp": "03", "nombre": "IED SANTA ROSA", "via": "Cl 102A", "direccion_bandera": "CL 102A - AK 70-25", "localidad": "Suba", "longitud": -74.07406472, "latitud": 4.69573612, "consecutivo_zona": "236", "tipo_m_s": "S", "consola": "CL 102A - AK 70-25 (236A03)", "panel": "CL 102A - AK 70-25", "audio": "Calle 102 A Avenida Carrera 70", "zonas_nuevas": "D", "globalid": "{284A02E0-745A-47E3-95D0-9CA04CCD45EA}" }, "geometry": { "type": "Point", "coordinates": [ -74.074064721199633, 4.695736124299844 ] } },
{ "type": "Feature", "properties": { "objectid": 3566, "cenefa": "237A03", "zona_sitp": "03", "nombre": "Br. Potosí", "via": "AC 116", "direccion_bandera": "AC 116 - KR 71C", "localidad": "Suba", "longitud": -74.07929326, "latitud": 4.70046964, "consecutivo_zona": "237", "tipo_m_s": "S", "consola": "AC 116 - KR 71C (237A03)", "panel": "AC 116 - KR 71C", "audio": "Avenida Calle 116 Carrera 71 C", "zonas_nuevas": "D", "globalid": "{2BFC7A64-2A15-4FBF-8B6E-825508382298}" }, "geometry": { "type": "Point", "coordinates": [ -74.079293258809486, 4.700469637789196 ] } },
{ "type": "Feature", "properties": { "objectid": 3580, "cenefa": "238A02", "zona_sitp": "02", "nombre": "Reserva de la Montaña", "via": "KR  74A", "direccion_bandera": "KR 74A - CL 167", "localidad": "Suba", "longitud": -74.0677812, "latitud": 4.75218756, "consecutivo_zona": "238", "tipo_m_s": "S", "consola": "KR 74A - CL 167 (238A02)", "panel": "KR 74A - CL 167", "audio": "Carrera 74 A Calle 167", "zonas_nuevas": "C", "globalid": "{16486F13-6758-4F3A-A0D0-9A23742132F9}" }, "geometry": { "type": "Point", "coordinates": [ -74.067781195819009, 4.752187559804725 ] } },
{ "type": "Feature", "properties": { "objectid": 3581, "cenefa": "238A03", "zona_sitp": "03", "nombre": "Club Los Lagartos", "via": "Cl 127A", "direccion_bandera": "CL 127A - KR 81", "localidad": "Suba", "longitud": -74.08228734, "latitud": 4.7115138, "consecutivo_zona": "238", "tipo_m_s": "S", "consola": "CL 127A - KR 81 (238A03)", "panel": "CL 127A - KR 81", "audio": "Calle 127 A Carrera 81", "zonas_nuevas": "C", "globalid": "{99F671A0-D8F3-4E5F-B1DA-D2C825890E3B}" }, "geometry": { "type": "Point", "coordinates": [ -74.08228734341418, 4.711513797759901 ] } },
{ "type": "Feature", "properties": { "objectid": 3594, "cenefa": "239A02", "zona_sitp": "02", "nombre": "Reserva de la Montaña", "via": "KR  74A", "direccion_bandera": "KR 74A - CL 167", "localidad": "Suba", "longitud": -74.06776438, "latitud": 4.75192784, "consecutivo_zona": "239", "tipo_m_s": "S", "consola": "KR 74A - CL 167 (239A02)", "panel": "KR 74A - CL 167", "audio": "Carrera 74 A Calle 167", "zonas_nuevas": "C", "globalid": "{C207FE89-20F1-4371-ADB3-887FC9607988}" }, "geometry": { "type": "Point", "coordinates": [ -74.067764376762653, 4.751927844365565 ] } },
{ "type": "Feature", "properties": { "objectid": 3595, "cenefa": "239A03", "zona_sitp": "03", "nombre": "Club Los Lagartos", "via": "Cl 127A", "direccion_bandera": "CL 127A - KR 81", "localidad": "Suba", "longitud": -74.08238758, "latitud": 4.71154285, "consecutivo_zona": "239", "tipo_m_s": "S", "consola": "CL 127A - KR 81 (239A03)", "panel": "CL 127A - KR 81", "audio": "Calle 127 A Carrera 81", "zonas_nuevas": "C", "globalid": "{A1AC7099-BC01-4489-9224-60F231DD8636}" }, "geometry": { "type": "Point", "coordinates": [ -74.082387579914851, 4.711542850677612 ] } },
{ "type": "Feature", "properties": { "objectid": 3610, "cenefa": "240A02", "zona_sitp": "02", "nombre": "Br. Portales del Norte", "via": "CL 167", "direccion_bandera": "CL 167 - KR 73", "localidad": "Suba", "longitud": -74.06631925, "latitud": 4.75094238, "consecutivo_zona": "240", "tipo_m_s": "S", "consola": "CL 167 - KR 73 (240A02)", "panel": "CL 167 - KR 73", "audio": "Calle 167 Carrera 73", "zonas_nuevas": "C", "globalid": "{7D473160-4E8F-437A-A2FA-F60249174D51}" }, "geometry": { "type": "Point", "coordinates": [ -74.066319253289365, 4.750942379933734 ] } },
{ "type": "Feature", "properties": { "objectid": 3611, "cenefa": "240A03", "zona_sitp": "03", "nombre": "CERROS DE NIZA", "via": "Cl 127A", "direccion_bandera": "CL 127A - KR 78", "localidad": "Suba", "longitud": -74.08069794000001, "latitud": 4.71225711, "consecutivo_zona": "240", "tipo_m_s": "S", "consola": "CL 127A - KR 78 (240A03)", "panel": "CL 127A - KR 78", "audio": "Calle 127 A Carrera 78", "zonas_nuevas": "C", "globalid": "{36DF0978-5FA7-4249-AA5B-953E2C3B73DA}" }, "geometry": { "type": "Point", "coordinates": [ -74.080697936106034, 4.712257113843659 ] } },
{ "type": "Feature", "properties": { "objectid": 3624, "cenefa": "241A02", "zona_sitp": "02", "nombre": "Br. Portales del Norte", "via": "CL 167", "direccion_bandera": "CL 167 - KR 73", "localidad": "Suba", "longitud": -74.06590944, "latitud": 4.75099172, "consecutivo_zona": "241", "tipo_m_s": "S", "consola": "CL 167 - KR 73 (241A02)", "panel": "CL 167 - KR 73", "audio": "Calle 167 Carrera 73", "zonas_nuevas": "C", "globalid": "{A4ACA787-16B5-4240-91A2-2B497F3E77B2}" }, "geometry": { "type": "Point", "coordinates": [ -74.065909439237657, 4.750991716682503 ] } },
{ "type": "Feature", "properties": { "objectid": 3625, "cenefa": "241A03", "zona_sitp": "03", "nombre": "CERROS DE NIZA", "via": "Cl 127A", "direccion_bandera": "CL 127A - KR 78", "localidad": "Suba", "longitud": -74.08056642, "latitud": 4.71233667, "consecutivo_zona": "241", "tipo_m_s": "S", "consola": "CL 127A - KR 78 (241A03)", "panel": "CL 127A - KR 78", "audio": "Calle 127 A Carrera 78", "zonas_nuevas": "C", "globalid": "{9A0873A1-B160-47FB-A03A-4EE24F348CA0}" }, "geometry": { "type": "Point", "coordinates": [ -74.080566421690236, 4.712336669138835 ] } },
{ "type": "Feature", "properties": { "objectid": 3635, "cenefa": "242A03", "zona_sitp": "03", "nombre": "C.R. Fontana Grande", "via": "KR 111A", "direccion_bandera": "KR 111A - CL 151A", "localidad": "Suba", "longitud": -74.09796, "latitud": 4.754354, "consecutivo_zona": "242", "tipo_m_s": "S", "consola": "KR 111A - CL 151A (242A03)", "panel": "KR 111A - CL 151A", "audio": "Carrera 111 A Calle 151 A", "zonas_nuevas": "C", "globalid": "{484CA056-AA8F-40FC-990C-8645AE8F8967}" }, "geometry": { "type": "Point", "coordinates": [ -74.097959999852065, 4.754354000449695 ] } },
{ "type": "Feature", "properties": { "objectid": 3645, "cenefa": "243A02", "zona_sitp": "02", "nombre": "Subestación Eléctrica Cerro-Suba", "via": "KR  74A", "direccion_bandera": "KR 74A - CL 169B", "localidad": "Suba", "longitud": -74.06651688000001, "latitud": 4.75540476, "consecutivo_zona": "243", "tipo_m_s": "S", "consola": "KR 74A - CL 169B (243A02)", "panel": "KR 74A - CL 169B", "audio": "Carrera 74 A Calle 169 Be", "zonas_nuevas": "C", "globalid": "{41AB29C7-0AEF-49CA-A22C-8C31F301FAC6}" }, "geometry": { "type": "Point", "coordinates": [ -74.06651687491086, 4.755404758871117 ] } },
{ "type": "Feature", "properties": { "objectid": 3660, "cenefa": "244A02", "zona_sitp": "02", "nombre": "Subestación Eléctrica Cerro-Suba", "via": "KR  74A", "direccion_bandera": "KR 74A - CL 169A-91", "localidad": "Suba", "longitud": -74.06653553000001, "latitud": 4.7550744, "consecutivo_zona": "244", "tipo_m_s": "S", "consola": "KR 74A - CL 169A-91 (244A02)", "panel": "KR 74A - CL 169A-91", "audio": "Carrera 74 A Calle 169 A", "zonas_nuevas": "C", "globalid": "{1B35B6F1-8E80-484C-8304-52011533C7C3}" }, "geometry": { "type": "Point", "coordinates": [ -74.06653552915148, 4.755074395003337 ] } },
{ "type": "Feature", "properties": { "objectid": 3661, "cenefa": "244A03", "zona_sitp": "03", "nombre": "Br. Santa Cecilia Rural", "via": "KR  160", "direccion_bandera": "KR 160 - CL 133", "localidad": "Suba", "longitud": -74.13002116, "latitud": 4.74059635, "consecutivo_zona": "244", "tipo_m_s": "S", "consola": "KR 160 - CL 133 (244A03)", "panel": "KR 160 - CL 133", "audio": "Carrera 160 Calle 133", "zonas_nuevas": "C", "globalid": "{C11A609E-EAA5-45CC-A329-3A7B29269764}" }, "geometry": { "type": "Point", "coordinates": [ -74.130021155724819, 4.74059635179656 ] } },
{ "type": "Feature", "properties": { "objectid": 3675, "cenefa": "245A02", "zona_sitp": "02", "nombre": "LICEO MODERNO CAMPESTRE", "via": "KR  62", "direccion_bandera": "KR 62 - CL 168A", "localidad": "Suba", "longitud": -74.06035802, "latitud": 4.75244475, "consecutivo_zona": "245", "tipo_m_s": "S", "consola": "KR 62 - CL 168A (245A02)", "panel": "KR 62 - CL 168A", "audio": "Carrera 62 Calle 168 A", "zonas_nuevas": "C", "globalid": "{47CCE9D5-927E-4505-A138-12DACB7D83A2}" }, "geometry": { "type": "Point", "coordinates": [ -74.060358019993501, 4.752444745632856 ] } },
{ "type": "Feature", "properties": { "objectid": 3676, "cenefa": "245A03", "zona_sitp": "03", "nombre": "Br. Santa Cecilia II", "via": "KR  160", "direccion_bandera": "KR 160 - CL 134", "localidad": "Suba", "longitud": -74.130392, "latitud": 4.741295, "consecutivo_zona": "245", "tipo_m_s": "S", "consola": "KR 160 - CL 134 (245A03)", "panel": "KR 160 - CL 134", "audio": "Carrera 160 Calle 134", "zonas_nuevas": "C", "globalid": "{7B9B2ABD-1EBC-4965-B1B3-FEC4F64D1BD7}" }, "geometry": { "type": "Point", "coordinates": [ -74.130391999667381, 4.741295000193119 ] } },
{ "type": "Feature", "properties": { "objectid": 3688, "cenefa": "246A02", "zona_sitp": "02", "nombre": "C. C. Portales", "via": "KR 62", "direccion_bandera": "KR 62 - CL 168", "localidad": "Suba", "longitud": -74.06055792000001, "latitud": 4.75177825, "consecutivo_zona": "246", "tipo_m_s": "S", "consola": "KR 62 - CL 168 (246A02)", "panel": "KR 62 - CL 168", "audio": "Carrera 62 Calle 168 A", "zonas_nuevas": "C", "globalid": "{A29BAF50-3BFB-4358-BCB0-482A7554E286}" }, "geometry": { "type": "Point", "coordinates": [ -74.060557922114583, 4.751778250915861 ] } },
{ "type": "Feature", "properties": { "objectid": 3689, "cenefa": "246A03", "zona_sitp": "03", "nombre": "Br. Santa Cecilia Rural", "via": "KR  160", "direccion_bandera": "KR 160 - CL 136", "localidad": "Suba", "longitud": -74.129845, "latitud": 4.742066, "consecutivo_zona": "246", "tipo_m_s": "S", "consola": "KR 160 - CL 136 (246A03)", "panel": "KR 160 - CL 136", "audio": "Carrera 160 Calle 136", "zonas_nuevas": "C", "globalid": "{15C35CCF-053F-41B2-9933-1CAF0FFFDA22}" }, "geometry": { "type": "Point", "coordinates": [ -74.129845000075349, 4.742065999775074 ] } },
{ "type": "Feature", "properties": { "objectid": 3699, "cenefa": "247A02", "zona_sitp": "02", "nombre": "Br. Caminos de Veracruz", "via": "KR 55A", "direccion_bandera": "KR 55A - CL 166", "localidad": "Suba", "longitud": -74.05655066, "latitud": 4.74911279, "consecutivo_zona": "247", "tipo_m_s": "S", "consola": "KR 55A - CL 166 (247A02)", "panel": "KR 55A - CL 166", "audio": "Carrera 55 A Calle 166", "zonas_nuevas": "C", "globalid": "{E820E3AA-2125-47C4-BDF9-2D333EEEA8F4}" }, "geometry": { "type": "Point", "coordinates": [ -74.056550654710279, 4.749112792231741 ] } },
{ "type": "Feature", "properties": { "objectid": 3700, "cenefa": "247A03", "zona_sitp": "03", "nombre": "IED José María Velaz", "via": "KR  131", "direccion_bandera": "AK 131 - 134-44", "localidad": "Suba", "longitud": -74.11265374, "latitud": 4.74472156, "consecutivo_zona": "247", "tipo_m_s": "S", "consola": "AK 131 - 134-44 (247A03)", "panel": "AK 131 - 134-44", "audio": "Avenida Carrera 131 134", "zonas_nuevas": "C", "globalid": "{C8D5156B-7505-43B5-8923-EBE5C0FBFFE1}" }, "geometry": { "type": "Point", "coordinates": [ -74.112653736878357, 4.744721559120138 ] } },
{ "type": "Feature", "properties": { "objectid": 3714, "cenefa": "248A02", "zona_sitp": "02", "nombre": "Br. Caminos de Veracruz", "via": "KR 55A", "direccion_bandera": "KR 55A - CL 166", "localidad": "Suba", "longitud": -74.05647009, "latitud": 4.74901458, "consecutivo_zona": "248", "tipo_m_s": "S", "consola": "KR 55A - CL 166 (248A02)", "panel": "KR 55A - CL 166", "audio": "Carrera 55 A Calle 166", "zonas_nuevas": "C", "globalid": "{701C91CD-12FF-4FA4-9E75-7BC09A11BE03}" }, "geometry": { "type": "Point", "coordinates": [ -74.056470095118186, 4.7490145820209 ] } },
{ "type": "Feature", "properties": { "objectid": 3715, "cenefa": "248A03", "zona_sitp": "03", "nombre": "Pq Lisboa", "via": "KR  154", "direccion_bandera": "KR 154 - CL 131", "localidad": "Suba", "longitud": -74.12400914, "latitud": 4.74091663, "consecutivo_zona": "248", "tipo_m_s": "S", "consola": "KR 154 - CL 131 (248A03)", "panel": "KR 154 - CL 131", "audio": "Carrera 154 Calle 131", "zonas_nuevas": "C", "globalid": "{6C036141-EF27-48C0-959C-69DC71A93FED}" }, "geometry": { "type": "Point", "coordinates": [ -74.124009135804855, 4.740916627812505 ] } },
{ "type": "Feature", "properties": { "objectid": 3727, "cenefa": "249A03", "zona_sitp": "03", "nombre": "Br. Santa Cecilia I", "via": "CL 132D", "direccion_bandera": "CL 132D - KR 158-23", "localidad": "Suba", "longitud": -74.12831987, "latitud": 4.74073204, "consecutivo_zona": "249", "tipo_m_s": "S", "consola": "CL 132D - KR 158-23 (249A03)", "panel": "CL 132D - KR 158-23", "audio": "Calle 132 D Carrera 158", "zonas_nuevas": "C", "globalid": "{A38CF2AD-1828-4CC7-B9C6-0EEFA1572C9B}" }, "geometry": { "type": "Point", "coordinates": [ -74.128319866180732, 4.74073203823833 ] } },
{ "type": "Feature", "properties": { "objectid": 3741, "cenefa": "250A02", "zona_sitp": "02", "nombre": "Br. Britalia", "via": "KR 55A", "direccion_bandera": "KR 55A - CL 167C", "localidad": "Suba", "longitud": -74.05613573, "latitud": 4.75097277, "consecutivo_zona": "250", "tipo_m_s": "S", "consola": "KR 55A - CL 167C (250A02)", "panel": "KR 55A - CL 167C", "audio": "Carrera 55 A Calle 167 C", "zonas_nuevas": "C", "globalid": "{532E942B-101F-46CC-A628-4AA13BA2A9A6}" }, "geometry": { "type": "Point", "coordinates": [ -74.056135732127316, 4.75097276837799 ] } },
{ "type": "Feature", "properties": { "objectid": 3742, "cenefa": "250A03", "zona_sitp": "03", "nombre": "Br. Santa Cecilia", "via": "CL 132D", "direccion_bandera": "CL 132D - KR 158", "localidad": "Suba", "longitud": -74.12863572000001, "latitud": 4.74069296, "consecutivo_zona": "250", "tipo_m_s": "S", "consola": "CL 132D - KR 158 (250A03)", "panel": "CL 132D - KR 158", "audio": "Calle 132 D Carrera 158", "zonas_nuevas": "C", "globalid": "{31E75D4D-F62B-46B9-AC3C-215FC2F98B2B}" }, "geometry": { "type": "Point", "coordinates": [ -74.12863572422556, 4.740692955204131 ] } },
{ "type": "Feature", "properties": { "objectid": 3756, "cenefa": "251A02", "zona_sitp": "02", "nombre": "Gimnasio El Renuevo", "via": "CL 167", "direccion_bandera": "CL 167 - KR 62-48 (AL LADO)", "localidad": "Suba", "longitud": -74.06287142, "latitud": 4.75036136, "consecutivo_zona": "251", "tipo_m_s": "S", "consola": "CL 167 - KR 62-48 (AL LADO) (251A02)", "panel": "CL 167 - KR 62-48 (AL LADO)", "audio": "Calle 167 Carrera 62", "zonas_nuevas": "C", "globalid": "{D39E1ECC-726C-423D-AE0D-B211B46979D8}" }, "geometry": { "type": "Point", "coordinates": [ -74.062871417991119, 4.750361357702984 ] } },
{ "type": "Feature", "properties": { "objectid": 3769, "cenefa": "252A02", "zona_sitp": "02", "nombre": "Br. San José del Prado", "via": "KR  45A", "direccion_bandera": "KR 45A - CL 137", "localidad": "Suba", "longitud": -74.052078630000011, "latitud": 4.72221613, "consecutivo_zona": "252", "tipo_m_s": "S", "consola": "KR 45A - CL 137 (252A02)", "panel": "KR 45A - CL 137", "audio": "Carrera 45 A Calle 137", "zonas_nuevas": "B", "globalid": "{2C1FF66A-73C5-469C-9483-E37E34D40D05}" }, "geometry": { "type": "Point", "coordinates": [ -74.052078632564729, 4.722216130712994 ] } },
{ "type": "Feature", "properties": { "objectid": 3780, "cenefa": "253A03", "zona_sitp": "03", "nombre": "Br. Santa Rita de Suba", "via": "KR  158B", "direccion_bandera": "KR 158B - CL 138B", "localidad": "Suba", "longitud": -74.12848254, "latitud": 4.7451139, "consecutivo_zona": "253", "tipo_m_s": "S", "consola": "KR 158B - CL 138B (253A03)", "panel": "KR 158B - CL 138B", "audio": "Carrera 158 Be Calle 138 Be", "zonas_nuevas": "C", "globalid": "{5ABD9ED3-0737-4567-8724-DC5FA3A8A251}" }, "geometry": { "type": "Point", "coordinates": [ -74.128482538296424, 4.745113898446212 ] } },
{ "type": "Feature", "properties": { "objectid": 3813, "cenefa": "256A03", "zona_sitp": "03", "nombre": "Vereda Tibabuyes", "via": "KR 145", "direccion_bandera": "KR 145 - CL 144", "localidad": "Suba", "longitud": -74.11600892, "latitud": 4.7529239, "consecutivo_zona": "256", "tipo_m_s": "S", "consola": "KR 145 - CL 144 (256A03)", "panel": "KR 145 - CL 144", "audio": "Carrera 145 Calle 144", "zonas_nuevas": "C", "globalid": "{0F4BBA03-821E-4702-91DE-DFC228A6F5E7}" }, "geometry": { "type": "Point", "coordinates": [ -74.116008914672236, 4.752923901646923 ] } },
{ "type": "Feature", "properties": { "objectid": 3823, "cenefa": "257A03", "zona_sitp": "03", "nombre": "Kr 152", "via": "KR  152", "direccion_bandera": "KR 152 - CL 132", "localidad": "Suba", "longitud": -74.12245936, "latitud": 4.74252823, "consecutivo_zona": "257", "tipo_m_s": "S", "consola": "KR 152 - CL 132 (257A03)", "panel": "KR 152 - CL 132", "audio": "Carrera 152 Calle 132", "zonas_nuevas": "C", "globalid": "{E41FC85F-A9C3-41ED-ADA8-2B04F7842876}" }, "geometry": { "type": "Point", "coordinates": [ -74.122459364861626, 4.742528230118893 ] } },
{ "type": "Feature", "properties": { "objectid": 3834, "cenefa": "258A02", "zona_sitp": "02", "nombre": "Colombo Hebreo", "via": "KR 50", "direccion_bandera": "KR 50 - CL 152A", "localidad": "Suba", "longitud": -74.05210826, "latitud": 4.73712322, "consecutivo_zona": "258", "tipo_m_s": "S", "consola": "KR 50 - CL 152A (258A02)", "panel": "KR 50 - CL 152A", "audio": "Carrera 50 Calle 152 A", "zonas_nuevas": "B", "globalid": "{BF622EB4-970C-4F5C-ADAD-5B3B2D12677E}" }, "geometry": { "type": "Point", "coordinates": [ -74.052108261387247, 4.737123220159127 ] } },
{ "type": "Feature", "properties": { "objectid": 3835, "cenefa": "258A03", "zona_sitp": "03", "nombre": "IED La Toscana - Lisboa", "via": "CL 132", "direccion_bandera": "CL 132 - KR 145A", "localidad": "Suba", "longitud": -74.117701, "latitud": 4.743234, "consecutivo_zona": "258", "tipo_m_s": "S", "consola": "CL 132 - KR 145A (258A03)", "panel": "CL 132 - KR 145A", "audio": "Calle 132 Carrera 145 A", "zonas_nuevas": "C", "globalid": "{BE416FFE-D5F2-4DA6-B805-09B69F55F642}" }, "geometry": { "type": "Point", "coordinates": [ -74.117700999732421, 4.743233999633191 ] } },
{ "type": "Feature", "properties": { "objectid": 3848, "cenefa": "259A02", "zona_sitp": "02", "nombre": "C.R. La Estancia", "via": "Cl 163B", "direccion_bandera": "CL 163B - KR 52", "localidad": "Suba", "longitud": -74.05296, "latitud": 4.746012, "consecutivo_zona": "259", "tipo_m_s": "S", "consola": "CL 163B - KR 52 (259A02)", "panel": "CL 163B - KR 52", "audio": "Calle 163 Be 50", "zonas_nuevas": "B", "globalid": "{35F594EA-FE93-41D8-8B04-6FAD14DF5943}" }, "geometry": { "type": "Point", "coordinates": [ -74.052959999945415, 4.746011999783836 ] } },
{ "type": "Feature", "properties": { "objectid": 3849, "cenefa": "259A03", "zona_sitp": "03", "nombre": "IED La Toscana - Lisboa", "via": "CL 132", "direccion_bandera": "CL 132 - KR 145A", "localidad": "Suba", "longitud": -74.11739887, "latitud": 4.74307381, "consecutivo_zona": "259", "tipo_m_s": "S", "consola": "CL 132 - KR 145A (259A03)", "panel": "CL 132 - KR 145A", "audio": "Calle 132 Carrera 145 A", "zonas_nuevas": "C", "globalid": "{C8A01047-1147-493F-ABF5-17FD9E966672}" }, "geometry": { "type": "Point", "coordinates": [ -74.117398870900303, 4.743073809187751 ] } },
{ "type": "Feature", "properties": { "objectid": 3861, "cenefa": "260A02", "zona_sitp": "02", "nombre": "Urb. La Estancia", "via": "Cl 163B", "direccion_bandera": "CL 163B - KR 52", "localidad": "Suba", "longitud": -74.05237389, "latitud": 4.74600781, "consecutivo_zona": "260", "tipo_m_s": "S", "consola": "CL 163B - KR 52 (260A02)", "panel": "CL 163B - KR 52", "audio": "Calle 163 Be Carrera 52", "zonas_nuevas": "B", "globalid": "{ADA52730-7E87-41DD-A07B-B4BA4393BC3B}" }, "geometry": { "type": "Point", "coordinates": [ -74.052373894182878, 4.746007808025984 ] } },
{ "type": "Feature", "properties": { "objectid": 3872, "cenefa": "261A02", "zona_sitp": "02", "nombre": "Britalia Las Margaritas", "via": "KR  50", "direccion_bandera": "CL 163B - KR 49", "localidad": "Suba", "longitud": -74.050772, "latitud": 4.745498, "consecutivo_zona": "261", "tipo_m_s": "S", "consola": "CL 163B - KR 49 (261A02)", "panel": "CL 163B - KR 49", "audio": "Carrera 50 165", "zonas_nuevas": "B", "globalid": "{19CB121A-2DCC-42D9-A81B-765A6B02C564}" }, "geometry": { "type": "Point", "coordinates": [ -74.050771999939556, 4.745497999805859 ] } },
{ "type": "Feature", "properties": { "objectid": 3885, "cenefa": "262A02", "zona_sitp": "02", "nombre": "Br. Granada Norte", "via": "CL 167", "direccion_bandera": "CL 167 - KR 49A", "localidad": "Suba", "longitud": -74.050324, "latitud": 4.748596, "consecutivo_zona": "262", "tipo_m_s": "S", "consola": "CL 167 - KR 49A (262A02)", "panel": "CL 167 - KR 49A", "audio": "Calle 167 Carrera 49 A", "zonas_nuevas": "B", "globalid": "{AB49B391-9D2B-4685-A059-B874DFB1CE68}" }, "geometry": { "type": "Point", "coordinates": [ -74.050323999641066, 4.748596000355263 ] } },
{ "type": "Feature", "properties": { "objectid": 3897, "cenefa": "263A02", "zona_sitp": "02", "nombre": "Urb. La Esperanza", "via": "Cl 163B", "direccion_bandera": "CL 163B - Auto Norte", "localidad": "Suba", "longitud": -74.04853111, "latitud": 4.7451438, "consecutivo_zona": "263", "tipo_m_s": "S", "consola": "CL 163B - Auto Norte (263A02)", "panel": "CL 163B - Auto Norte", "audio": "Calle 163 Be Autopista Norte", "zonas_nuevas": "B", "globalid": "{D9BCEFEC-D9C4-435A-BAC6-26B95D42C8DD}" }, "geometry": { "type": "Point", "coordinates": [ -74.048531105141493, 4.745143795335876 ] } },
{ "type": "Feature", "properties": { "objectid": 3908, "cenefa": "264A02", "zona_sitp": "02", "nombre": "Gimnasio Los Andes", "via": "AC 209", "direccion_bandera": "AC 209 - Auto Norte", "localidad": "Suba", "longitud": -74.04484513, "latitud": 4.78843734, "consecutivo_zona": "264", "tipo_m_s": "S", "consola": "AC 209 - Auto Norte (264A02)", "panel": "AC 209 - Auto Norte", "audio": "Avenida Calle 209 Autopista Norte", "zonas_nuevas": "B", "globalid": "{DC53C2F7-97DB-4F07-A8CD-FFF46678F5F5}" }, "geometry": { "type": "Point", "coordinates": [ -74.044845130316574, 4.788437341833687 ] } },
{ "type": "Feature", "properties": { "objectid": 3921, "cenefa": "265A02", "zona_sitp": "02", "nombre": "Gimnasio Los Andes", "via": "AC 209", "direccion_bandera": "AC 209 - Auto Norte", "localidad": "Suba", "longitud": -74.04508714000001, "latitud": 4.78859035, "consecutivo_zona": "265", "tipo_m_s": "S", "consola": "AC 209 - Auto Norte (265A02)", "panel": "AC 209 - Auto Norte", "audio": "Avenida Calle 209 Autopista Norte", "zonas_nuevas": "B", "globalid": "{990B3294-0D1F-4DF3-92BF-04F3AB1D2F8C}" }, "geometry": { "type": "Point", "coordinates": [ -74.045087137340204, 4.788590344745975 ] } },
{ "type": "Feature", "properties": { "objectid": 3931, "cenefa": "266A02", "zona_sitp": "02", "nombre": "Colegio El Caminio Academy", "via": "AC222", "direccion_bandera": "AC 222 - KR 52", "localidad": "Suba", "longitud": -74.04354545, "latitud": 4.79902114, "consecutivo_zona": "266", "tipo_m_s": "S", "consola": "AC 222 - KR 52 (266A02)", "panel": "AC 222 - KR 52", "audio": "Avenida Calle 222 Carrera 52", "zonas_nuevas": "B", "globalid": "{87EDED1C-817C-449B-97E5-9F1946F63AD7}" }, "geometry": { "type": "Point", "coordinates": [ -74.0435454544197, 4.799021143667754 ] } },
{ "type": "Feature", "properties": { "objectid": 3943, "cenefa": "267A02", "zona_sitp": "02", "nombre": "LICEO CATOLICO CAMPESTRE E-W", "via": "AC 222", "direccion_bandera": "AC 222 - KR 52", "localidad": "Suba", "longitud": -74.04392014, "latitud": 4.79932655, "consecutivo_zona": "267", "tipo_m_s": "S", "consola": "AC 222 - KR 52 (267A02)", "panel": "AC 222 - KR 52", "audio": "Avenida Calle 222 Carrera 52", "zonas_nuevas": "B", "globalid": "{650C3E40-0C79-4F9B-935E-3AFD1C53B0B4}" }, "geometry": { "type": "Point", "coordinates": [ -74.043920137090552, 4.799326548067616 ] } },
{ "type": "Feature", "properties": { "objectid": 3954, "cenefa": "268A02", "zona_sitp": "02", "nombre": "Br. Puente Largo", "via": "Cl 106", "direccion_bandera": "CL 106 - KR 54", "localidad": "Suba", "longitud": -74.06460705, "latitud": 4.694423, "consecutivo_zona": "268", "tipo_m_s": "S", "consola": "CL 106 - KR 54 (268A02)", "panel": "CL 106 - KR 54", "audio": "Calle 106 Carrera 54", "zonas_nuevas": "C", "globalid": "{DFC7E25F-61A8-4D95-8599-01C958371AC8}" }, "geometry": { "type": "Point", "coordinates": [ -74.064607051338925, 4.694423000807245 ] } },
{ "type": "Feature", "properties": { "objectid": 3955, "cenefa": "268A03", "zona_sitp": "03", "nombre": "Br. Bilbao II Sector", "via": "CL 143B", "direccion_bandera": "CL 143B - KR 151G", "localidad": "Suba", "longitud": -74.123545580000012, "latitud": 4.75252852, "consecutivo_zona": "268", "tipo_m_s": "S", "consola": "CL 143B - KR 151G (268A03)", "panel": "CL 143B - KR 151G", "audio": "Calle 143 Be Carrera 151 G", "zonas_nuevas": "C", "globalid": "{EC7B5942-43C4-49E3-890D-D033EC47CF08}" }, "geometry": { "type": "Point", "coordinates": [ -74.123545577431145, 4.752528517803649 ] } },
{ "type": "Feature", "properties": { "objectid": 3967, "cenefa": "269A02", "zona_sitp": "02", "nombre": "Estación Prado", "via": "KR  45A", "direccion_bandera": "KR 45A - CL 128B", "localidad": "Suba", "longitud": -74.0537205, "latitud": 4.71410504, "consecutivo_zona": "269", "tipo_m_s": "S", "consola": "KR 45A - CL 128B (269A02)", "panel": "KR 45A - CL 128B", "audio": "Carrera 45 A Calle 128 Be", "zonas_nuevas": "C", "globalid": "{8C747D8C-DD06-41BC-A64A-DD9FEB930917}" }, "geometry": { "type": "Point", "coordinates": [ -74.053720500412581, 4.714105034897504 ] } },
{ "type": "Feature", "properties": { "objectid": 3968, "cenefa": "269A03", "zona_sitp": "03", "nombre": "Br. Bilbao II Sector", "via": "CL 143B", "direccion_bandera": "CL 143B - KR 151F", "localidad": "Suba", "longitud": -74.12357038, "latitud": 4.75277928, "consecutivo_zona": "269", "tipo_m_s": "S", "consola": "CL 143B - KR 151F (269A03)", "panel": "CL 143B - KR 151F", "audio": "Calle 143 Be Carrera 151 F", "zonas_nuevas": "C", "globalid": "{115A4910-F541-4FAF-B7F6-DEC049332002}" }, "geometry": { "type": "Point", "coordinates": [ -74.123570378796131, 4.75277928405239 ] } },
{ "type": "Feature", "properties": { "objectid": 3980, "cenefa": "270A02", "zona_sitp": "02", "nombre": "UDCA", "via": "AC 222", "direccion_bandera": "AC 222 - KR 54", "localidad": "Suba", "longitud": -74.047992, "latitud": 4.800042, "consecutivo_zona": "270", "tipo_m_s": "S", "consola": "AC 222 - KR 54 (270A02)", "panel": "AC 222 - KR 54", "audio": "Avenida Calle 222 Carrera 54", "zonas_nuevas": "B", "globalid": "{CCA56FE6-13F6-4EEC-B244-D4754C0912A0}" }, "geometry": { "type": "Point", "coordinates": [ -74.047991999958214, 4.800041999635853 ] } },
{ "type": "Feature", "properties": { "objectid": 3991, "cenefa": "271A02", "zona_sitp": "02", "nombre": "UDCA", "via": "AC 222", "direccion_bandera": "AC 222 - KR 55", "localidad": "Suba", "longitud": -74.04784235, "latitud": 4.80020208, "consecutivo_zona": "271", "tipo_m_s": "S", "consola": "AC 222 - KR 55 (271A02)", "panel": "AC 222 - KR 55", "audio": "Avenida Calle 222 Carrera 55", "zonas_nuevas": "B", "globalid": "{239C8E3A-961F-4302-966F-0D1D311D3C8C}" }, "geometry": { "type": "Point", "coordinates": [ -74.047842354102926, 4.800202078781017 ] } },
{ "type": "Feature", "properties": { "objectid": 4003, "cenefa": "272A03", "zona_sitp": "03", "nombre": "San Francisco Suba", "via": "KR  118A", "direccion_bandera": "KR 118A - CL 126F", "localidad": "Suba", "longitud": -74.102757, "latitud": 4.730049, "consecutivo_zona": "272", "tipo_m_s": "S", "consola": "KR 118A - CL 126F (272A03)", "panel": "KR 118A - CL 126F", "audio": "Carrera 118 A Calle 126 F", "zonas_nuevas": "C", "globalid": "{AA8AB2A0-1977-4A73-9E96-A07E2CAF294F}" }, "geometry": { "type": "Point", "coordinates": [ -74.102756999736187, 4.730048999551517 ] } },
{ "type": "Feature", "properties": { "objectid": 4015, "cenefa": "273A02", "zona_sitp": "02", "nombre": "Campus U. Santo Tomás", "via": "AC 209", "direccion_bandera": "AC 209 - KR 54", "localidad": "Suba", "longitud": -74.04960728, "latitud": 4.78922537, "consecutivo_zona": "273", "tipo_m_s": "S", "consola": "AC 209 - KR 54 (273A02)", "panel": "AC 209 - KR 54", "audio": "Avenida Calle 209 Carrera 54", "zonas_nuevas": "B", "globalid": "{F3803E4E-031A-4094-ACF4-EB62EBCAEB49}" }, "geometry": { "type": "Point", "coordinates": [ -74.049607282241283, 4.789225373206343 ] } },
{ "type": "Feature", "properties": { "objectid": 4016, "cenefa": "273A03", "zona_sitp": "03", "nombre": "San Francisco Suba", "via": "KR  118A", "direccion_bandera": "KR 118A - CL 126F", "localidad": "Suba", "longitud": -74.102521, "latitud": 4.730311, "consecutivo_zona": "273", "tipo_m_s": "S", "consola": "KR 118A - CL 126F (273A03)", "panel": "KR 118A - CL 126F", "audio": "Carrera 118 A Calle 126 F", "zonas_nuevas": "C", "globalid": "{10E541AA-DD11-42CD-B7D9-E33487B0C5F1}" }, "geometry": { "type": "Point", "coordinates": [ -74.102521000350549, 4.730310999602453 ] } },
{ "type": "Feature", "properties": { "objectid": 4027, "cenefa": "274A03", "zona_sitp": "03", "nombre": "Br.  Nueva Tibabuyes", "via": "Cl 129D", "direccion_bandera": "CL 129D - KR 118", "localidad": "Suba", "longitud": -74.10464647000001, "latitud": 4.73240983, "consecutivo_zona": "274", "tipo_m_s": "S", "consola": "CL 129D - KR 118 (274A03)", "panel": "CL 129D - KR 118", "audio": "Calle 129 D Carrera 118", "zonas_nuevas": "C", "globalid": "{ADFBF5C9-B2DC-4D57-A3F9-072E74928CD4}" }, "geometry": { "type": "Point", "coordinates": [ -74.104646474336363, 4.732409831055485 ] } },
{ "type": "Feature", "properties": { "objectid": 4041, "cenefa": "275A02", "zona_sitp": "02", "nombre": "Br. Cantalejo", "via": "KR  56", "direccion_bandera": "KR 56 - CL 160", "localidad": "Suba", "longitud": -74.05888001000001, "latitud": 4.74372884, "consecutivo_zona": "275", "tipo_m_s": "S", "consola": "KR 56 - CL 160 (275A02)", "panel": "KR 56 - CL 160", "audio": "Carrera 56 Calle 160", "zonas_nuevas": "C", "globalid": "{B9ED163A-A27F-436C-B83E-B9DA23918CF9}" }, "geometry": { "type": "Point", "coordinates": [ -74.058880014230326, 4.743728839768328 ] } },
{ "type": "Feature", "properties": { "objectid": 4042, "cenefa": "275A03", "zona_sitp": "03", "nombre": "Br.  Nueva Tibabuyes", "via": "Cl 129D", "direccion_bandera": "CL 129D - KR 120", "localidad": "Suba", "longitud": -74.10473278, "latitud": 4.73254066, "consecutivo_zona": "275", "tipo_m_s": "S", "consola": "CL 129D - KR 120 (275A03)", "panel": "CL 129D - KR 120", "audio": "Calle 129 D Carrera 120", "zonas_nuevas": "C", "globalid": "{BC2A1BE5-6EE9-4E9A-802A-1AA05ADA8745}" }, "geometry": { "type": "Point", "coordinates": [ -74.104732782690945, 4.732540656554241 ] } },
{ "type": "Feature", "properties": { "objectid": 4055, "cenefa": "276A02", "zona_sitp": "02", "nombre": "Urb. Arcos de Cantalejo", "via": "CL 162", "direccion_bandera": "CL 162 - KR 55C", "localidad": "Suba", "longitud": -74.058060160000011, "latitud": 4.74503014, "consecutivo_zona": "276", "tipo_m_s": "S", "consola": "CL 162 - KR 55C (276A02)", "panel": "CL 162 - KR 55C", "audio": "Calle 165 Carrera 55 C", "zonas_nuevas": "C", "globalid": "{DE6AED66-1088-4BDF-982B-8D1C34F29EE6}" }, "geometry": { "type": "Point", "coordinates": [ -74.05806015709156, 4.74503014431026 ] } },
{ "type": "Feature", "properties": { "objectid": 4077, "cenefa": "278A03", "zona_sitp": "03", "nombre": "Parque El Nogal", "via": "KR  140", "direccion_bandera": "KR 140 - CL 132A", "localidad": "Suba", "longitud": -74.11608009, "latitud": 4.74371536, "consecutivo_zona": "278", "tipo_m_s": "S", "consola": "KR 140 - CL 132A (278A03)", "panel": "KR 140 - CL 132A", "audio": "Carrera 140 Calle 132 A", "zonas_nuevas": "C", "globalid": "{299350F7-6CB7-47DB-B599-B1A4B5434BEA}" }, "geometry": { "type": "Point", "coordinates": [ -74.11608008471562, 4.743715358913026 ] } },
{ "type": "Feature", "properties": { "objectid": 4088, "cenefa": "279A03", "zona_sitp": "03", "nombre": "Br. Miramar", "via": "CL 132", "direccion_bandera": "CL 132 - KR 132A", "localidad": "Suba", "longitud": -74.11519414, "latitud": 4.74136036, "consecutivo_zona": "279", "tipo_m_s": "S", "consola": "CL 132 - KR 132A (279A03)", "panel": "CL 132 - KR 132A", "audio": "Calle 132 Carrera 132 A", "zonas_nuevas": "C", "globalid": "{C2282CFA-10A4-44BA-AD52-54966C381D99}" }, "geometry": { "type": "Point", "coordinates": [ -74.115194141795257, 4.741360354934804 ] } },
{ "type": "Feature", "properties": { "objectid": 4100, "cenefa": "280A03", "zona_sitp": "03", "nombre": "Br. Santa Rita", "via": "CL 132", "direccion_bandera": "CL 132 - KR 132A", "localidad": "Suba", "longitud": -74.11515306, "latitud": 4.7414601, "consecutivo_zona": "280", "tipo_m_s": "S", "consola": "CL 132 - KR 132A (280A03)", "panel": "CL 132 - KR 132A", "audio": "Calle 132 Carrera 132 A", "zonas_nuevas": "C", "globalid": "{80DE1A17-DC27-45C1-BF07-053DB2408070}" }, "geometry": { "type": "Point", "coordinates": [ -74.115153055124949, 4.741460098645575 ] } },
{ "type": "Feature", "properties": { "objectid": 4114, "cenefa": "281A03", "zona_sitp": "03", "nombre": "Parque El Nogal", "via": "KR 140", "direccion_bandera": "KR 140 - CL 132A", "localidad": "Suba", "longitud": -74.11611581, "latitud": 4.74353656, "consecutivo_zona": "281", "tipo_m_s": "S", "consola": "KR 140 - CL 132A (281A03)", "panel": "KR 140 - CL 132A", "audio": "Carrera 140 Calle 132 A", "zonas_nuevas": "C", "globalid": "{45D7A08C-0B8B-4D93-9150-E0AD2EAFAF07}" }, "geometry": { "type": "Point", "coordinates": [ -74.116115810980517, 4.74353656363347 ] } },
{ "type": "Feature", "properties": { "objectid": 4134, "cenefa": "283A02", "zona_sitp": "02", "nombre": "Parque Pijao", "via": "KR 67", "direccion_bandera": "KR 67 - CL 169", "localidad": "Suba", "longitud": -74.063677309999989, "latitud": 4.75310201, "consecutivo_zona": "283", "tipo_m_s": "S", "consola": "KR 67 - CL 169 (283A02)", "panel": "KR 67 - CL 169", "audio": "Carrera 67 Calle 168", "zonas_nuevas": "C", "globalid": "{B7947022-85D9-4870-A1DE-3F5C5BB2C58C}" }, "geometry": { "type": "Point", "coordinates": [ -74.063677314122259, 4.753102010039299 ] } },
{ "type": "Feature", "properties": { "objectid": 4135, "cenefa": "283A03", "zona_sitp": "03", "nombre": "Br. Berlín", "via": "Tv 138", "direccion_bandera": "TV 138 - CL 137", "localidad": "Suba", "longitud": -74.11448016, "latitud": 4.74639861, "consecutivo_zona": "283", "tipo_m_s": "S", "consola": "TV 138 - CL 137 (283A03)", "panel": "TV 138 - CL 137", "audio": "Transversal 138 Calle 137", "zonas_nuevas": "C", "globalid": "{8960207C-6910-46DF-9BA3-0C7581A55045}" }, "geometry": { "type": "Point", "coordinates": [ -74.114480156105756, 4.746398608926816 ] } },
{ "type": "Feature", "properties": { "objectid": 4145, "cenefa": "284A03", "zona_sitp": "03", "nombre": "Br. Berlín", "via": "Tv 138", "direccion_bandera": "TV 138 - CL 137", "localidad": "Suba", "longitud": -74.11460055, "latitud": 4.74614023, "consecutivo_zona": "284", "tipo_m_s": "S", "consola": "TV 138 - CL 137 (284A03)", "panel": "TV 138 - CL 137", "audio": "Transversal 138 Calle 137", "zonas_nuevas": "C", "globalid": "{36C2A9A8-4C40-41F8-9BA7-123C4A5B02CC}" }, "geometry": { "type": "Point", "coordinates": [ -74.114600549401928, 4.746140230168395 ] } },
{ "type": "Feature", "properties": { "objectid": 4155, "cenefa": "285A02", "zona_sitp": "02", "nombre": "Br. Tejares del Norte II", "via": "CL 187", "direccion_bandera": "CL 187 – KR 49", "localidad": "Suba", "longitud": -74.04664294, "latitud": 4.76543831, "consecutivo_zona": "285", "tipo_m_s": "S", "consola": "CL 187 – KR 49 (285A02)", "panel": "CL 187 – KR 49", "audio": "Calle 187 Carrera 49", "zonas_nuevas": "B", "globalid": "{6BEDF776-5DBF-4C46-B41A-937B79C5F234}" }, "geometry": { "type": "Point", "coordinates": [ -74.046642939691381, 4.765438310848095 ] } },
{ "type": "Feature", "properties": { "objectid": 4156, "cenefa": "285A03", "zona_sitp": "03", "nombre": "Br. San Carlos de Tibabuyes", "via": "KR 139", "direccion_bandera": "KR 139 - CL 142A", "localidad": "Suba", "longitud": -74.113148, "latitud": 4.747907, "consecutivo_zona": "285", "tipo_m_s": "S", "consola": "KR 139 - CL 142A (285A03)", "panel": "KR 139 - CL 142A", "audio": "Carrera 139 Calle 142 A", "zonas_nuevas": "C", "globalid": "{5FE7D525-5156-46B6-82ED-EBFC4A7ED07A}" }, "geometry": { "type": "Point", "coordinates": [ -74.113147999959978, 4.747906999953586 ] } },
{ "type": "Feature", "properties": { "objectid": 4166, "cenefa": "286A02", "zona_sitp": "02", "nombre": "San Pedro Plaza", "via": "CL 187", "direccion_bandera": "CL 187 - KR 55", "localidad": "Suba", "longitud": -74.049078470000012, "latitud": 4.76634229, "consecutivo_zona": "286", "tipo_m_s": "S", "consola": "CL 187 - KR 55 (286A02)", "panel": "CL 187 - KR 55", "audio": "Calle 187 Carrera 55", "zonas_nuevas": "B", "globalid": "{868C0FAB-C903-486C-86A3-15989813E01A}" }, "geometry": { "type": "Point", "coordinates": [ -74.049078472113166, 4.766342289397336 ] } },
{ "type": "Feature", "properties": { "objectid": 4167, "cenefa": "286A03", "zona_sitp": "03", "nombre": "Br. San Carlos de Tibabuyes", "via": "KR 139", "direccion_bandera": "KR 139 - 142 Bis A", "localidad": "Suba", "longitud": -74.113559, "latitud": 4.74732, "consecutivo_zona": "286", "tipo_m_s": "S", "consola": "KR 139 - 142 Bis A (286A03)", "panel": "KR 139 - 142 Bis A", "audio": "Carrera 139 142 Bis A", "zonas_nuevas": "C", "globalid": "{F8216A39-91B9-41C4-B23E-2480CFF7E7BB}" }, "geometry": { "type": "Point", "coordinates": [ -74.113559000430271, 4.747320000103609 ] } },
{ "type": "Feature", "properties": { "objectid": 4176, "cenefa": "287A02", "zona_sitp": "02", "nombre": "Br. Santa Amalia", "via": "Cl 186", "direccion_bandera": "CL 186 – KR 54D", "localidad": "Suba", "longitud": -74.0495892, "latitud": 4.76483674, "consecutivo_zona": "287", "tipo_m_s": "S", "consola": "CL 186 – KR 54D (287A02)", "panel": "CL 186 – KR 54D", "audio": "Calle 186 Carrera 54 D", "zonas_nuevas": "B", "globalid": "{E98419EB-5FED-46DC-A5C4-EB8B53B7BA10}" }, "geometry": { "type": "Point", "coordinates": [ -74.049589196080746, 4.764836743687665 ] } },
{ "type": "Feature", "properties": { "objectid": 4187, "cenefa": "288A02", "zona_sitp": "02", "nombre": "Urb. Áticos de Monterrey II", "via": "CL 167", "direccion_bandera": "CL 167 - KR 62", "localidad": "Suba", "longitud": -74.06288433, "latitud": 4.75024555, "consecutivo_zona": "288", "tipo_m_s": "S", "consola": "CL 167 - KR 62 (288A02)", "panel": "CL 167 - KR 62", "audio": "Calle 167 Carrera 62", "zonas_nuevas": "C", "globalid": "{8175725A-A70D-46A3-9E5C-3F1C1A832A86}" }, "geometry": { "type": "Point", "coordinates": [ -74.062884332856143, 4.750245545166525 ] } },
{ "type": "Feature", "properties": { "objectid": 4188, "cenefa": "288A03", "zona_sitp": "03", "nombre": "Tibabuyes Universal", "via": "CL 142", "direccion_bandera": "CL 142 - KR 129B", "localidad": "Suba", "longitud": -74.11181634, "latitud": 4.74723628, "consecutivo_zona": "288", "tipo_m_s": "S", "consola": "CL 142 - KR 129B (288A03)", "panel": "CL 142 - KR 129B", "audio": "Calle 142 Carrera 129 Be", "zonas_nuevas": "C", "globalid": "{88852376-13D5-4693-88E4-274AFB11D33C}" }, "geometry": { "type": "Point", "coordinates": [ -74.111816336101157, 4.747236276857653 ] } },
{ "type": "Feature", "properties": { "objectid": 4199, "cenefa": "289A03", "zona_sitp": "03", "nombre": "Sabana de Tibabuyes", "via": "CL 142", "direccion_bandera": "CL 142 - KR 130", "localidad": "Suba", "longitud": -74.11200475, "latitud": 4.74734738, "consecutivo_zona": "289", "tipo_m_s": "S", "consola": "CL 142 - KR 130 (289A03)", "panel": "CL 142 - KR 130", "audio": "Calle 142 Carrera 130", "zonas_nuevas": "C", "globalid": "{71412A27-B696-4ED0-B9E5-794ED558E136}" }, "geometry": { "type": "Point", "coordinates": [ -74.11200475127832, 4.747347375158018 ] } },
{ "type": "Feature", "properties": { "objectid": 4210, "cenefa": "290A03", "zona_sitp": "03", "nombre": "Br. Bilbao II Sector", "via": "CL 143B", "direccion_bandera": "CL 143B - KR 147A", "localidad": "Suba", "longitud": -74.1178817, "latitud": 4.75215956, "consecutivo_zona": "290", "tipo_m_s": "S", "consola": "CL 143B - KR 147A (290A03)", "panel": "CL 143B - KR 147A", "audio": "Calle 143 Be Carrera 147 A", "zonas_nuevas": "C", "globalid": "{E91ACD28-EDDB-4FC8-B4A4-8A0770DC099B}" }, "geometry": { "type": "Point", "coordinates": [ -74.117881702069326, 4.752159558386252 ] } },
{ "type": "Feature", "properties": { "objectid": 4217, "cenefa": "291A03", "zona_sitp": "03", "nombre": "Pq. Sabana de Tibabuyes", "via": "KR  128", "direccion_bandera": "KR 128 - CL 142", "localidad": "Suba", "longitud": -74.11010276, "latitud": 4.74749317, "consecutivo_zona": "291", "tipo_m_s": "S", "consola": "KR 128 - CL 142 (291A03)", "panel": "KR 128 - CL 142", "audio": "Carrera 128 Calle 142", "zonas_nuevas": "C", "globalid": "{3B51DD1A-BD0C-4EC4-9848-AFB68D730112}" }, "geometry": { "type": "Point", "coordinates": [ -74.110102758766544, 4.747493167775327 ] } },
{ "type": "Feature", "properties": { "objectid": 4229, "cenefa": "292A02", "zona_sitp": "02", "nombre": "San José V Sector", "via": "Cl 169 B", "direccion_bandera": "CL 169 B - KR 67", "localidad": "Suba", "longitud": -74.06303364, "latitud": 4.75499704, "consecutivo_zona": "292", "tipo_m_s": "S", "consola": "CL 169 B - KR 67 (292A02)", "panel": "CL 169 B - KR 67", "audio": "Calle 169 Be Carrera 67", "zonas_nuevas": "C", "globalid": "{151EC2F5-A5EE-4FC3-8B36-03631465D243}" }, "geometry": { "type": "Point", "coordinates": [ -74.063033638344322, 4.754997037399517 ] } },
{ "type": "Feature", "properties": { "objectid": 4230, "cenefa": "292A03", "zona_sitp": "03", "nombre": "Sabana de Tibabuyes", "via": "KR  128", "direccion_bandera": "KR 128 - CL 142", "localidad": "Suba", "longitud": -74.1099422, "latitud": 4.74774881, "consecutivo_zona": "292", "tipo_m_s": "S", "consola": "KR 128 - CL 142 (292A03)", "panel": "KR 128 - CL 142", "audio": "Carrera 128 Calle 142", "zonas_nuevas": "C", "globalid": "{D14B4561-E445-4537-B578-A4851B925B03}" }, "geometry": { "type": "Point", "coordinates": [ -74.109942199411762, 4.747748804878642 ] } },
{ "type": "Feature", "properties": { "objectid": 4241, "cenefa": "293A02", "zona_sitp": "02", "nombre": "Barrio Portales del Norte", "via": "Cl 169 B", "direccion_bandera": "CL 169 B - KR 65", "localidad": "Suba", "longitud": -74.0618458, "latitud": 4.75455199, "consecutivo_zona": "293", "tipo_m_s": "S", "consola": "CL 169 B - KR 65 (293A02)", "panel": "CL 169 B - KR 65", "audio": "Calle 169 Be Carrera 65", "zonas_nuevas": "C", "globalid": "{06F8E53D-D711-49B8-AA84-2F2F0D783978}" }, "geometry": { "type": "Point", "coordinates": [ -74.061845801015963, 4.754551993783791 ] } },
{ "type": "Feature", "properties": { "objectid": 4264, "cenefa": "295A03", "zona_sitp": "03", "nombre": "C.C. Laguna", "via": "Cl 129D", "direccion_bandera": "CL 129D - KR 121", "localidad": "Suba", "longitud": -74.10619472, "latitud": 4.73336553, "consecutivo_zona": "295", "tipo_m_s": "S", "consola": "CL 129D - KR 121 (295A03)", "panel": "CL 129D - KR 121", "audio": "Calle 129 D Carrera 121", "zonas_nuevas": "C", "globalid": "{332E65DC-FFDE-44E4-A14A-E9057321C359}" }, "geometry": { "type": "Point", "coordinates": [ -74.106194717072569, 4.733365530359359 ] } },
{ "type": "Feature", "properties": { "objectid": 4275, "cenefa": "296A02", "zona_sitp": "02", "nombre": "Gimnasio La Montaña", "via": "KR 54", "direccion_bandera": "KR 54 - CL 215", "localidad": "Suba", "longitud": -74.04722318, "latitud": 4.79295939, "consecutivo_zona": "296", "tipo_m_s": "S", "consola": "KR 54 - CL 215 (296A02)", "panel": "KR 54 - CL 215", "audio": "Carrera 54 Calle 215", "zonas_nuevas": "B", "globalid": "{4FA71702-885D-49E1-B1F9-33514B4C65EC}" }, "geometry": { "type": "Point", "coordinates": [ -74.047223184595424, 4.792959392741432 ] } },
{ "type": "Feature", "properties": { "objectid": 4276, "cenefa": "296A03", "zona_sitp": "03", "nombre": "C.C. Laguna", "via": "Cl 129D", "direccion_bandera": "CL 129D - KR 121C", "localidad": "Suba", "longitud": -74.10663515, "latitud": 4.73380555, "consecutivo_zona": "296", "tipo_m_s": "S", "consola": "CL 129D - KR 121C (296A03)", "panel": "CL 129D - KR 121C", "audio": "Calle 129 D Carrera 121 C", "zonas_nuevas": "C", "globalid": "{91386869-DFB7-48C7-8DE6-33EFE83A6E80}" }, "geometry": { "type": "Point", "coordinates": [ -74.106635150583543, 4.733805551618738 ] } },
{ "type": "Feature", "properties": { "objectid": 4285, "cenefa": "297A02", "zona_sitp": "02", "nombre": "Colegio San Mateo Apóstol", "via": "Cl 215", "direccion_bandera": "CL 215 - KR 52", "localidad": "Suba", "longitud": -74.04529912, "latitud": 4.79278838, "consecutivo_zona": "297", "tipo_m_s": "S", "consola": "CL 215 - KR 52 (297A02)", "panel": "CL 215 - KR 52", "audio": "Calle 215 Carrera 52", "zonas_nuevas": "B", "globalid": "{C7FF54A4-ACCE-452A-B4E5-437F8237BC50}" }, "geometry": { "type": "Point", "coordinates": [ -74.045299122878419, 4.792788381923095 ] } },
{ "type": "Feature", "properties": { "objectid": 4286, "cenefa": "297A03", "zona_sitp": "03", "nombre": "Br. Nueva Tibabuyes", "via": "KR  123", "direccion_bandera": "KR 123 - CL 130C-18", "localidad": "Suba", "longitud": -74.10699378, "latitud": 4.73609214, "consecutivo_zona": "297", "tipo_m_s": "S", "consola": "KR 123 - CL 130C-18 (297A03)", "panel": "KR 123 - CL 130C-18", "audio": "Carrera 123 Calle 130 C", "zonas_nuevas": "C", "globalid": "{C1E7A445-614F-4B2A-81A6-AA141EAF3E63}" }, "geometry": { "type": "Point", "coordinates": [ -74.106993782396827, 4.736092136673363 ] } },
{ "type": "Feature", "properties": { "objectid": 4298, "cenefa": "298A02", "zona_sitp": "02", "nombre": "Br. Cantalejo", "via": "Cl 159", "direccion_bandera": "CL 159 - KR 55", "localidad": "Suba", "longitud": -74.05863174, "latitud": 4.74145302, "consecutivo_zona": "298", "tipo_m_s": "S", "consola": "CL 159 - KR 55 (298A02)", "panel": "CL 159 - KR 55", "audio": "Calle 159 Carrera 55", "zonas_nuevas": "C", "globalid": "{AFE94EAE-1B72-4888-B7BB-13A248CBEE26}" }, "geometry": { "type": "Point", "coordinates": [ -74.058631737985039, 4.741453017880395 ] } },
{ "type": "Feature", "properties": { "objectid": 4299, "cenefa": "298A03", "zona_sitp": "03", "nombre": "Br. Nueva Tibabuyes", "via": "KR  123", "direccion_bandera": "KR 123 - CL 129F", "localidad": "Suba", "longitud": -74.107688, "latitud": 4.734691, "consecutivo_zona": "298", "tipo_m_s": "S", "consola": "KR 123 - CL 129F (298A03)", "panel": "KR 123 - CL 129F", "audio": "Carrera 123 Calle 129 F", "zonas_nuevas": "C", "globalid": "{2F858B57-29BC-414C-985B-78732ED6430A}" }, "geometry": { "type": "Point", "coordinates": [ -74.10768800010139, 4.734690999877896 ] } },
{ "type": "Feature", "properties": { "objectid": 4311, "cenefa": "299A02", "zona_sitp": "02", "nombre": "Br. Cantalejo", "via": "Cl 159", "direccion_bandera": "CL 159 - KR 55", "localidad": "Suba", "longitud": -74.05807781, "latitud": 4.74143316, "consecutivo_zona": "299", "tipo_m_s": "S", "consola": "CL 159 - KR 55 (299A02)", "panel": "CL 159 - KR 55", "audio": "Calle 159 Carrera 55", "zonas_nuevas": "C", "globalid": "{7871C8D5-61E3-4B8E-A16D-7F37BA31E17D}" }, "geometry": { "type": "Point", "coordinates": [ -74.058077809380833, 4.74143316292503 ] } },
{ "type": "Feature", "properties": { "objectid": 4322, "cenefa": "300A02", "zona_sitp": "02", "nombre": "Urb. Versalles", "via": "KR 56", "direccion_bandera": "KR 56 - CL 152B", "localidad": "Suba", "longitud": -74.05955834, "latitud": 4.73910236, "consecutivo_zona": "300", "tipo_m_s": "S", "consola": "KR 56 - CL 152B (300A02)", "panel": "KR 56 - CL 152B", "audio": "Carrera 56 Calle 152 Be", "zonas_nuevas": "C", "globalid": "{AC3AC110-65B0-4916-A35F-7D460260D8E0}" }, "geometry": { "type": "Point", "coordinates": [ -74.059558343608458, 4.739102364175261 ] } },
{ "type": "Feature", "properties": { "objectid": 4336, "cenefa": "301A02", "zona_sitp": "02", "nombre": "Estación Cardio Infantil", "via": "Auto Norte", "direccion_bandera": "Auto Norte - AC 161", "localidad": "Suba", "longitud": -74.04819185000001, "latitud": 4.74314242, "consecutivo_zona": "301", "tipo_m_s": "S", "consola": "Auto Norte - AC 161 (301A02)", "panel": "Auto Norte - AC 161", "audio": "Autopista Norte Avenida Calle 161", "zonas_nuevas": "B", "globalid": "{3F30B8B8-4222-43E9-86A4-27349E5F465F}" }, "geometry": { "type": "Point", "coordinates": [ -74.048191849106033, 4.743142417059624 ] } },
{ "type": "Feature", "properties": { "objectid": 4364, "cenefa": "303A02", "zona_sitp": "02", "nombre": "Br. Claret Norte", "via": "KR 74", "direccion_bandera": "KR 74 - CL 163", "localidad": "Suba", "longitud": -74.06867702000001, "latitud": 4.74810779, "consecutivo_zona": "303", "tipo_m_s": "S", "consola": "KR 74 - CL 163 (303A02)", "panel": "KR 74 - CL 163", "audio": "Carrera 74 Calle 163", "zonas_nuevas": "C", "globalid": "{985873E0-6227-4207-8219-9820803BA6D6}" }, "geometry": { "type": "Point", "coordinates": [ -74.068677016347408, 4.748107788161537 ] } },
{ "type": "Feature", "properties": { "objectid": 4365, "cenefa": "303A03", "zona_sitp": "03", "nombre": "Br. Villa María I Sector", "via": "AK 118", "direccion_bandera": "AK 118 - CL 132B", "localidad": "Suba", "longitud": -74.10566861, "latitud": 4.73894895, "consecutivo_zona": "303", "tipo_m_s": "S", "consola": "AK 118 - CL 132B (303A03)", "panel": "AK 118 - CL 132B", "audio": "Avenida Carrera 118 Calle 132 Be", "zonas_nuevas": "C", "globalid": "{E87C454C-FFA1-44DE-97B6-6A01905CDAEE}" }, "geometry": { "type": "Point", "coordinates": [ -74.105668608430463, 4.738948949685733 ] } },
{ "type": "Feature", "properties": { "objectid": 4377, "cenefa": "304A02", "zona_sitp": "02", "nombre": "Br. Claret Norte", "via": "KR 74", "direccion_bandera": "KR 74 - CL 163", "localidad": "Suba", "longitud": -74.06851037, "latitud": 4.74832541, "consecutivo_zona": "304", "tipo_m_s": "S", "consola": "KR 74 - CL 163 (304A02)", "panel": "KR 74 - CL 163", "audio": "Carrera 74 Calle 163", "zonas_nuevas": "C", "globalid": "{FE0E370C-929B-405D-A6A1-47B5B8474511}" }, "geometry": { "type": "Point", "coordinates": [ -74.068510371220057, 4.748325404833116 ] } },
{ "type": "Feature", "properties": { "objectid": 4378, "cenefa": "304A03", "zona_sitp": "03", "nombre": "Pq. Aures II", "via": "KR  106", "direccion_bandera": "KR 106 - CL 130C", "localidad": "Suba", "longitud": -74.10261346, "latitud": 4.73377325, "consecutivo_zona": "304", "tipo_m_s": "S", "consola": "KR 106 - CL 130C (304A03)", "panel": "KR 106 - CL 130C", "audio": "Carrera 106 Calle 130 C", "zonas_nuevas": "C", "globalid": "{1A745609-74E6-4514-9D57-7CE001B0706F}" }, "geometry": { "type": "Point", "coordinates": [ -74.102613465421456, 4.733773251800836 ] } },
{ "type": "Feature", "properties": { "objectid": 4391, "cenefa": "305A02", "zona_sitp": "02", "nombre": "Br. Casa Blanca El Pinar", "via": "Tv 77", "direccion_bandera": "TV 77 - CL 160", "localidad": "Suba", "longitud": -74.0715972, "latitud": 4.74612417, "consecutivo_zona": "305", "tipo_m_s": "S", "consola": "TV 77 - CL 160 (305A02)", "panel": "TV 77 - CL 160", "audio": "Transversal 77 Calle 160", "zonas_nuevas": "C", "globalid": "{8779FE1B-EAF7-4FF8-BE7D-A6F91F7E7EE4}" }, "geometry": { "type": "Point", "coordinates": [ -74.07159720322386, 4.746124167089413 ] } },
{ "type": "Feature", "properties": { "objectid": 4392, "cenefa": "305A03", "zona_sitp": "03", "nombre": "Pq. Aures II", "via": "KR  106", "direccion_bandera": "KR 106 - CL 130C", "localidad": "Suba", "longitud": -74.10250826000001, "latitud": 4.73377795, "consecutivo_zona": "305", "tipo_m_s": "S", "consola": "KR 106 - CL 130C (305A03)", "panel": "KR 106 - CL 130C", "audio": "Carrera 106 Calle 130 C", "zonas_nuevas": "C", "globalid": "{77C09741-C9CC-4316-8E42-7CCE21203407}" }, "geometry": { "type": "Point", "coordinates": [ -74.102508262264251, 4.733777949869918 ] } },
{ "type": "Feature", "properties": { "objectid": 4402, "cenefa": "306A02", "zona_sitp": "02", "nombre": "Br. Gilmar - La Sirena", "via": "Tv 77", "direccion_bandera": "TV 77 - CL 160", "localidad": "Suba", "longitud": -74.07149536, "latitud": 4.74624203, "consecutivo_zona": "306", "tipo_m_s": "S", "consola": "TV 77 - CL 160 (306A02)", "panel": "TV 77 - CL 160", "audio": "Transversal 77 Calle 160", "zonas_nuevas": "C", "globalid": "{CBD19E10-3E18-4719-9D84-4F60E6126EE8}" }, "geometry": { "type": "Point", "coordinates": [ -74.071495364576649, 4.746242033623361 ] } },
{ "type": "Feature", "properties": { "objectid": 4403, "cenefa": "306A03", "zona_sitp": "03", "nombre": "Br. Villa María I Sector", "via": "AK 118", "direccion_bandera": "AK 118 - CL 132C", "localidad": "Suba", "longitud": -74.10561862, "latitud": 4.73922369, "consecutivo_zona": "306", "tipo_m_s": "S", "consola": "AK 118 - CL 132C (306A03)", "panel": "AK 118 - CL 132C", "audio": "Avenida Carrera 118 Calle 132 C", "zonas_nuevas": "C", "globalid": "{954ECB45-7FC1-4C83-9F70-F02C3F477110}" }, "geometry": { "type": "Point", "coordinates": [ -74.105618620201554, 4.739223691154868 ] } },
{ "type": "Feature", "properties": { "objectid": 4424, "cenefa": "308A02", "zona_sitp": "02", "nombre": "Br. Portales del Norte", "via": "KR 62", "direccion_bandera": "KR 62 - CL 164", "localidad": "Suba", "longitud": -74.06198424, "latitud": 4.74881924, "consecutivo_zona": "308", "tipo_m_s": "S", "consola": "KR 62 - CL 164 (308A02)", "panel": "KR 62 - CL 164", "audio": "Carrera 62 Calle 164", "zonas_nuevas": "C", "globalid": "{85E4CFA9-BABC-4D5F-905E-6BBDF769F861}" }, "geometry": { "type": "Point", "coordinates": [ -74.061984243131931, 4.748819238636604 ] } },
{ "type": "Feature", "properties": { "objectid": 4435, "cenefa": "309A02", "zona_sitp": "02", "nombre": "Br. Portales del Norte", "via": "KR 62", "direccion_bandera": "KR 62 - CL 163", "localidad": "Suba", "longitud": -74.06213836000001, "latitud": 4.74812951, "consecutivo_zona": "309", "tipo_m_s": "S", "consola": "KR 62 - CL 163 (309A02)", "panel": "KR 62 - CL 163", "audio": "Carrera 62 Calle 163", "zonas_nuevas": "C", "globalid": "{7B8F628F-8DBD-4CFE-AA96-DF0DBFA357EC}" }, "geometry": { "type": "Point", "coordinates": [ -74.062138360750453, 4.748129507985578 ] } },
{ "type": "Feature", "properties": { "objectid": 4436, "cenefa": "309A03", "zona_sitp": "03", "nombre": "Br. Aures II", "via": "KR  106", "direccion_bandera": "KR 106 - CL 131B", "localidad": "Suba", "longitud": -74.1015852, "latitud": 4.73624758, "consecutivo_zona": "309", "tipo_m_s": "S", "consola": "KR 106 - CL 131B (309A03)", "panel": "KR 106 - CL 131B", "audio": "Carrera 106 Calle 131 Be", "zonas_nuevas": "C", "globalid": "{A1C64E78-2AAE-4B8A-9525-4D6F782E0F79}" }, "geometry": { "type": "Point", "coordinates": [ -74.101585202093617, 4.736247577704858 ] } },
{ "type": "Feature", "properties": { "objectid": 4449, "cenefa": "310A02", "zona_sitp": "02", "nombre": "Br. El Plan", "via": "CL 152B", "direccion_bandera": "CL 152B - KR 58", "localidad": "Suba", "longitud": -74.06282996, "latitud": 4.73891599, "consecutivo_zona": "310", "tipo_m_s": "S", "consola": "CL 152B - KR 58 (310A02)", "panel": "CL 152B - KR 58", "audio": "Calle 152 Be Carrera 58", "zonas_nuevas": "C", "globalid": "{79187FD3-EC7B-49ED-93EF-DBED546BDAC9}" }, "geometry": { "type": "Point", "coordinates": [ -74.062829959586949, 4.738915991273977 ] } },
{ "type": "Feature", "properties": { "objectid": 4450, "cenefa": "310A03", "zona_sitp": "03", "nombre": "Br. Villa María I Sector", "via": "AK 118", "direccion_bandera": "AK 118 - CL 135", "localidad": "Suba", "longitud": -74.10602197, "latitud": 4.74110732, "consecutivo_zona": "310", "tipo_m_s": "S", "consola": "AK 118 - CL 135 (310A03)", "panel": "AK 118 - CL 135", "audio": "Avenida Carrera 118 Calle 135", "zonas_nuevas": "C", "globalid": "{D1CE2EBD-9249-40B8-B6F2-0C577676AA2E}" }, "geometry": { "type": "Point", "coordinates": [ -74.106021971415032, 4.741107315195978 ] } },
{ "type": "Feature", "properties": { "objectid": 4463, "cenefa": "311A02", "zona_sitp": "02", "nombre": "Br. Granada Norte", "via": "Auto Norte", "direccion_bandera": "Auto Norte - CL 169", "localidad": "Suba", "longitud": -74.04711177, "latitud": 4.75043722, "consecutivo_zona": "311", "tipo_m_s": "S", "consola": "Auto Norte - CL 169 (311A02)", "panel": "Auto Norte - CL 169", "audio": "Autopista Norte Calle 169", "zonas_nuevas": "B", "globalid": "{D90C3DA2-42B6-4D9E-B01B-C63DB38E886A}" }, "geometry": { "type": "Point", "coordinates": [ -74.047111773142433, 4.750437220924722 ] } },
{ "type": "Feature", "properties": { "objectid": 4464, "cenefa": "311A03", "zona_sitp": "03", "nombre": "Br. Villa María I Sector", "via": "AK 118", "direccion_bandera": "AK 118 - CL 135", "localidad": "Suba", "longitud": -74.10595174000001, "latitud": 4.74122603, "consecutivo_zona": "311", "tipo_m_s": "S", "consola": "AK 118 - CL 135 (311A03)", "panel": "AK 118 - CL 135", "audio": "Avenida Carrera 118 Calle 135", "zonas_nuevas": "C", "globalid": "{1DE75968-8F8C-47EB-9A73-DE1961633211}" }, "geometry": { "type": "Point", "coordinates": [ -74.105951742634048, 4.741226033747679 ] } },
{ "type": "Feature", "properties": { "objectid": 4476, "cenefa": "312A02", "zona_sitp": "02", "nombre": "Estación Mazurén", "via": "Auto Norte", "direccion_bandera": "Auto Norte - CL 152", "localidad": "Suba", "longitud": -74.04937928, "latitud": 4.73596023, "consecutivo_zona": "312", "tipo_m_s": "S", "consola": "Auto Norte - CL 152 (312A02)", "panel": "Auto Norte - CL 152", "audio": "Autopista Norte Calle 152", "zonas_nuevas": "B", "globalid": "{4BB27045-A0A5-4103-8401-7A1FFE2C90F6}" }, "geometry": { "type": "Point", "coordinates": [ -74.049379283248385, 4.73596022761136 ] } },
{ "type": "Feature", "properties": { "objectid": 4477, "cenefa": "312A03", "zona_sitp": "03", "nombre": "Plaza de Mercado La Gaitana", "via": "Av  CAQRRERA 118", "direccion_bandera": "AK 118 - CL 138", "localidad": "Suba", "longitud": -74.10653839, "latitud": 4.74416309, "consecutivo_zona": "312", "tipo_m_s": "S", "consola": "AK 118 - CL 138 (312A03)", "panel": "AK 118 - CL 138", "audio": "Avenida Carrera 118 Calle 138", "zonas_nuevas": "C", "globalid": "{D9444EBD-885B-4CA4-9AC4-50909E5CD82C}" }, "geometry": { "type": "Point", "coordinates": [ -74.106538389883596, 4.744163089976591 ] } },
{ "type": "Feature", "properties": { "objectid": 4490, "cenefa": "313A03", "zona_sitp": "03", "nombre": "Plaza de Mercado La Gaitana", "via": "Av  CAQRRERA 118", "direccion_bandera": "AK 118 - CL 138", "localidad": "Suba", "longitud": -74.10645249, "latitud": 4.74427632, "consecutivo_zona": "313", "tipo_m_s": "S", "consola": "AK 118 - CL 138 (313A03)", "panel": "AK 118 - CL 138", "audio": "Avenida Carrera 118 Calle 138", "zonas_nuevas": "C", "globalid": "{C67F9884-6C4E-462C-A885-DCA55B6D91F4}" }, "geometry": { "type": "Point", "coordinates": [ -74.106452489212785, 4.744276315562285 ] } },
{ "type": "Feature", "properties": { "objectid": 4501, "cenefa": "314A02", "zona_sitp": "02", "nombre": "Br. Gilmar", "via": "KR 62", "direccion_bandera": "KR 62 - CL 162A", "localidad": "Suba", "longitud": -74.06285627, "latitud": 4.74641662, "consecutivo_zona": "314", "tipo_m_s": "S", "consola": "KR 62 - CL 162A (314A02)", "panel": "KR 62 - CL 162A", "audio": "Carrera 62 Calle 162 A", "zonas_nuevas": "C", "globalid": "{19953DF6-87F3-4B09-A6E1-697A9BBC6BB8}" }, "geometry": { "type": "Point", "coordinates": [ -74.062856265916665, 4.746416615562659 ] } },
{ "type": "Feature", "properties": { "objectid": 4513, "cenefa": "315A02", "zona_sitp": "02", "nombre": "Br. Gilmar", "via": "KR 62", "direccion_bandera": "KR 62 - CL 162A", "localidad": "Suba", "longitud": -74.0627156, "latitud": 4.74652759, "consecutivo_zona": "315", "tipo_m_s": "S", "consola": "KR 62 - CL 162A (315A02)", "panel": "KR 62 - CL 162A", "audio": "Carrera 62 Calle 162 A", "zonas_nuevas": "C", "globalid": "{B4939AE5-7881-4602-9DC0-C4590A033ECF}" }, "geometry": { "type": "Point", "coordinates": [ -74.062715597791268, 4.746527592767317 ] } },
{ "type": "Feature", "properties": { "objectid": 4514, "cenefa": "315A03", "zona_sitp": "03", "nombre": "Br. La Gaitana", "via": "KR 126A", "direccion_bandera": "KR 126A - CL 137A", "localidad": "Suba", "longitud": -74.10799763, "latitud": 4.74421039, "consecutivo_zona": "315", "tipo_m_s": "S", "consola": "KR 126A - CL 137A (315A03)", "panel": "KR 126A - CL 137A", "audio": "Carrera 126 A Calle 137 A", "zonas_nuevas": "C", "globalid": "{5C2D5599-CBA0-4E38-B365-23CC7C1C799D}" }, "geometry": { "type": "Point", "coordinates": [ -74.107997632449909, 4.744210384751221 ] } },
{ "type": "Feature", "properties": { "objectid": 4525, "cenefa": "316A03", "zona_sitp": "03", "nombre": "Br. Sabana de Tibabuyes", "via": "DG 139ABis", "direccion_bandera": "DG 139ABis - TV 127ABis", "localidad": "Suba", "longitud": -74.10890218, "latitud": 4.74603519, "consecutivo_zona": "316", "tipo_m_s": "S", "consola": "DG 139ABis - TV 127ABis (316A03)", "panel": "DG 139ABis - TV 127ABis", "audio": "Diagonal 139 A Bis Transversal 127 A Bis", "zonas_nuevas": "C", "globalid": "{C468738C-389F-4E60-951B-8704C2F57B2D}" }, "geometry": { "type": "Point", "coordinates": [ -74.108902181370453, 4.746035184598794 ] } },
{ "type": "Feature", "properties": { "objectid": 4546, "cenefa": "318A02", "zona_sitp": "02", "nombre": "Estación Calle 146", "via": "Auto Norte", "direccion_bandera": "Auto Norte- CL 150", "localidad": "Suba", "longitud": -74.04999606, "latitud": 4.73220508, "consecutivo_zona": "318", "tipo_m_s": "S", "consola": "Auto Norte- CL 150 (318A02)", "panel": "Auto Norte- CL 150", "audio": "Autopista Norte Calle 150", "zonas_nuevas": "B", "globalid": "{F52B0B1C-38BB-410F-960E-A2C5C2074E7B}" }, "geometry": { "type": "Point", "coordinates": [ -74.049996061188153, 4.732205082895711 ] } },
{ "type": "Feature", "properties": { "objectid": 4547, "cenefa": "318A03", "zona_sitp": "03", "nombre": " Sabana de Tibabuyes", "via": "CL 143", "direccion_bandera": "CL 143 - KR 127C", "localidad": "Suba", "longitud": -74.10846422, "latitud": 4.74843668, "consecutivo_zona": "318", "tipo_m_s": "S", "consola": "CL 143 - KR 127C (318A03)", "panel": "CL 143 - KR 127C", "audio": "Calle 143 Carrera 127 C", "zonas_nuevas": "C", "globalid": "{73A8566C-C1B2-4356-B30B-11B6095B08F6}" }, "geometry": { "type": "Point", "coordinates": [ -74.108464220601391, 4.748436683342719 ] } },
{ "type": "Feature", "properties": { "objectid": 4557, "cenefa": "319A02", "zona_sitp": "02", "nombre": "Estación Calle 142", "via": "Auto Norte", "direccion_bandera": "Auto Norte - CL 144", "localidad": "Suba", "longitud": -74.05088127, "latitud": 4.72695438, "consecutivo_zona": "319", "tipo_m_s": "S", "consola": "Auto Norte - CL 144 (319A02)", "panel": "Auto Norte - CL 144", "audio": "Autopista Norte Calle 144", "zonas_nuevas": "B", "globalid": "{7AA68499-83BD-4638-8F8F-25B55317571C}" }, "geometry": { "type": "Point", "coordinates": [ -74.050881273744395, 4.726954374558138 ] } },
{ "type": "Feature", "properties": { "objectid": 4568, "cenefa": "320A02", "zona_sitp": "02", "nombre": "Estación Alcalá", "via": "Auto Norte", "direccion_bandera": "Auto Norte - CL 136", "localidad": "Suba", "longitud": -74.0516267, "latitud": 4.72245764, "consecutivo_zona": "320", "tipo_m_s": "S", "consola": "Auto Norte - CL 136 (320A02)", "panel": "Auto Norte - CL 136", "audio": "Autopista Norte Calle 136", "zonas_nuevas": "B", "globalid": "{11793A93-8454-4421-B8CC-27F39E57CED8}" }, "geometry": { "type": "Point", "coordinates": [ -74.051626704333131, 4.722457634727277 ] } },
{ "type": "Feature", "properties": { "objectid": 4593, "cenefa": "322A02", "zona_sitp": "02", "nombre": "Br. Prado Veraniego", "via": "Auto Norte", "direccion_bandera": "Auto Norte - CL 130", "localidad": "Suba", "longitud": -74.05259325, "latitud": 4.71669556, "consecutivo_zona": "322", "tipo_m_s": "S", "consola": "Auto Norte - CL 130 (322A02)", "panel": "Auto Norte - CL 130", "audio": "Autopista Norte Calle 130", "zonas_nuevas": "C", "globalid": "{618DDFBF-01D7-48EF-AF3C-8B67B12C2D31}" }, "geometry": { "type": "Point", "coordinates": [ -74.052593253136621, 4.716695559352363 ] } },
{ "type": "Feature", "properties": { "objectid": 4594, "cenefa": "322A03", "zona_sitp": "03", "nombre": "Br. Bilbao I Sector", "via": "CL 143B", "direccion_bandera": "CL 143B - KR 144", "localidad": "Suba", "longitud": -74.11606052, "latitud": 4.75176853, "consecutivo_zona": "322", "tipo_m_s": "S", "consola": "CL 143B - KR 144 (322A03)", "panel": "CL 143B - KR 144", "audio": "Calle 143 Be Carrera 144", "zonas_nuevas": "C", "globalid": "{A2042113-E2DE-4ABD-BE36-E65087414E52}" }, "geometry": { "type": "Point", "coordinates": [ -74.11606052108479, 4.751768530894034 ] } },
{ "type": "Feature", "properties": { "objectid": 4607, "cenefa": "323A02", "zona_sitp": "02", "nombre": "Estación Prado", "via": "Auto Norte", "direccion_bandera": "Auto Norte - CL 128A", "localidad": "Suba", "longitud": -74.05309798, "latitud": 4.71376275, "consecutivo_zona": "323", "tipo_m_s": "S", "consola": "Auto Norte - CL 128A (323A02)", "panel": "Auto Norte - CL 128A", "audio": "Autopista Norte Calle 128 A", "zonas_nuevas": "C", "globalid": "{0FFF1342-32D1-46FA-BF0B-EE438ADDE344}" }, "geometry": { "type": "Point", "coordinates": [ -74.053097983817267, 4.713762752601009 ] } },
{ "type": "Feature", "properties": { "objectid": 4629, "cenefa": "325A02", "zona_sitp": "02", "nombre": "Estación Calle 127", "via": "Auto Norte", "direccion_bandera": "Auto Norte - CL 125", "localidad": "Suba", "longitud": -74.05444467, "latitud": 4.70578515, "consecutivo_zona": "325", "tipo_m_s": "S", "consola": "Auto Norte - CL 125 (325A02)", "panel": "Auto Norte - CL 125", "audio": "Autopista Norte Calle 125", "zonas_nuevas": "C", "globalid": "{C42A65F1-7448-43D2-85F8-C8F1626C553B}" }, "geometry": { "type": "Point", "coordinates": [ -74.054444673597729, 4.70578514827526 ] } },
{ "type": "Feature", "properties": { "objectid": 4639, "cenefa": "326A02", "zona_sitp": "02", "nombre": "Br. El Batán", "via": "Auto Norte", "direccion_bandera": "Auto Norte - CL 120", "localidad": "Suba", "longitud": -74.05496504, "latitud": 4.70262728, "consecutivo_zona": "326", "tipo_m_s": "S", "consola": "Auto Norte - CL 120 (326A02)", "panel": "Auto Norte - CL 120", "audio": "Autopista Norte Calle 120", "zonas_nuevas": "C", "globalid": "{AB4F8284-4F19-44A7-8F3F-9DD3798B7DAB}" }, "geometry": { "type": "Point", "coordinates": [ -74.054965040947465, 4.702627276328338 ] } },
{ "type": "Feature", "properties": { "objectid": 4651, "cenefa": "327A02", "zona_sitp": "02", "nombre": "Estación Pepe Sierra", "via": "Auto Norte", "direccion_bandera": "Auto Norte - CL 114A", "localidad": "Suba", "longitud": -74.05565313, "latitud": 4.6985445, "consecutivo_zona": "327", "tipo_m_s": "S", "consola": "Auto Norte - CL 114A (327A02)", "panel": "Auto Norte - CL 114A", "audio": "Autopista Norte Calle 114 A", "zonas_nuevas": "C", "globalid": "{E1C2DFD1-2D1B-4048-B511-D7799835A27B}" }, "geometry": { "type": "Point", "coordinates": [ -74.055653128402469, 4.698544496732435 ] } },
{ "type": "Feature", "properties": { "objectid": 4679, "cenefa": "329A02", "zona_sitp": "02", "nombre": "Estación Calle 106", "via": "Auto Norte", "direccion_bandera": "Auto Norte - CL 104A", "localidad": "Suba", "longitud": -74.05655462, "latitud": 4.69327162, "consecutivo_zona": "329", "tipo_m_s": "S", "consola": "Auto Norte - CL 104A (329A02)", "panel": "Auto Norte - CL 104A", "audio": "Autopista Norte Calle 104 A", "zonas_nuevas": "C", "globalid": "{10660BB3-7871-4001-BF37-B32474CF2DC5}" }, "geometry": { "type": "Point", "coordinates": [ -74.056554619636415, 4.693271616991605 ] } },
{ "type": "Feature", "properties": { "objectid": 4694, "cenefa": "330A02", "zona_sitp": "02", "nombre": "Br. Santa Margarita", "via": "Auto Norte", "direccion_bandera": "Auto Norte - Calle 103", "localidad": "Suba", "longitud": -74.05713533000001, "latitud": 4.6898552, "consecutivo_zona": "330", "tipo_m_s": "S", "consola": "Auto Norte - Calle 103 (330A02)", "panel": "Auto Norte - Calle 103", "audio": "Autopista Norte Calle 103", "zonas_nuevas": "C", "globalid": "{EF01AA50-1404-4E79-901D-3CB90BC42313}" }, "geometry": { "type": "Point", "coordinates": [ -74.057135333693111, 4.689855203964317 ] } },
{ "type": "Feature", "properties": { "objectid": 4708, "cenefa": "331A02", "zona_sitp": "02", "nombre": "Br. El Plan", "via": "AV. Boyacá", "direccion_bandera": "AV. Boyacá - CL 147", "localidad": "Suba", "longitud": -74.06632672, "latitud": 4.73744601, "consecutivo_zona": "331", "tipo_m_s": "S", "consola": "AV. Boyacá - CL 147 (331A02)", "panel": "AV. Boyacá - CL 147", "audio": "Avenida Boyacá Calle 147", "zonas_nuevas": "C", "globalid": "{52146144-BD4C-4AAF-B206-2F670599E730}" }, "geometry": { "type": "Point", "coordinates": [ -74.066326723920142, 4.737446008983836 ] } },
{ "type": "Feature", "properties": { "objectid": 4721, "cenefa": "332A03", "zona_sitp": "03", "nombre": "Br. El Rincón", "via": "Cl 127C", "direccion_bandera": "CL 127C - KR 92D", "localidad": "Suba", "longitud": -74.093624, "latitud": 4.720124, "consecutivo_zona": "332", "tipo_m_s": "S", "consola": "CL 127C - KR 92D  (332A03)", "panel": "CL 127C - KR 92D", "audio": "Calle 127 C Carrera 92 D", "zonas_nuevas": "C", "globalid": "{73B29239-72BD-4CE2-B5D5-A783B4F52172}" }, "geometry": { "type": "Point", "coordinates": [ -74.093624000405995, 4.720124000222246 ] } },
{ "type": "Feature", "properties": { "objectid": 4732, "cenefa": "333A02", "zona_sitp": "02", "nombre": "Urb. San Pedro", "via": "CL 188", "direccion_bandera": "CL 188 – KR 55A", "localidad": "Suba", "longitud": -74.05022975, "latitud": 4.76817106, "consecutivo_zona": "333", "tipo_m_s": "S", "consola": "CL 188 – KR 55A (333A02)", "panel": "CL 188 – KR 55A", "audio": "Calle 188 Carrera 55 A", "zonas_nuevas": "B", "globalid": "{1CBBC2A3-59B7-484E-82AA-1B1314FD5687}" }, "geometry": { "type": "Point", "coordinates": [ -74.05022974873647, 4.768171062039441 ] } },
{ "type": "Feature", "properties": { "objectid": 4762, "cenefa": "336A02", "zona_sitp": "02", "nombre": "Bogotá Tenis Club Campestre", "via": "Auto Norte", "direccion_bandera": "Auto Norte - CL 242", "localidad": "Suba", "longitud": -74.03557627, "latitud": 4.82042654, "consecutivo_zona": "336", "tipo_m_s": "S", "consola": "Auto Norte - CL 242 (336A02)", "panel": "Auto Norte - CL 242", "audio": "Autopista Norte Calle 242", "zonas_nuevas": "B", "globalid": "{5C84A45E-42A6-4A42-990D-5AB7375277E0}" }, "geometry": { "type": "Point", "coordinates": [ -74.035576270902325, 4.820426539892389 ] } },
{ "type": "Feature", "properties": { "objectid": 4770, "cenefa": "337A02", "zona_sitp": "02", "nombre": "Planta de Concreto", "via": "Auto Norte", "direccion_bandera": "Auto Norte . CL 238", "localidad": "Suba", "longitud": -74.036251619999987, "latitud": 4.81546037, "consecutivo_zona": "337", "tipo_m_s": "S", "consola": "Auto Norte . CL 238 (337A02)", "panel": "Auto Norte . CL 238", "audio": "Autopista Norte Calle 238", "zonas_nuevas": "B", "globalid": "{C2C91CA2-2D35-412E-A5AF-2A1B1B7928CE}" }, "geometry": { "type": "Point", "coordinates": [ -74.036251615647501, 4.815460365040397 ] } },
{ "type": "Feature", "properties": { "objectid": 4771, "cenefa": "337A03", "zona_sitp": "03", "nombre": "Br. Bilbao I Sector", "via": "CL 143B", "direccion_bandera": "CL 143B - KR 141B", "localidad": "Suba", "longitud": -74.114756, "latitud": 4.75157411, "consecutivo_zona": "337", "tipo_m_s": "S", "consola": "CL 143B - KR 141B (337A03)", "panel": "CL 143B - KR 141B", "audio": "Calle 143 Be Carrera 141 Be", "zonas_nuevas": "C", "globalid": "{A9BA65B0-6B99-43FD-BD81-D2FEB22DF06C}" }, "geometry": { "type": "Point", "coordinates": [ -74.114755998165833, 4.751574110595447 ] } },
{ "type": "Feature", "properties": { "objectid": 4782, "cenefa": "338A02", "zona_sitp": "02", "nombre": "Estación Terminal", "via": "Auto Norte", "direccion_bandera": "Auto Norte - CL 191", "localidad": "Suba", "longitud": -74.043739, "latitud": 4.770067, "consecutivo_zona": "338", "tipo_m_s": "M", "consola": "Auto Norte - CL 191 (338A02)", "panel": "Auto Norte - CL 191", "audio": "Autopista Norte Calle 191", "zonas_nuevas": "B", "globalid": "{7F3058CE-CA97-45D3-810E-7DE69BBCB0AC}" }, "geometry": { "type": "Point", "coordinates": [ -74.043739000262235, 4.770066999617853 ] } },
{ "type": "Feature", "properties": { "objectid": 4783, "cenefa": "338A03", "zona_sitp": "03", "nombre": "Parque Aures II", "via": "Cl 129", "direccion_bandera": "CL 129 - AV. C. de Cali", "localidad": "Suba", "longitud": -74.101270070000012, "latitud": 4.73013567, "consecutivo_zona": "338", "tipo_m_s": "S", "consola": "CL 129 - AV. C. de Cali (338A03)", "panel": "CL 129 - AV. C. de Cali", "audio": "Calle 129 Avenida Ciudad de Cali", "zonas_nuevas": "C", "globalid": "{FBF363C9-34C4-4655-8791-2DAD70D03050}" }, "geometry": { "type": "Point", "coordinates": [ -74.101270069357383, 4.730135668560374 ] } },
{ "type": "Feature", "properties": { "objectid": 4790, "cenefa": "338B02", "zona_sitp": "02", "nombre": "Estación Calle 187", "via": "Auto Norte", "direccion_bandera": "Auto Norte - CL 191", "localidad": "Suba", "longitud": -74.043829, "latitud": 4.769601, "consecutivo_zona": "338", "tipo_m_s": "M", "consola": "Auto Norte - CL 191 (338B02)", "panel": "Auto Norte - CL 191", "audio": "(en blanco)", "zonas_nuevas": "B", "globalid": "{12902741-0AE8-4A83-9B52-03308BDA2449}" }, "geometry": { "type": "Point", "coordinates": [ -74.043828999652149, 4.769601000412973 ] } },
{ "type": "Feature", "properties": { "objectid": 4792, "cenefa": "339A02", "zona_sitp": "02", "nombre": "Br. Prado Veraniego", "via": "Cl 134", "direccion_bandera": "AC 134 - KR 45A", "localidad": "Suba", "longitud": -74.05351568, "latitud": 4.7191134, "consecutivo_zona": "339", "tipo_m_s": "S", "consola": "AC 134 - KR 45A (339A02)", "panel": "AC 134 - KR 45A", "audio": "Avenida Calle 134 Carrera 45 A", "zonas_nuevas": "B", "globalid": "{76942CF9-49F5-463B-8023-D9DC60364A2E}" }, "geometry": { "type": "Point", "coordinates": [ -74.053515682885575, 4.719113395722312 ] } },
{ "type": "Feature", "properties": { "objectid": 4793, "cenefa": "339A03", "zona_sitp": "03", "nombre": "Parque Aures II", "via": "Cl 129", "direccion_bandera": "CL 129 - KR 104B", "localidad": "Suba", "longitud": -74.10127052, "latitud": 4.73024316, "consecutivo_zona": "339", "tipo_m_s": "S", "consola": "CL 129 - KR 104B (339A03)", "panel": "CL 129 - KR 104B", "audio": "Calle 129 Carrera 104 Be", "zonas_nuevas": "C", "globalid": "{BBDFF9AC-150F-4EE7-9F0F-D10614E353BE}" }, "geometry": { "type": "Point", "coordinates": [ -74.101270524605198, 4.730243154551495 ] } },
{ "type": "Feature", "properties": { "objectid": 4802, "cenefa": "340A02", "zona_sitp": "02", "nombre": "Br. Mazurén", "via": "Cl 153", "direccion_bandera": "CL 153 - KR 58C", "localidad": "Suba", "longitud": -74.0630751, "latitud": 4.74141821, "consecutivo_zona": "340", "tipo_m_s": "S", "consola": "CL 153 - KR 58C (340A02)", "panel": "CL 153 - KR 58C", "audio": "Avenida Calle 153 Carrera 58 C", "zonas_nuevas": "C", "globalid": "{4B1B7AF7-9D90-4803-8B7A-70ED95BB1091}" }, "geometry": { "type": "Point", "coordinates": [ -74.063075099089744, 4.741418208775374 ] } },
{ "type": "Feature", "properties": { "objectid": 4803, "cenefa": "340A03", "zona_sitp": "03", "nombre": "Lago de Suba", "via": "Cl 129C", "direccion_bandera": "CL 129C - 101A 11", "localidad": "Suba", "longitud": -74.09862332, "latitud": 4.72976216, "consecutivo_zona": "340", "tipo_m_s": "S", "consola": "CL 129C - 101A 11 (340A03)", "panel": "CL 129C - 101A 11", "audio": "Calle 129 C 101 A 11", "zonas_nuevas": "C", "globalid": "{E13EE670-6038-4574-A761-5BE0B03EEEF5}" }, "geometry": { "type": "Point", "coordinates": [ -74.098623319641987, 4.729762162210664 ] } },
{ "type": "Feature", "properties": { "objectid": 4811, "cenefa": "341A02", "zona_sitp": "02", "nombre": "Canal Córdoba", "via": "AC 153", "direccion_bandera": "AC 153 - KR 54", "localidad": "Suba", "longitud": -74.05648243, "latitud": 4.73941814, "consecutivo_zona": "341", "tipo_m_s": "S", "consola": "AC 153 - KR 54 (341A02)", "panel": "AC 153 - KR 54", "audio": "Avenida Calle 153 Carrera 54", "zonas_nuevas": "C", "globalid": "{FFC0118F-8C17-4B59-822C-9A0A97B94BF1}" }, "geometry": { "type": "Point", "coordinates": [ -74.056482428897496, 4.739418143904815 ] } },
{ "type": "Feature", "properties": { "objectid": 4812, "cenefa": "341A03", "zona_sitp": "03", "nombre": "Lago de Suba", "via": "Cl 129C", "direccion_bandera": "CL 129C - KR 101A - 16", "localidad": "Suba", "longitud": -74.09837861, "latitud": 4.72974282, "consecutivo_zona": "341", "tipo_m_s": "S", "consola": "CL 129C - KR 101A - 16 (341A03)", "panel": "CL 129C - KR 101A - 16", "audio": "Calle 129 C Carrera 101 A", "zonas_nuevas": "C", "globalid": "{B56AEECD-3778-4A47-B70C-CC4897A5A3A6}" }, "geometry": { "type": "Point", "coordinates": [ -74.098378614004304, 4.729742818347884 ] } },
{ "type": "Feature", "properties": { "objectid": 4823, "cenefa": "342A02", "zona_sitp": "02", "nombre": "Br. Mazurén", "via": "Cl 153", "direccion_bandera": "CL 153 - KR 56", "localidad": "Suba", "longitud": -74.06012349000001, "latitud": 4.74033094, "consecutivo_zona": "342", "tipo_m_s": "S", "consola": "CL 153 - KR 56 (342A02)", "panel": "CL 153 - KR 56", "audio": "Avenida Calle 153 Carrera 56", "zonas_nuevas": "C", "globalid": "{3A6142FA-A52D-45AB-9CE6-67EB6D16EBFE}" }, "geometry": { "type": "Point", "coordinates": [ -74.060123487571786, 4.740330942664096 ] } },
{ "type": "Feature", "properties": { "objectid": 4833, "cenefa": "343A02", "zona_sitp": "02", "nombre": "Br. Mazurén II Sector", "via": "AC 152", "direccion_bandera": "AC 152 - KR 55", "localidad": "Suba", "longitud": -74.05848402000001, "latitud": 4.73599838, "consecutivo_zona": "343", "tipo_m_s": "S", "consola": "AC 152 - KR 55 (343A02)", "panel": "AC 152 - KR 55", "audio": "Avenida Calle 152 Carrera 55", "zonas_nuevas": "C", "globalid": "{C92F8F73-8824-4463-9AD4-356143150E89}" }, "geometry": { "type": "Point", "coordinates": [ -74.058484022146573, 4.735998379593126 ] } },
{ "type": "Feature", "properties": { "objectid": 4834, "cenefa": "343A03", "zona_sitp": "03", "nombre": "Br. San Cayetano", "via": "KR  96A", "direccion_bandera": "KR 96A - CL 129", "localidad": "Suba", "longitud": -74.09531668, "latitud": 4.7281607, "consecutivo_zona": "343", "tipo_m_s": "S", "consola": "KR 96A - CL 129 (343A03)", "panel": "KR 96A - CL 129", "audio": "Carrera 96 A Calle 129", "zonas_nuevas": "C", "globalid": "{DECAACAD-C28E-4055-B055-5B162974A3F1}" }, "geometry": { "type": "Point", "coordinates": [ -74.095316680906237, 4.728160698136853 ] } },
{ "type": "Feature", "properties": { "objectid": 4844, "cenefa": "344A02", "zona_sitp": "02", "nombre": "Br. Mazurén", "via": "CL 152B", "direccion_bandera": "CL 152B - KR 58C", "localidad": "Suba", "longitud": -74.06373712, "latitud": 4.73928311, "consecutivo_zona": "344", "tipo_m_s": "S", "consola": "CL 152B - KR 58C (344A02)", "panel": "CL 152B - KR 58C", "audio": "Calle 152 Be Carrera 58 C", "zonas_nuevas": "C", "globalid": "{6792223C-CBAD-4DEA-AA78-0BB05EE17B4D}" }, "geometry": { "type": "Point", "coordinates": [ -74.063737123352581, 4.739283108130016 ] } },
{ "type": "Feature", "properties": { "objectid": 4845, "cenefa": "344A03", "zona_sitp": "03", "nombre": "Br. Telecom Arrayanes", "via": "KR  96A", "direccion_bandera": "KR 96A - CL 128C", "localidad": "Suba", "longitud": -74.0966971, "latitud": 4.72636681, "consecutivo_zona": "344", "tipo_m_s": "S", "consola": "KR 96A - CL 128C (344A03)", "panel": "KR 96A - CL 128C", "audio": "Carrera 96 A Calle 128 C", "zonas_nuevas": "C", "globalid": "{9A4E50A9-3E7A-4F7F-B2CC-A0E9839FB690}" }, "geometry": { "type": "Point", "coordinates": [ -74.096697104640384, 4.726366812223064 ] } },
{ "type": "Feature", "properties": { "objectid": 4860, "cenefa": "346A02", "zona_sitp": "02", "nombre": "Calle 224", "via": "Auto Norte", "direccion_bandera": "Auto Norte - AC 224", "localidad": "Suba", "longitud": -74.03853316, "latitud": 4.80138536, "consecutivo_zona": "346", "tipo_m_s": "S", "consola": "Auto Norte - AC 224 (346A02)", "panel": "Auto Norte - AC 224", "audio": "Autopista Norte Calle 224", "zonas_nuevas": "B", "globalid": "{8C22DB7E-947E-433B-A492-69573545EBBE}" }, "geometry": { "type": "Point", "coordinates": [ -74.038533158655909, 4.801385355836053 ] } },
{ "type": "Feature", "properties": { "objectid": 4865, "cenefa": "347A02", "zona_sitp": "02", "nombre": "Urbanización Parque Central Colina II", "via": "KR 56", "direccion_bandera": "KR 56 - AC 153", "localidad": "Suba", "longitud": -74.05954093, "latitud": 4.74065485, "consecutivo_zona": "347", "tipo_m_s": "S", "consola": "KR 56 - AC 153 (347A02)", "panel": "KR 56 - AC 153", "audio": "Carrera 56 Avenida Calle 153", "zonas_nuevas": "C", "globalid": "{BA4DE866-E6E0-4EAF-A185-0C158635EC9D}" }, "geometry": { "type": "Point", "coordinates": [ -74.05954093308803, 4.740654845252322 ] } },
{ "type": "Feature", "properties": { "objectid": 4874, "cenefa": "348A02", "zona_sitp": "02", "nombre": "Br. Mazurén", "via": "KR 56", "direccion_bandera": "KR 56 - CL 152", "localidad": "Suba", "longitud": -74.05982053, "latitud": 4.73765036, "consecutivo_zona": "348", "tipo_m_s": "S", "consola": "KR 56 - CL 152 (348A02)", "panel": "KR 56 - CL 152", "audio": "Carrera 56 Calle 152", "zonas_nuevas": "C", "globalid": "{BE221858-1741-44B5-9E2E-8FEBA987E56A}" }, "geometry": { "type": "Point", "coordinates": [ -74.059820534097838, 4.737650355181342 ] } },
{ "type": "Feature", "properties": { "objectid": 4875, "cenefa": "348A03", "zona_sitp": "03", "nombre": "Br. San Cayetano", "via": "Cl 129C", "direccion_bandera": "CL 129C - KR 97 Bis", "localidad": "Suba", "longitud": -74.09590672, "latitud": 4.72848087, "consecutivo_zona": "348", "tipo_m_s": "S", "consola": "CL 129C - KR 97 Bis (348A03)", "panel": "CL 129C - KR 97 Bis", "audio": "Calle 129 C Carrera 97 Bis", "zonas_nuevas": "C", "globalid": "{43611C7E-C748-4387-90CC-0BBE6E94DB39}" }, "geometry": { "type": "Point", "coordinates": [ -74.095906724622864, 4.728480870955194 ] } },
{ "type": "Feature", "properties": { "objectid": 4882, "cenefa": "349A02", "zona_sitp": "02", "nombre": "Biblioteca Julio Mario Santodomingo", "via": "KR 68", "direccion_bandera": "KR 68 - CL 169B", "localidad": "Suba", "longitud": -74.06354937, "latitud": 4.75751971, "consecutivo_zona": "349", "tipo_m_s": "S", "consola": "KR 68 - CL 169B (349A02)", "panel": "KR 68 - CL 169B", "audio": "Carrera 68 Calle 169 Be", "zonas_nuevas": "C", "globalid": "{5CCB8B87-6A2A-4FB3-B1B0-1086EEBDAF21}" }, "geometry": { "type": "Point", "coordinates": [ -74.063549368688811, 4.757519710125148 ] } },
{ "type": "Feature", "properties": { "objectid": 4883, "cenefa": "349A03", "zona_sitp": "03", "nombre": "Br. San Cayetano", "via": "Cl 129C", "direccion_bandera": "CL 129C - KR 97A", "localidad": "Suba", "longitud": -74.09573148, "latitud": 4.72847631, "consecutivo_zona": "349", "tipo_m_s": "S", "consola": "CL 129C - KR 97A (349A03)", "panel": "CL 129C - KR 97A", "audio": "Calle 129 C Carrera 97 A", "zonas_nuevas": "C", "globalid": "{30DF31E2-26DB-43FD-AAD7-59F5067B7BC4}" }, "geometry": { "type": "Point", "coordinates": [ -74.095731477988622, 4.728476308833184 ] } },
{ "type": "Feature", "properties": { "objectid": 4893, "cenefa": "350A02", "zona_sitp": "02", "nombre": "Conjunto Residencial El Monte", "via": "AC 170", "direccion_bandera": "AC 170 - KR 90", "localidad": "Suba", "longitud": -74.07330858, "latitud": 4.75962567, "consecutivo_zona": "350", "tipo_m_s": "S", "consola": "AC 170 - KR 90 (350A02)", "panel": "AC 170 - KR 90", "audio": "Avenida Calle 170 Carrera 90", "zonas_nuevas": "C", "globalid": "{39A6ACA4-59B9-46C4-9F6F-F6A711423354}" }, "geometry": { "type": "Point", "coordinates": [ -74.07330857664985, 4.759625667712059 ] } },
{ "type": "Feature", "properties": { "objectid": 4894, "cenefa": "350A03", "zona_sitp": "03", "nombre": "Br. San Cayetano", "via": "KR 95A", "direccion_bandera": "KR 95A - CL 129D", "localidad": "Suba", "longitud": -74.09377712, "latitud": 4.72810628, "consecutivo_zona": "350", "tipo_m_s": "S", "consola": "KR 95A - CL 129D (350A03)", "panel": "KR 95A - CL 129D", "audio": "Carrera 95 A Calle 129 D", "zonas_nuevas": "C", "globalid": "{527E22BB-F984-4C15-ADD0-E402593739E6}" }, "geometry": { "type": "Point", "coordinates": [ -74.093777123329915, 4.728106276778747 ] } },
{ "type": "Feature", "properties": { "objectid": 4904, "cenefa": "351A03", "zona_sitp": "03", "nombre": "Br. El Rincón Norte", "via": "KR 95A", "direccion_bandera": "KR 95A - CL 129C", "localidad": "Suba", "longitud": -74.0938865, "latitud": 4.72812898, "consecutivo_zona": "351", "tipo_m_s": "S", "consola": "KR 95A - CL 129C (351A03)", "panel": "KR 95A - CL 129C", "audio": "Carrera 95 A Calle 129 C", "zonas_nuevas": "C", "globalid": "{F2B01887-B7BC-44FA-B12C-DB12D797D6D0}" }, "geometry": { "type": "Point", "coordinates": [ -74.093886497843116, 4.728128984082061 ] } },
{ "type": "Feature", "properties": { "objectid": 4914, "cenefa": "352A02", "zona_sitp": "02", "nombre": "Br. Victoria Norte", "via": "CL 150", "direccion_bandera": "CL 150 - KR 53", "localidad": "Suba", "longitud": -74.05417542000001, "latitud": 4.73274112, "consecutivo_zona": "352", "tipo_m_s": "S", "consola": "CL 150 - KR 53 (352A02)", "panel": "CL 150 - KR 53", "audio": "Calle 150 Carrera 53", "zonas_nuevas": "B", "globalid": "{0448F72C-B977-40B4-8495-2AB0A6A795D0}" }, "geometry": { "type": "Point", "coordinates": [ -74.054175423982997, 4.732741122726118 ] } },
{ "type": "Feature", "properties": { "objectid": 4915, "cenefa": "352A03", "zona_sitp": "03", "nombre": "Br. SAN JORGE I", "via": "AK 89", "direccion_bandera": "AK 89 - CL 127BIS", "localidad": "Suba", "longitud": -74.08973493, "latitud": 4.71639967, "consecutivo_zona": "352", "tipo_m_s": "S", "consola": "AK 89 - CL 127BIS (352A03)", "panel": "AK 89 - CL 127BIS", "audio": "Avenida Carrera 89 Calle 127 Bis", "zonas_nuevas": "C", "globalid": "{C1B1D685-12CB-408F-BA45-E13126E07514}" }, "geometry": { "type": "Point", "coordinates": [ -74.08973493307073, 4.71639966538382 ] } },
{ "type": "Feature", "properties": { "objectid": 4923, "cenefa": "353A02", "zona_sitp": "02", "nombre": "Br. Victoria Norte", "via": "CL 150", "direccion_bandera": "CL 150 - KR 53", "localidad": "Suba", "longitud": -74.05449862, "latitud": 4.73268195, "consecutivo_zona": "353", "tipo_m_s": "S", "consola": "CL 150 - KR 53 (353A02)", "panel": "CL 150 - KR 53", "audio": "Calle 150 Carrera 53", "zonas_nuevas": "B", "globalid": "{15B47382-7B48-4EBD-AF54-BC750AE19D9B}" }, "geometry": { "type": "Point", "coordinates": [ -74.05449862226628, 4.732681949326924 ] } },
{ "type": "Feature", "properties": { "objectid": 4924, "cenefa": "353A03", "zona_sitp": "03", "nombre": "Br. SAN JORGE I", "via": "AK 89", "direccion_bandera": "AK 89 - CL 127BIS", "localidad": "Suba", "longitud": -74.08967762, "latitud": 4.716529, "consecutivo_zona": "353", "tipo_m_s": "S", "consola": "AK 89 - CL 127BIS (353A03)", "panel": "AK 89 - CL 127BIS", "audio": "Avenida Carrera 89 Calle 127 Bis", "zonas_nuevas": "C", "globalid": "{1A284E09-3365-4873-8998-47C6FF240B4A}" }, "geometry": { "type": "Point", "coordinates": [ -74.089677619568192, 4.716528998720477 ] } },
{ "type": "Feature", "properties": { "objectid": 4935, "cenefa": "354A02", "zona_sitp": "02", "nombre": "Br. Mazurén", "via": "Cl 151", "direccion_bandera": "CL 151 - KR 54A", "localidad": "Suba", "longitud": -74.05712427, "latitud": 4.73421719, "consecutivo_zona": "354", "tipo_m_s": "S", "consola": "CL 151 - KR 54A (354A02)", "panel": "CL 151 - KR 54A", "audio": "Calle 151 Carrera 54 A", "zonas_nuevas": "C", "globalid": "{BF45357A-E2C2-41A7-9120-B5486811161A}" }, "geometry": { "type": "Point", "coordinates": [ -74.057124268570035, 4.734217192316526 ] } },
{ "type": "Feature", "properties": { "objectid": 4936, "cenefa": "354A03", "zona_sitp": "03", "nombre": "CARRERA 90C", "via": "Cl 127B", "direccion_bandera": "CL 127B - KR 90C", "localidad": "Suba", "longitud": -74.09116578, "latitud": 4.71809643, "consecutivo_zona": "354", "tipo_m_s": "S", "consola": "CL 127B - KR 90C (354A03)", "panel": "CL 127B - KR 90C", "audio": "Calle 127 Be Carrera 90 C", "zonas_nuevas": "C", "globalid": "{288646F1-6FD0-4F4D-AEC1-3B6DFCABA068}" }, "geometry": { "type": "Point", "coordinates": [ -74.09116578156214, 4.718096426248485 ] } },
{ "type": "Feature", "properties": { "objectid": 4950, "cenefa": "355A02", "zona_sitp": "02", "nombre": "Br. Mazurén", "via": "Cl 151", "direccion_bandera": "CL 151 - KR 54A", "localidad": "Suba", "longitud": -74.05748676, "latitud": 4.73410774, "consecutivo_zona": "355", "tipo_m_s": "S", "consola": "CL 151 - KR 54A (355A02)", "panel": "CL 151 - KR 54A", "audio": "Calle 151 Carrera 54 A", "zonas_nuevas": "C", "globalid": "{D4CD5083-B376-41B6-98D6-06DBE6CA99DC}" }, "geometry": { "type": "Point", "coordinates": [ -74.057486761256357, 4.734107740990753 ] } },
{ "type": "Feature", "properties": { "objectid": 4951, "cenefa": "355A03", "zona_sitp": "03", "nombre": "Cl 127 B", "via": "Cl 127B", "direccion_bandera": "CL 127B - KR 89", "localidad": "Suba", "longitud": -74.09048372000001, "latitud": 4.7180492, "consecutivo_zona": "355", "tipo_m_s": "S", "consola": "CL 127B - KR 89 (355A03)", "panel": "CL 127B - KR 89", "audio": "Calle 127 Be Carrera 89", "zonas_nuevas": "C", "globalid": "{527CAD97-E047-4880-8ED4-2C7FE346E1A8}" }, "geometry": { "type": "Point", "coordinates": [ -74.090483717144238, 4.718049194662739 ] } },
{ "type": "Feature", "properties": { "objectid": 4961, "cenefa": "356A02", "zona_sitp": "02", "nombre": "Br. Mazurén", "via": "Cl 151", "direccion_bandera": "CL 151 - KR 55", "localidad": "Suba", "longitud": -74.05973509, "latitud": 4.73451946, "consecutivo_zona": "356", "tipo_m_s": "S", "consola": "CL 151 - KR 55 (356A02)", "panel": "CL 151 - KR 55", "audio": "Calle 151 Carrera 55", "zonas_nuevas": "C", "globalid": "{F6F3087A-6FE9-4A89-91AA-516CCB322610}" }, "geometry": { "type": "Point", "coordinates": [ -74.059735095224482, 4.734519456761709 ] } },
{ "type": "Feature", "properties": { "objectid": 4972, "cenefa": "357A02", "zona_sitp": "02", "nombre": "Br. Mazurén", "via": "KR 56", "direccion_bandera": "KR 56 - CL 151", "localidad": "Suba", "longitud": -74.06009991000001, "latitud": 4.73504914, "consecutivo_zona": "357", "tipo_m_s": "S", "consola": "KR 56 - CL 151 (357A02)", "panel": "KR 56 - CL 151", "audio": "Carrera 56 Calle 151", "zonas_nuevas": "C", "globalid": "{1EEB6CFC-82D2-4117-BADF-E7C82574CAEB}" }, "geometry": { "type": "Point", "coordinates": [ -74.060099910742565, 4.735049141582842 ] } },
{ "type": "Feature", "properties": { "objectid": 4973, "cenefa": "357A03", "zona_sitp": "03", "nombre": "Br. Altos de la Esperanza I Sector", "via": "KR  89", "direccion_bandera": "KR 89 - CL 127C", "localidad": "Suba", "longitud": -74.08991458, "latitud": 4.71826017, "consecutivo_zona": "357", "tipo_m_s": "S", "consola": "KR 89 - CL 127C (357A03)", "panel": "KR 89 - CL 127C", "audio": "Carrera 89 Calle 127 C", "zonas_nuevas": "C", "globalid": "{D632A037-279C-4E76-9E1E-07DCAF765086}" }, "geometry": { "type": "Point", "coordinates": [ -74.089914581114712, 4.718260172891381 ] } },
{ "type": "Feature", "properties": { "objectid": 4982, "cenefa": "358A02", "zona_sitp": "02", "nombre": "Urb. Colina Campestre II Sector", "via": "AC  138", "direccion_bandera": "AC 138 - KR 57A", "localidad": "Suba", "longitud": -74.06304431000001, "latitud": 4.7274333, "consecutivo_zona": "358", "tipo_m_s": "S", "consola": "AC 138 - KR 57A (358A02)", "panel": "AC 138 - KR 57A", "audio": "Avenida Calle 138 Carrera 57 A", "zonas_nuevas": "C", "globalid": "{1B12FC25-4A7A-4CDB-AA3C-499E91F4D8F1}" }, "geometry": { "type": "Point", "coordinates": [ -74.063044306364517, 4.727433294819568 ] } },
{ "type": "Feature", "properties": { "objectid": 4983, "cenefa": "358A03", "zona_sitp": "03", "nombre": "Br. Altos de la Esperanza I Sector", "via": "KR  89", "direccion_bandera": "KR 89 - CL 127C", "localidad": "Suba", "longitud": -74.0898702, "latitud": 4.71815365, "consecutivo_zona": "358", "tipo_m_s": "S", "consola": "KR 89 - CL 127C (358A03)", "panel": "KR 89 - CL 127C", "audio": "Carrera 89 Calle 127 C", "zonas_nuevas": "C", "globalid": "{F944C9B0-96C6-47EA-9BDD-E017BC5996CB}" }, "geometry": { "type": "Point", "coordinates": [ -74.089870201293067, 4.718153648007649 ] } },
{ "type": "Feature", "properties": { "objectid": 4993, "cenefa": "359A02", "zona_sitp": "02", "nombre": "Pq. Sotavento", "via": "CL 162", "direccion_bandera": "CL 162 - KR 54", "localidad": "Suba", "longitud": -74.05523882, "latitud": 4.7445378, "consecutivo_zona": "359", "tipo_m_s": "S", "consola": "CL 162 - KR 54 (359A02)", "panel": "CL 162 - KR 54", "audio": "Calle 162 Carrera 54", "zonas_nuevas": "C", "globalid": "{F8505D72-24F3-4AAA-81A3-B25404799A29}" }, "geometry": { "type": "Point", "coordinates": [ -74.055238821183664, 4.744537803927875 ] } },
{ "type": "Feature", "properties": { "objectid": 5003, "cenefa": "360A02", "zona_sitp": "02", "nombre": "C.R. Rincón del Carmel", "via": "CL 160", "direccion_bandera": "CL 160 - KR 55", "localidad": "Suba", "longitud": -74.05775522, "latitud": 4.74262639, "consecutivo_zona": "360", "tipo_m_s": "S", "consola": "CL 160 - KR 55 (360A02)", "panel": "CL 160 - KR 55", "audio": "Calle 160 Carrera 55", "zonas_nuevas": "C", "globalid": "{752EC7EB-CCFB-450A-AB52-4CF7E0340CB3}" }, "geometry": { "type": "Point", "coordinates": [ -74.057755217794679, 4.742626386435573 ] } },
{ "type": "Feature", "properties": { "objectid": 5004, "cenefa": "360A03", "zona_sitp": "03", "nombre": "Br. El Rincón", "via": "Cl 129", "direccion_bandera": "CL 129 - KR 91A", "localidad": "Suba", "longitud": -74.09001974, "latitud": 4.72386315, "consecutivo_zona": "360", "tipo_m_s": "S", "consola": "CL 129 - KR 91A (360A03)", "panel": "CL 129 - KR 91A", "audio": "Calle 129 Carrera 91 A", "zonas_nuevas": "C", "globalid": "{58A45EC6-06C2-40DF-A31F-0E698BCE3A8C}" }, "geometry": { "type": "Point", "coordinates": [ -74.090019739167786, 4.72386314633766 ] } },
{ "type": "Feature", "properties": { "objectid": 5012, "cenefa": "361A02", "zona_sitp": "02", "nombre": "Br. Santa Helena", "via": "AV. Villas", "direccion_bandera": "AV. Villas - CL 146A", "localidad": "Suba", "longitud": -74.0630982, "latitud": 4.73247283, "consecutivo_zona": "361", "tipo_m_s": "S", "consola": "AV. Villas - CL 146A (361A02)", "panel": "AV. Villas - CL 146A", "audio": "Avenida Villas Calle 146 A", "zonas_nuevas": "C", "globalid": "{F0C481BD-A303-4D88-A3AE-82C21555473F}" }, "geometry": { "type": "Point", "coordinates": [ -74.063098197336572, 4.732472824608399 ] } },
{ "type": "Feature", "properties": { "objectid": 5013, "cenefa": "361A03", "zona_sitp": "03", "nombre": "Br. Bilbao I Sector", "via": "CL 143B", "direccion_bandera": "CL 143B - KR 141A Bis B", "localidad": "Suba", "longitud": -74.11408754, "latitud": 4.75135109, "consecutivo_zona": "361", "tipo_m_s": "S", "consola": "CL 143B - KR 141A Bis B (361A03)", "panel": "CL 143B - KR 141A Bis B", "audio": "Calle 143 Be Carrera 141 A Bis Be", "zonas_nuevas": "C", "globalid": "{E9776DEC-6C23-4F87-B2EA-AE49C8F159DB}" }, "geometry": { "type": "Point", "coordinates": [ -74.114087539083457, 4.751351084598769 ] } },
{ "type": "Feature", "properties": { "objectid": 5021, "cenefa": "362A02", "zona_sitp": "02", "nombre": "Urb. Hacienda Córdoba", "via": "Av. Suba", "direccion_bandera": "AV. Suba - CL 124", "localidad": "Suba", "longitud": -74.07172002, "latitud": 4.71009178, "consecutivo_zona": "362", "tipo_m_s": "S", "consola": "AV. Suba - CL 124 (362A02)", "panel": "AV. Suba - CL 124", "audio": "Avenida Suba Calle 124", "zonas_nuevas": "C", "globalid": "{1E5AD92B-584F-4D02-9A05-24CE91C03DFA}" }, "geometry": { "type": "Point", "coordinates": [ -74.071720024903328, 4.710091779885618 ] } },
{ "type": "Feature", "properties": { "objectid": 5022, "cenefa": "362A03", "zona_sitp": "03", "nombre": "San Carlos de Suba", "via": "CL 144", "direccion_bandera": "CL 144 - KR 136A", "localidad": "Suba", "longitud": -74.111629979999989, "latitud": 4.75161889, "consecutivo_zona": "362", "tipo_m_s": "S", "consola": "CL 144 - KR 136A (362A03)", "panel": "CL 144 - KR 136A", "audio": "Calle 144 Carrera 136 A", "zonas_nuevas": "C", "globalid": "{790C0AD5-68AD-48E6-8B74-902C28FB0E24}" }, "geometry": { "type": "Point", "coordinates": [ -74.111629977073292, 4.751618889997379 ] } },
{ "type": "Feature", "properties": { "objectid": 5032, "cenefa": "363A02", "zona_sitp": "02", "nombre": "Br. Prado Sur", "via": "Cl 129", "direccion_bandera": "CL 129 - KR 56C", "localidad": "Suba", "longitud": -74.06657737, "latitud": 4.71692179, "consecutivo_zona": "363", "tipo_m_s": "S", "consola": "CL 129 - KR 56C (363A02)", "panel": "CL 129 - KR 56C", "audio": "Calle 129 Carrera 56 C", "zonas_nuevas": "C", "globalid": "{B30CFA45-10F6-4504-A232-529DD3D804C4}" }, "geometry": { "type": "Point", "coordinates": [ -74.066577365279556, 4.716921793776222 ] } },
{ "type": "Feature", "properties": { "objectid": 5041, "cenefa": "364A02", "zona_sitp": "02", "nombre": "Estación Toberín", "via": "Auto Norte", "direccion_bandera": "Auto Norte - CL 166", "localidad": "Suba", "longitud": -74.04756819, "latitud": 4.74694649, "consecutivo_zona": "364", "tipo_m_s": "S", "consola": "Auto Norte - CL 166 (364A02)", "panel": "Auto Norte - CL 166", "audio": "Autopista Norte Calle 166", "zonas_nuevas": "B", "globalid": "{F7B9EE9B-0667-4F3C-AFC8-F22A5E51166C}" }, "geometry": { "type": "Point", "coordinates": [ -74.047568192428542, 4.746946486103057 ] } },
{ "type": "Feature", "properties": { "objectid": 5058, "cenefa": "366A02", "zona_sitp": "02", "nombre": "Br. San José de Bavaria", "via": "AC 170", "direccion_bandera": "AC 170 - AV. Boyacá", "localidad": "Suba", "longitud": -74.06665, "latitud": 4.76133, "consecutivo_zona": "366", "tipo_m_s": "S", "consola": "AC 170 - Av. Boyacá (366A02)", "panel": "AC 170 - AV. Boyacá", "audio": "Avenida Calle 170 Avenida Boyacá", "zonas_nuevas": "B", "globalid": "{87E8FA5C-3FF8-4F83-A6D7-70B75360AD65}" }, "geometry": { "type": "Point", "coordinates": [ -74.066649999599974, 4.761329999998492 ] } },
{ "type": "Feature", "properties": { "objectid": 5059, "cenefa": "366A03", "zona_sitp": "03", "nombre": "UPA Rincón", "via": "Cl 129B", "direccion_bandera": "CL 129B - KR 94B", "localidad": "Suba", "longitud": -74.09334504, "latitud": 4.72610129, "consecutivo_zona": "366", "tipo_m_s": "S", "consola": "CL 129B - KR 94B (366A03)", "panel": "CL 129B - KR 94B", "audio": "Calle 129 Be Carrera 94 Be", "zonas_nuevas": "C", "globalid": "{34EB2071-BD64-426F-969D-4B8B498421DF}" }, "geometry": { "type": "Point", "coordinates": [ -74.093345037831767, 4.72610129177759 ] } },
{ "type": "Feature", "properties": { "objectid": 5078, "cenefa": "368A02", "zona_sitp": "02", "nombre": "Br. Puente Largo", "via": "Av. Suba", "direccion_bandera": "AV. Suba - CL 114", "localidad": "Suba", "longitud": -74.068825, "latitud": 4.696671, "consecutivo_zona": "368", "tipo_m_s": "S", "consola": "AV. Suba - CL 114 (368A02)", "panel": "AV. Suba - CL 114", "audio": "Avenida Suba Calle 114", "zonas_nuevas": "C", "globalid": "{91A00F8B-E1AF-4B5E-BAF8-7AD6CF418AA8}" }, "geometry": { "type": "Point", "coordinates": [ -74.068824999612985, 4.696671000007282 ] } },
{ "type": "Feature", "properties": { "objectid": 5089, "cenefa": "369A02", "zona_sitp": "02", "nombre": "Br. Prado Veraniego Sur", "via": "CL 128B", "direccion_bandera": "CL 128B - KR 51", "localidad": "Suba", "longitud": -74.058108, "latitud": 4.71433, "consecutivo_zona": "369", "tipo_m_s": "S", "consola": "CL 128B - KR 51 (369A02)", "panel": "CL 128B - KR 51", "audio": "Calle 128 Be Carrera 51", "zonas_nuevas": "C", "globalid": "{470C4221-6C2A-4C56-A6BF-CC32B58FF2B1}" }, "geometry": { "type": "Point", "coordinates": [ -74.058107999670213, 4.71433000031711 ] } },
{ "type": "Feature", "properties": { "objectid": 5109, "cenefa": "371A02", "zona_sitp": "02", "nombre": "Hacienda La Margarita", "via": "CL 222", "direccion_bandera": "CL 222 - KR 51", "localidad": "Suba", "longitud": -74.041286, "latitud": 4.798383, "consecutivo_zona": "371", "tipo_m_s": "S", "consola": "CL 222 - KR 51 (371A02)", "panel": "CL 222 - KR 51", "audio": "Calle 222 Carrera 51", "zonas_nuevas": "B", "globalid": "{A8B0D7FC-778B-4134-A1F4-E1128C29D00A}" }, "geometry": { "type": "Point", "coordinates": [ -74.041286000046043, 4.798383000033815 ] } },
{ "type": "Feature", "properties": { "objectid": 5110, "cenefa": "371A03", "zona_sitp": "03", "nombre": "Conjunto Residencial  Catigua", "via": "Dg  146", "direccion_bandera": "DG 146 - KR 128", "localidad": "Suba", "longitud": -74.10606014, "latitud": 4.75348478, "consecutivo_zona": "371", "tipo_m_s": "S", "consola": "DG 146 - KR 128 (371A03)", "panel": "DG 146 - KR 128", "audio": "Diagonal 146 Carrera 128", "zonas_nuevas": "C", "globalid": "{260DEF2B-3C38-4A23-9EC2-97FD7CB5C0BC}" }, "geometry": { "type": "Point", "coordinates": [ -74.106060144353549, 4.753484783721452 ] } },
{ "type": "Feature", "properties": { "objectid": 5122, "cenefa": "372A02", "zona_sitp": "02", "nombre": "Hacienda La Margarita", "via": "CL 222", "direccion_bandera": "CL 222 - KR 51", "localidad": "Suba", "longitud": -74.041327, "latitud": 4.798281, "consecutivo_zona": "372", "tipo_m_s": "S", "consola": "CL 222 - KR 51 (372A02)", "panel": "CL 222 - KR 51", "audio": "Calle 222 Carrera 51", "zonas_nuevas": "B", "globalid": "{CF9F4C9D-DF16-4BB2-82A9-AFB7F4333CE5}" }, "geometry": { "type": "Point", "coordinates": [ -74.041326999914546, 4.798281000135582 ] } },
{ "type": "Feature", "properties": { "objectid": 5133, "cenefa": "373A02", "zona_sitp": "02", "nombre": "Club Campestre Cafam", "via": "Cl 215", "direccion_bandera": "CL 215 - KR 48", "localidad": "Suba", "longitud": -74.042475, "latitud": 4.792157, "consecutivo_zona": "373", "tipo_m_s": "S", "consola": "CL 215 - KR 48 (373A02)", "panel": "CL 215 - KR 48", "audio": "Calle 215 Carrera 48", "zonas_nuevas": "B", "globalid": "{9ABF3DE9-ECCF-4A5F-9538-638387BB8B94}" }, "geometry": { "type": "Point", "coordinates": [ -74.04247499996039, 4.792157000412463 ] } },
{ "type": "Feature", "properties": { "objectid": 5134, "cenefa": "373A03", "zona_sitp": "03", "nombre": "COSTA RICA", "via": "CL 130C", "direccion_bandera": "CL 130C - KR 94D", "localidad": "Suba", "longitud": -74.09217303, "latitud": 4.72909901, "consecutivo_zona": "373", "tipo_m_s": "S", "consola": "CL 130C - KR 94D (373A03)", "panel": "CL 130C - KR 94D", "audio": "Calle 130 C Carrera 94 D", "zonas_nuevas": "C", "globalid": "{881D1396-B79D-43AB-92DB-CD967C3AB849}" }, "geometry": { "type": "Point", "coordinates": [ -74.092173027949912, 4.729099010074469 ] } },
{ "type": "Feature", "properties": { "objectid": 5146, "cenefa": "374A03", "zona_sitp": "03", "nombre": "El Rincón Norte", "via": "KR 94", "direccion_bandera": "KR 94 - CL 131B", "localidad": "Suba", "longitud": -74.08978311, "latitud": 4.73066208, "consecutivo_zona": "374", "tipo_m_s": "S", "consola": "KR 94 - CL 131B (374A03)", "panel": "KR 94 - CL 131B", "audio": "Carrera 94 Calle 131 Be", "zonas_nuevas": "C", "globalid": "{B90E0450-824F-43EC-A029-D8D6C7426DDB}" }, "geometry": { "type": "Point", "coordinates": [ -74.089783109391064, 4.730662078272428 ] } },
{ "type": "Feature", "properties": { "objectid": 5158, "cenefa": "375A02", "zona_sitp": "02", "nombre": "Br. Prado Veraniego", "via": "KR 47", "direccion_bandera": "KR 47 - CL 131 ", "localidad": "Suba", "longitud": -74.05492, "latitud": 4.717223, "consecutivo_zona": "375", "tipo_m_s": "S", "consola": "KR 47 - CL 131  (375A02)", "panel": "KR 47 - CL 131 ", "audio": "Carrera47 Calle 131", "zonas_nuevas": "C", "globalid": "{0A56060A-75E7-4940-ADA2-8BF92C60EE8B}" }, "geometry": { "type": "Point", "coordinates": [ -74.05492000019791, 4.71722299969791 ] } },
{ "type": "Feature", "properties": { "objectid": 5159, "cenefa": "375A03", "zona_sitp": "03", "nombre": "Pq. Lagos de Suba", "via": "KR  102A", "direccion_bandera": "KR 102A - CL 129C", "localidad": "Suba", "longitud": -74.09943046000001, "latitud": 4.73039751, "consecutivo_zona": "375", "tipo_m_s": "S", "consola": "KR 102A - CL 129C  (375A03)", "panel": "KR 102A - CL 129C", "audio": "Carrera 102 A Calle 129 C", "zonas_nuevas": "C", "globalid": "{76C17168-D3DE-4B26-84AB-9A4310219E69}" }, "geometry": { "type": "Point", "coordinates": [ -74.099430456282832, 4.730397507312154 ] } },
{ "type": "Feature", "properties": { "objectid": 5170, "cenefa": "376A02", "zona_sitp": "02", "nombre": "Parque Guicani", "via": "Cl 183", "direccion_bandera": "CL 183 - KR 56A", "localidad": "Suba", "longitud": -74.052352, "latitud": 4.765132, "consecutivo_zona": "376", "tipo_m_s": "S", "consola": "CL 183 - KR 56A (376A02)", "panel": "CL 183 - KR 56A", "audio": "Calle 183 Carrera 56 A", "zonas_nuevas": "B", "globalid": "{116196BA-3FC3-4A1B-9EDC-1B4C9E310946}" }, "geometry": { "type": "Point", "coordinates": [ -74.052351999735279, 4.765131999761368 ] } },
{ "type": "Feature", "properties": { "objectid": 5171, "cenefa": "376A03", "zona_sitp": "03", "nombre": "Br. Lago de Suba", "via": "KR  102A", "direccion_bandera": "KR 102A - CL 130D-42", "localidad": "Suba", "longitud": -74.09850929, "latitud": 4.73291474, "consecutivo_zona": "376", "tipo_m_s": "S", "consola": "KR 102A - CL 130D-42 (376A03)", "panel": "KR 102A - CL 130D-42", "audio": "Carrera 102 A Calle 130 D", "zonas_nuevas": "C", "globalid": "{D642158F-9953-4380-A24A-AC6CAB21BFF2}" }, "geometry": { "type": "Point", "coordinates": [ -74.098509292022683, 4.732914735816665 ] } },
{ "type": "Feature", "properties": { "objectid": 5182, "cenefa": "377A02", "zona_sitp": "02", "nombre": "U.Pedagogica - Valmaria", "via": "Cl 183", "direccion_bandera": "CL 183 - KR 56A", "localidad": "Suba", "longitud": -74.052692, "latitud": 4.765013, "consecutivo_zona": "377", "tipo_m_s": "S", "consola": "CL 183 - KR 56A (377A02)", "panel": "CL 183 - KR 56A", "audio": "Calle 183 Carrera 56 A", "zonas_nuevas": "B", "globalid": "{4A956BF9-6073-4D8C-A077-12A70213E050}" }, "geometry": { "type": "Point", "coordinates": [ -74.052691999661832, 4.765012999926858 ] } },
{ "type": "Feature", "properties": { "objectid": 5183, "cenefa": "377A03", "zona_sitp": "03", "nombre": "Br. Lago de Suba", "via": "KR  102A", "direccion_bandera": "KR 102A - CL 130D", "localidad": "Suba", "longitud": -74.09836064, "latitud": 4.73302252, "consecutivo_zona": "377", "tipo_m_s": "S", "consola": "KR 102A - CL 130D (377A03)", "panel": "KR 102A - CL 130D", "audio": "Carrera 102 A Calle 130 D", "zonas_nuevas": "C", "globalid": "{7E96D982-119C-4D57-B155-5586DE95F19E}" }, "geometry": { "type": "Point", "coordinates": [ -74.09836064069016, 4.733022515689826 ] } },
{ "type": "Feature", "properties": { "objectid": 5197, "cenefa": "378A03", "zona_sitp": "03", "nombre": "AC 132", "via": "KR  106", "direccion_bandera": "KR 106 - CL 131B", "localidad": "Suba", "longitud": -74.10146263, "latitud": 4.73627676, "consecutivo_zona": "378", "tipo_m_s": "S", "consola": "KR 106 - CL 131B (378A03)", "panel": "KR 106 - CL 131B", "audio": "Carrera 106 Calle 131 Be", "zonas_nuevas": "C", "globalid": "{CD7C2D63-172C-4282-BE82-9E058D789E44}" }, "geometry": { "type": "Point", "coordinates": [ -74.101462631750607, 4.736276763963336 ] } },
{ "type": "Feature", "properties": { "objectid": 5220, "cenefa": "381A03", "zona_sitp": "03", "nombre": "Urb. La Trinitaria", "via": "Cl 136", "direccion_bandera": "CL 136 - KR 100", "localidad": "Suba", "longitud": -74.094162, "latitud": 4.73766, "consecutivo_zona": "381", "tipo_m_s": "S", "consola": "CL 136 - KR 100 (381A03)", "panel": "CL 136 - KR 100", "audio": "Calle 136 Carrera 100", "zonas_nuevas": "C", "globalid": "{5C08ABB9-0C29-49A8-90F3-8CD554E1F947}" }, "geometry": { "type": "Point", "coordinates": [ -74.094161999871261, 4.737659999959645 ] } },
{ "type": "Feature", "properties": { "objectid": 5233, "cenefa": "383A03", "zona_sitp": "03", "nombre": "Br. Costa Azul I Etapa", "via": "KR  101B", "direccion_bandera": "KR 101B - CL 136A", "localidad": "Suba", "longitud": -74.09507957, "latitud": 4.73874873, "consecutivo_zona": "383", "tipo_m_s": "S", "consola": "KR 101B - CL 136A (383A03)", "panel": "KR 101B - CL 136A", "audio": "Carrera 101 Be Calle 136 A", "zonas_nuevas": "C", "globalid": "{6516986F-C43D-4191-88A2-0D731BFB8C5B}" }, "geometry": { "type": "Point", "coordinates": [ -74.095079573367173, 4.738748726369725 ] } },
{ "type": "Feature", "properties": { "objectid": 5281, "cenefa": "388A03", "zona_sitp": "03", "nombre": "Urb. La Chucua", "via": "KR  97", "direccion_bandera": "KR 97 - CL 132Bis", "localidad": "Suba", "longitud": -74.092411, "latitud": 4.733966, "consecutivo_zona": "388", "tipo_m_s": "S", "consola": "KR 97 - CL 132Bis (388A03)", "panel": "KR 97 - CL 132Bis", "audio": "Carrera 97 Calle 132 Bis", "zonas_nuevas": "C", "globalid": "{8E765B50-3CD0-45CF-BBA9-C7B8CD2DCF68}" }, "geometry": { "type": "Point", "coordinates": [ -74.092411000026516, 4.73396599965896 ] } },
{ "type": "Feature", "properties": { "objectid": 5292, "cenefa": "389A03", "zona_sitp": "03", "nombre": "Urb. San Jorge", "via": "Cl 136", "direccion_bandera": "CL 136 - KR 98B", "localidad": "Suba", "longitud": -74.092589, "latitud": 4.737139, "consecutivo_zona": "389", "tipo_m_s": "S", "consola": "CL 136 - KR 98B (389A03)", "panel": "CL 136 - KR 98B", "audio": "Calle 136 Carrea 98 Be", "zonas_nuevas": "C", "globalid": "{A01C5957-925F-46D1-B186-9ADE8C54470A}" }, "geometry": { "type": "Point", "coordinates": [ -74.092589000027147, 4.737139000298208 ] } },
{ "type": "Feature", "properties": { "objectid": 5303, "cenefa": "390A03", "zona_sitp": "03", "nombre": "Br. Bilbao II Sector", "via": "CL 143B", "direccion_bandera": "CL 143B - KR 147A", "localidad": "Suba", "longitud": -74.11807091, "latitud": 4.75229446, "consecutivo_zona": "390", "tipo_m_s": "S", "consola": "CL 143B - KR 147A (390A03)", "panel": "CL 143B - KR 147A", "audio": "Calle 143 Be Carrera 147 A", "zonas_nuevas": "C", "globalid": "{0F7BCBC6-64B8-42F9-AA3A-130485A575F7}" }, "geometry": { "type": "Point", "coordinates": [ -74.118070907854516, 4.752294458115993 ] } },
{ "type": "Feature", "properties": { "objectid": 5351, "cenefa": "395A03", "zona_sitp": "03", "nombre": "PARQUE EL PINAR II", "via": "KR  96A", "direccion_bandera": "KR 96A - CL 151", "localidad": "Suba", "longitud": -74.08654237, "latitud": 4.74890386, "consecutivo_zona": "395", "tipo_m_s": "S", "consola": "KR 96A - CL 151 (395A03)", "panel": "KR 96A - CL 151", "audio": "Carrera 96 A Calle 151", "zonas_nuevas": "C", "globalid": "{F7045A36-4FAB-4D1A-A545-2987B381252B}" }, "geometry": { "type": "Point", "coordinates": [ -74.086542373378208, 4.748903855322512 ] } },
{ "type": "Feature", "properties": { "objectid": 5360, "cenefa": "396A03", "zona_sitp": "03", "nombre": "Br. La Campiña", "via": "Cl 151", "direccion_bandera": "CL 148 - KR 97", "localidad": "Suba", "longitud": -74.08710871000001, "latitud": 4.74485466, "consecutivo_zona": "396", "tipo_m_s": "S", "consola": "CL 148 - KR 97 (396A03)", "panel": "CL 148 - KR 97", "audio": "Calle 148 Carrera 97", "zonas_nuevas": "C", "globalid": "{BC463862-82A3-49AC-B6CA-D7674262AC16}" }, "geometry": { "type": "Point", "coordinates": [ -74.087108707025081, 4.744854655406046 ] } },
{ "type": "Feature", "properties": { "objectid": 5370, "cenefa": "397A03", "zona_sitp": "03", "nombre": "Fiesta Suba", "via": "KR 101", "direccion_bandera": "KR 101 - CL 147", "localidad": "Suba", "longitud": -74.09198006, "latitud": 4.74393329, "consecutivo_zona": "397", "tipo_m_s": "S", "consola": "KR 101 - CL 147 (397A03)", "panel": "KR 101 - CL 147", "audio": "Carrera 101 Calle 147", "zonas_nuevas": "C", "globalid": "{C0B4FD80-386A-4BB9-A3AC-29639CE545C6}" }, "geometry": { "type": "Point", "coordinates": [ -74.091980056991773, 4.743933292022008 ] } },
{ "type": "Feature", "properties": { "objectid": 5389, "cenefa": "399A03", "zona_sitp": "03", "nombre": "Br. Bilbao I Sector", "via": "CL 143B", "direccion_bandera": "CL 143B - KR 144", "localidad": "Suba", "longitud": -74.115759, "latitud": 4.751778, "consecutivo_zona": "399", "tipo_m_s": "S", "consola": "CL 143B - KR 144 (399A03)", "panel": "CL 143B - KR 144", "audio": "Calle 143 Be Carrera 144", "zonas_nuevas": "C", "globalid": "{37BECB6C-CF6F-45A8-BB5C-FB4CC656C5E2}" }, "geometry": { "type": "Point", "coordinates": [ -74.115759000378844, 4.751778000409818 ] } },
{ "type": "Feature", "properties": { "objectid": 5422, "cenefa": "402A03", "zona_sitp": "03", "nombre": " Sabana de Tibabuyes", "via": "CL 143", "direccion_bandera": "CL 143 - KR 129A", "localidad": "Suba", "longitud": -74.103348, "latitud": 4.750574, "consecutivo_zona": "402", "tipo_m_s": "S", "consola": "CL 143 - KR 129A (402A03)", "panel": "CL 143 - KR 129A", "audio": "Calle 143 Carrera 129 A", "zonas_nuevas": "C", "globalid": "{1596B6BE-8DFA-4DC7-AB2B-C37729C5EE42}" }, "geometry": { "type": "Point", "coordinates": [ -74.103348000057082, 4.750573999566607 ] } },
{ "type": "Feature", "properties": { "objectid": 5463, "cenefa": "406A03", "zona_sitp": "03", "nombre": "Br. San Carlos de Tibabuyes", "via": "KR 139", "direccion_bandera": "KR 139 - CL 143", "localidad": "Suba", "longitud": -74.111943, "latitud": 4.750644, "consecutivo_zona": "406", "tipo_m_s": "S", "consola": "KR 139 - CL 143 (406A03)", "panel": "KR 139 - CL 143", "audio": "Carrera 139 Calle 143", "zonas_nuevas": "C", "globalid": "{57345EE0-BDFA-4652-B914-4A2908041E70}" }, "geometry": { "type": "Point", "coordinates": [ -74.111943000318846, 4.750643999822548 ] } },
{ "type": "Feature", "properties": { "objectid": 5472, "cenefa": "407A03", "zona_sitp": "03", "nombre": "Br. San Carlos de Tibabuyes", "via": "KR 139", "direccion_bandera": "KR 139 - CL 143", "localidad": "Suba", "longitud": -74.112028, "latitud": 4.749863, "consecutivo_zona": "407", "tipo_m_s": "S", "consola": "KR 139 - CL 143 (407A03)", "panel": "KR 139 - CL 143", "audio": "Carrera 139 Calle 143", "zonas_nuevas": "C", "globalid": "{5F3918E9-0B5D-4AF2-8DBF-8B6F015B38ED}" }, "geometry": { "type": "Point", "coordinates": [ -74.112027999621233, 4.749862999844264 ] } },
{ "type": "Feature", "properties": { "objectid": 5490, "cenefa": "409A00", "zona_sitp": "00", "nombre": "Br. Pinos de Lombardía", "via": "CL 152B", "direccion_bandera": "CL 152B - KR 114A", "localidad": "Suba", "longitud": -74.09938904000001, "latitud": 4.75648997, "consecutivo_zona": "409", "tipo_m_s": "S", "consola": "CL 152B - KR 114A (409A00)", "panel": "CL 152B - KR 114A", "audio": "Calle 152 Be Carrera 114 A", "zonas_nuevas": "C", "globalid": "{0FCA0D9B-187F-42BB-94B1-2FECCB97A8F3}" }, "geometry": { "type": "Point", "coordinates": [ -74.099389036049786, 4.756489970375398 ] } },
{ "type": "Feature", "properties": { "objectid": 5492, "cenefa": "409A03", "zona_sitp": "03", "nombre": "Br. Sabana de Tibabuyes", "via": "KR 129 A", "direccion_bandera": "KR 129A - CL 142D", "localidad": "Suba", "longitud": -74.11123867, "latitud": 4.7490308, "consecutivo_zona": "409", "tipo_m_s": "S", "consola": "KR 129A - CL 142D (409A03)", "panel": "KR 129A - CL 142D", "audio": "Carrera 129 A Calle 142 D", "zonas_nuevas": "C", "globalid": "{679F0B65-81AB-433F-95ED-CCA61FF0D6CF}" }, "geometry": { "type": "Point", "coordinates": [ -74.111238667716819, 4.749030800586552 ] } },
{ "type": "Feature", "properties": { "objectid": 5498, "cenefa": "410A00", "zona_sitp": "00", "nombre": "Br. Rincón de Santa Inés", "via": "KR  117", "direccion_bandera": "KR 117 - CL 151C", "localidad": "Suba", "longitud": -74.103107, "latitud": 4.756564, "consecutivo_zona": "410", "tipo_m_s": "S", "consola": "KR 117 - CL 151C (410A00)", "panel": "KR 117 - CL 151C", "audio": "Carrera 117 Calle 151 C", "zonas_nuevas": "C", "globalid": "{6575C3C6-8E64-4A4F-B26A-F4ED0A95BF9C}" }, "geometry": { "type": "Point", "coordinates": [ -74.103106999840506, 4.756563999913369 ] } },
{ "type": "Feature", "properties": { "objectid": 5500, "cenefa": "410A03", "zona_sitp": "03", "nombre": " San Andrés Afidro", "via": "CL 143", "direccion_bandera": "Cl143 - KR 127D", "localidad": "Suba", "longitud": -74.108528060000012, "latitud": 4.74857995, "consecutivo_zona": "410", "tipo_m_s": "S", "consola": "Cl143 - KR 127D (410A03)", "panel": "Cl143 - KR 127D", "audio": "Calle143 Carrera 127 D", "zonas_nuevas": "C", "globalid": "{54986B71-D238-48E7-8725-9B2C2479270E}" }, "geometry": { "type": "Point", "coordinates": [ -74.108528060618752, 4.748579946233897 ] } },
{ "type": "Feature", "properties": { "objectid": 5512, "cenefa": "411A03", "zona_sitp": "03", "nombre": "Conjunto Residencial Yerbamora II", "via": "KR  128", "direccion_bandera": "KR 128 - CL 144", "localidad": "Suba", "longitud": -74.10886655, "latitud": 4.752411, "consecutivo_zona": "411", "tipo_m_s": "S", "consola": "KR 128 - CL 144 (411A03)", "panel": "KR 128 - CL 144", "audio": "Carrera 128 Calle 144", "zonas_nuevas": "C", "globalid": "{6459A076-29E2-47DA-9649-63DE042920E4}" }, "geometry": { "type": "Point", "coordinates": [ -74.108866547350203, 4.75241099613192 ] } },
{ "type": "Feature", "properties": { "objectid": 5522, "cenefa": "412A03", "zona_sitp": "03", "nombre": "Conjunto Residencial Yerbamora II", "via": "KR  128", "direccion_bandera": "KR 128 - CL 144", "localidad": "Suba", "longitud": -74.10869025, "latitud": 4.75248454, "consecutivo_zona": "412", "tipo_m_s": "S", "consola": "KR 128 - CL 144 (412A03)", "panel": "KR 128 - CL 144", "audio": "Carrera 128 Calle 144", "zonas_nuevas": "C", "globalid": "{05E08301-0DE1-4306-A026-99A52284FFF6}" }, "geometry": { "type": "Point", "coordinates": [ -74.108690251610483, 4.752484540566632 ] } },
{ "type": "Feature", "properties": { "objectid": 5538, "cenefa": "414A03", "zona_sitp": "03", "nombre": "Parques del Campo", "via": "CL 144", "direccion_bandera": "CL 144 - KR 127D", "localidad": "Suba", "longitud": -74.108368, "latitud": 4.750939, "consecutivo_zona": "414", "tipo_m_s": "S", "consola": "CL 144 - KR 127D (414A03)", "panel": "CL 144 - KR 127D", "audio": "Calle 144 Carrera 127 D", "zonas_nuevas": "C", "globalid": "{AAEEC471-6312-428D-AFB2-9FF6B1D21634}" }, "geometry": { "type": "Point", "coordinates": [ -74.108367999568472, 4.750939000305703 ] } },
{ "type": "Feature", "properties": { "objectid": 5548, "cenefa": "415A03", "zona_sitp": "03", "nombre": "Ciudadela Cafam", "via": "AK 118", "direccion_bandera": "AK 118 - CL 143A", "localidad": "Suba", "longitud": -74.105518280000013, "latitud": 4.74947591, "consecutivo_zona": "415", "tipo_m_s": "S", "consola": "AK 118 - CL 143A (415A03)", "panel": "AK 118 - CL 143A", "audio": "Avenida Carrera 118 Calle 143 A", "zonas_nuevas": "C", "globalid": "{57F0B464-0C65-48D3-B137-919476C62513}" }, "geometry": { "type": "Point", "coordinates": [ -74.105518281154133, 4.74947591057598 ] } },
{ "type": "Feature", "properties": { "objectid": 5560, "cenefa": "416A03", "zona_sitp": "03", "nombre": "Ciudadela Cafam", "via": "AK 118", "direccion_bandera": "AK 118 - CL 143", "localidad": "Suba", "longitud": -74.105161, "latitud": 4.749894, "consecutivo_zona": "416", "tipo_m_s": "S", "consola": "AK 118 - CL 143 (416A03)", "panel": "AK 118 - CL 143", "audio": "Avenida Carrera 118 Calle 143", "zonas_nuevas": "C", "globalid": "{AA4ADDBE-0D6D-4242-8955-3D02CBA49E1F}" }, "geometry": { "type": "Point", "coordinates": [ -74.105160999549909, 4.749893999733589 ] } },
{ "type": "Feature", "properties": { "objectid": 5571, "cenefa": "417A03", "zona_sitp": "03", "nombre": "Conjunto Residencial Catigua", "via": "Dg  146", "direccion_bandera": "DG 146 - KR 128", "localidad": "Suba", "longitud": -74.10613974, "latitud": 4.75375311, "consecutivo_zona": "417", "tipo_m_s": "S", "consola": "DG 146 - KR 128 (417A03)", "panel": "DG 146 - KR 128", "audio": "Diagonal 146 Carrera 128", "zonas_nuevas": "C", "globalid": "{BAB1E331-2913-4401-9E6E-E8A0401F78F4}" }, "geometry": { "type": "Point", "coordinates": [ -74.106139737783124, 4.753753110913542 ] } },
{ "type": "Feature", "properties": { "objectid": 5639, "cenefa": "424A03", "zona_sitp": "03", "nombre": "IED Nicolás Buenaventura", "via": "AV. C. de Cali", "direccion_bandera": "AV. C. de Cali - AC 153", "localidad": "Suba", "longitud": -74.09152179, "latitud": 4.75520186, "consecutivo_zona": "424", "tipo_m_s": "S", "consola": "AV. C. de Cali - AC 153 (424A03)", "panel": "AV. C. de Cali - AC 153", "audio": "Avenida Ciudad de Cali Avenida Calle 153", "zonas_nuevas": "C", "globalid": "{10408F8A-2712-4D21-BB80-52566A0F073F}" }, "geometry": { "type": "Point", "coordinates": [ -74.091521789902316, 4.755201857090805 ] } },
{ "type": "Feature", "properties": { "objectid": 5651, "cenefa": "425A03", "zona_sitp": "03", "nombre": "IED EL SALITRE-SUBA", "via": "KR  99", "direccion_bandera": "KR 99 - CL 153", "localidad": "Suba", "longitud": -74.08714365, "latitud": 4.75248682, "consecutivo_zona": "425", "tipo_m_s": "S", "consola": "KR 99 - CL 153 (425A03)", "panel": "KR 99 - CL 153", "audio": "Carrera 99 Calle 153", "zonas_nuevas": "C", "globalid": "{B5AC1340-0672-47CD-9311-9D7C6DF5AD57}" }, "geometry": { "type": "Point", "coordinates": [ -74.087143648719234, 4.752486816207181 ] } },
{ "type": "Feature", "properties": { "objectid": 5661, "cenefa": "426A03", "zona_sitp": "03", "nombre": "Br. El Pino", "via": "Cl 153", "direccion_bandera": "CL 153 - KR 100", "localidad": "Suba", "longitud": -74.08783407, "latitud": 4.75238855, "consecutivo_zona": "426", "tipo_m_s": "S", "consola": "CL 153 - KR 100 (426A03)", "panel": "CL 153 - KR 100", "audio": "Calle 153 Carrera 100", "zonas_nuevas": "C", "globalid": "{78C8611B-F472-44A5-B460-EB517D6922D1}" }, "geometry": { "type": "Point", "coordinates": [ -74.087834066159658, 4.752388545102217 ] } },
{ "type": "Feature", "properties": { "objectid": 5672, "cenefa": "427A03", "zona_sitp": "03", "nombre": "Br. Campanella", "via": "KR  97B", "direccion_bandera": "KR 97B - AC 153-70", "localidad": "Suba", "longitud": -74.08603766, "latitud": 4.75228424, "consecutivo_zona": "427", "tipo_m_s": "S", "consola": "KR 97B - AC 153-70 (427A03)", "panel": "KR 97B - AC 153-70", "audio": "Carrera 97 Be Avenida Calle 153", "zonas_nuevas": "C", "globalid": "{95214D75-136A-4AE5-A27D-CDAE1F91676E}" }, "geometry": { "type": "Point", "coordinates": [ -74.086037656881388, 4.752284235235861 ] } },
{ "type": "Feature", "properties": { "objectid": 5683, "cenefa": "428A03", "zona_sitp": "03", "nombre": "Br. Campanella", "via": "KR  97B", "direccion_bandera": "KR 97B - AC 153", "localidad": "Suba", "longitud": -74.086102, "latitud": 4.75203, "consecutivo_zona": "428", "tipo_m_s": "S", "consola": "KR 97B - AC 153 (428A03)", "panel": "KR 97B - AC 153", "audio": "Carrera 97 Be Avenida Calle 153", "zonas_nuevas": "C", "globalid": "{FD8E6E2B-37A8-433E-8A93-6FAB0E67FE0E}" }, "geometry": { "type": "Point", "coordinates": [ -74.086101999703445, 4.752030000240559 ] } },
{ "type": "Feature", "properties": { "objectid": 5695, "cenefa": "429A03", "zona_sitp": "03", "nombre": "PARQUE EL PINAR", "via": "KR  96A", "direccion_bandera": "KR 96A - CL 152", "localidad": "Suba", "longitud": -74.08580222000001, "latitud": 4.75050809, "consecutivo_zona": "429", "tipo_m_s": "S", "consola": "KR 96A - CL 152 (429A03)", "panel": "KR 96A - CL 152", "audio": "Carrera 96 A Calle 152", "zonas_nuevas": "C", "globalid": "{6E09ABBD-5B2E-431C-A568-E03C62857B46}" }, "geometry": { "type": "Point", "coordinates": [ -74.085802217824423, 4.750508090225289 ] } },
{ "type": "Feature", "properties": { "objectid": 5707, "cenefa": "430A03", "zona_sitp": "03", "nombre": "COLEGIO EL ENCANTO", "via": "KR  99", "direccion_bandera": "KR 99 - CL 155D", "localidad": "Suba", "longitud": -74.08630161, "latitud": 4.75506362, "consecutivo_zona": "430", "tipo_m_s": "S", "consola": "KR 99 - CL 155D (430A03)", "panel": "KR 99 - CL 155D", "audio": "Carrera 99 Calle 155 D", "zonas_nuevas": "C", "globalid": "{868EAF78-1559-4957-AF08-4113BCC2CC16}" }, "geometry": { "type": "Point", "coordinates": [ -74.086301608401556, 4.75506362069186 ] } },
{ "type": "Feature", "properties": { "objectid": 5719, "cenefa": "431A03", "zona_sitp": "03", "nombre": "Br. Orquídeas II Sector", "via": "KR 99", "direccion_bandera": "KR 99 - CL 156", "localidad": "Suba", "longitud": -74.08602951, "latitud": 4.75540794, "consecutivo_zona": "431", "tipo_m_s": "S", "consola": "KR 99 - CL 156 (431A03)", "panel": "KR 99 - CL 156", "audio": "Carrera 99 Calle 156", "zonas_nuevas": "C", "globalid": "{3BE39091-057E-40DF-97C9-AC1F8B2F1ABB}" }, "geometry": { "type": "Point", "coordinates": [ -74.086029507002053, 4.75540793992807 ] } },
{ "type": "Feature", "properties": { "objectid": 5738, "cenefa": "433A03", "zona_sitp": "03", "nombre": "Las Mercedes I", "via": "AK 104", "direccion_bandera": "AK 104 - CL 162", "localidad": "Suba", "longitud": -74.09036256, "latitud": 4.7579832, "consecutivo_zona": "433", "tipo_m_s": "S", "consola": "AK 104 - CL 162 (433A03)", "panel": "AK 104 - CL 162", "audio": "Avenida Carrera 104 Calle 162", "zonas_nuevas": "C", "globalid": "{BD327B0A-550B-4459-8C14-AEDD673B9363}" }, "geometry": { "type": "Point", "coordinates": [ -74.090362556315, 4.757983198892229 ] } },
{ "type": "Feature", "properties": { "objectid": 5757, "cenefa": "435A03", "zona_sitp": "03", "nombre": "LAS ORQUIDEAS", "via": "Cl 157A", "direccion_bandera": "CL 157A - KR 98A", "localidad": "Suba", "longitud": -74.084901, "latitud": 4.75758, "consecutivo_zona": "435", "tipo_m_s": "S", "consola": "CL 157A - KR 98A (435A03)", "panel": "CL 157A - KR 98A", "audio": "Calle 157 A Carrera 98 A", "zonas_nuevas": "C", "globalid": "{9F15C97A-465B-49BB-896C-C5E5E22C2A85}" }, "geometry": { "type": "Point", "coordinates": [ -74.084901000319803, 4.757579999875186 ] } },
{ "type": "Feature", "properties": { "objectid": 5881, "cenefa": "448A03", "zona_sitp": "03", "nombre": "Vereda Tibabuyes", "via": "KR 145", "direccion_bandera": "KR 145 - CL 144", "localidad": "Suba", "longitud": -74.11590123, "latitud": 4.75306074, "consecutivo_zona": "448", "tipo_m_s": "S", "consola": "KR 145 - CL 144 (448A03)", "panel": "KR 145 - CL 144", "audio": "Carrera 145 Calle 144", "zonas_nuevas": "C", "globalid": "{ECFFF054-B051-43F7-93CA-CF75F1D9018E}" }, "geometry": { "type": "Point", "coordinates": [ -74.115901230891382, 4.753060740143124 ] } },
{ "type": "Feature", "properties": { "objectid": 5890, "cenefa": "449A03", "zona_sitp": "03", "nombre": "Urb. Portal de Suba", "via": "Cl 137", "direccion_bandera": "CL 137 - KR 90A", "localidad": "Suba", "longitud": -74.08495829, "latitud": 4.73529856, "consecutivo_zona": "449", "tipo_m_s": "S", "consola": "CL 137 - KR 90A (449A03)", "panel": "CL 137 - KR 90A", "audio": "Calle 137 Carrera 90 A", "zonas_nuevas": "C", "globalid": "{E4EA45A2-C0FC-43D2-B6DF-58A995C1A71A}" }, "geometry": { "type": "Point", "coordinates": [ -74.084958288716081, 4.735298559403529 ] } },
{ "type": "Feature", "properties": { "objectid": 5908, "cenefa": "451A03", "zona_sitp": "03", "nombre": "Br. Altos de Chozica", "via": "Cl 137", "direccion_bandera": "CL 137 - KR 85", "localidad": "Suba", "longitud": -74.082048609999987, "latitud": 4.73496207, "consecutivo_zona": "451", "tipo_m_s": "S", "consola": "CL 137 - KR 85 (451A03)", "panel": "CL 137 - KR 85", "audio": "Calle 137 Carrera 85", "zonas_nuevas": "C", "globalid": "{17628987-9898-4120-8F95-A79E94E0ABB4}" }, "geometry": { "type": "Point", "coordinates": [ -74.082048610894176, 4.734962066445223 ] } },
{ "type": "Feature", "properties": { "objectid": 5928, "cenefa": "453A03", "zona_sitp": "03", "nombre": "Br. Provenza", "via": "Tv  84", "direccion_bandera": "TV 84 - 136-54", "localidad": "Suba", "longitud": -74.08021295, "latitud": 4.73439926, "consecutivo_zona": "453", "tipo_m_s": "S", "consola": "TV 84 - 136-54 (453A03)", "panel": "TV 84 - 136-54", "audio": "Transversal 84 Avenida Suba", "zonas_nuevas": "C", "globalid": "{C55CC0DF-C370-49B4-A4C1-73CD5A755D01}" }, "geometry": { "type": "Point", "coordinates": [ -74.080212945954074, 4.73439926394239 ] } },
{ "type": "Feature", "properties": { "objectid": 5978, "cenefa": "459A03", "zona_sitp": "03", "nombre": "Br. San Francisco", "via": "KR 80", "direccion_bandera": "KR 80 - CL 146A", "localidad": "Suba", "longitud": -74.07649045000001, "latitud": 4.73774096, "consecutivo_zona": "459", "tipo_m_s": "S", "consola": "KR 80 - CL 146A (459A03)", "panel": "KR 80 - CL 146A", "audio": "Carrera 80 Calle 146 A", "zonas_nuevas": "C", "globalid": "{58DB87E6-38D8-402D-8F0D-AC14D87B83E8}" }, "geometry": { "type": "Point", "coordinates": [ -74.076490454944022, 4.737740958051205 ] } },
{ "type": "Feature", "properties": { "objectid": 5999, "cenefa": "461A03", "zona_sitp": "03", "nombre": "Pq Central de Suba", "via": "KR  91", "direccion_bandera": "AK 91 - CL 147", "localidad": "Suba", "longitud": -74.08407548000001, "latitud": 4.74170282, "consecutivo_zona": "461", "tipo_m_s": "S", "consola": "AK 91 - CL 147 (461A03)", "panel": "AK 91 - CL 147", "audio": "Avenida Carrera 91 Calle 147", "zonas_nuevas": "C", "globalid": "{8181A64A-4229-474C-8AB4-061CADC3B015}" }, "geometry": { "type": "Point", "coordinates": [ -74.084075481993807, 4.741702820709236 ] } },
{ "type": "Feature", "properties": { "objectid": 6007, "cenefa": "462A03", "zona_sitp": "03", "nombre": "Plaza Principal de Suba", "via": "KR 90", "direccion_bandera": "KR 90 - CL 147B", "localidad": "Suba", "longitud": -74.08332745, "latitud": 4.74159676, "consecutivo_zona": "462", "tipo_m_s": "S", "consola": "KR 90 - CL 147B (462A03)", "panel": "KR 90 - CL 147B", "audio": "Carrera 90 Calle 147 Be", "zonas_nuevas": "C", "globalid": "{22094939-89B7-4657-9828-82B6AE073E94}" }, "geometry": { "type": "Point", "coordinates": [ -74.083327451316265, 4.741596763006602 ] } },
{ "type": "Feature", "properties": { "objectid": 6038, "cenefa": "466A03", "zona_sitp": "03", "nombre": "Casa Emaús", "via": "KR 90", "direccion_bandera": "KR 90 - CL 149", "localidad": "Suba", "longitud": -74.08290534, "latitud": 4.74473896, "consecutivo_zona": "466", "tipo_m_s": "S", "consola": "KR 90 - CL 149 (466A03)", "panel": "KR 90 - CL 149", "audio": "Carrera 90 Calle 149", "zonas_nuevas": "C", "globalid": "{810A5C83-6677-4231-922B-E4C9C09E2044}" }, "geometry": { "type": "Point", "coordinates": [ -74.082905338021902, 4.744738958765564 ] } },
{ "type": "Feature", "properties": { "objectid": 6055, "cenefa": "468A03", "zona_sitp": "03", "nombre": "Colegio Lisa Meitner", "via": "Av. Corpas", "direccion_bandera": "AV. Corpas - CL 160", "localidad": "Suba", "longitud": -74.0902777, "latitud": 4.76319854, "consecutivo_zona": "468", "tipo_m_s": "S", "consola": "AV. Corpas - CL 160 (468A03)", "panel": "AV. Corpas - CL 160", "audio": "Avenida Corpas Calle 160", "zonas_nuevas": "C", "globalid": "{556D81B2-CDE7-4DD0-ADBB-B0AA06DA8BEF}" }, "geometry": { "type": "Point", "coordinates": [ -74.090277702654674, 4.763198543675146 ] } },
{ "type": "Feature", "properties": { "objectid": 6062, "cenefa": "469A03", "zona_sitp": "03", "nombre": "Colegio Nuevo Campestre", "via": "Av. Corpas", "direccion_bandera": "AV. Corpas - CL 160", "localidad": "Suba", "longitud": -74.09022698, "latitud": 4.76313759, "consecutivo_zona": "469", "tipo_m_s": "S", "consola": "AV. Corpas - CL 160 (469A03)", "panel": "AV. Corpas - CL 160", "audio": "Avenida Corpas Calle 160", "zonas_nuevas": "C", "globalid": "{551247EA-D112-4DA4-BA8D-7D216F3451D3}" }, "geometry": { "type": "Point", "coordinates": [ -74.09022697482024, 4.763137585291148 ] } },
{ "type": "Feature", "properties": { "objectid": 6071, "cenefa": "470A03", "zona_sitp": "03", "nombre": "CED Casablanca", "via": "KR 80", "direccion_bandera": "KR 80 - CL 146D", "localidad": "Suba", "longitud": -74.07592101, "latitud": 4.7390299, "consecutivo_zona": "470", "tipo_m_s": "S", "consola": "KR 80 - CL 146D (470A03)", "panel": "KR 80 - CL 146D", "audio": "Carrera 80 Calle 146 D", "zonas_nuevas": "C", "globalid": "{EC36E711-1B65-4DE4-B11C-1DDE0334A4E9}" }, "geometry": { "type": "Point", "coordinates": [ -74.075921013114041, 4.739029900834566 ] } },
{ "type": "Feature", "properties": { "objectid": 6079, "cenefa": "471A03", "zona_sitp": "03", "nombre": "CED Casablanca", "via": "KR 80", "direccion_bandera": "KR 80 - CL 146B", "localidad": "Suba", "longitud": -74.076166, "latitud": 4.73825151, "consecutivo_zona": "471", "tipo_m_s": "S", "consola": "KR 80 - CL 146B (471A03)", "panel": "KR 80 - CL 146B", "audio": "Carrera 80 Calle 146 Be", "zonas_nuevas": "C", "globalid": "{8F626040-B794-4A2C-AAC6-73548EEC971C}" }, "geometry": { "type": "Point", "coordinates": [ -74.076165998767493, 4.738251506915135 ] } },
{ "type": "Feature", "properties": { "objectid": 6088, "cenefa": "472A03", "zona_sitp": "03", "nombre": "Casablanca I", "via": "KR 80", "direccion_bandera": "KR 80 - CL 146F", "localidad": "Suba", "longitud": -74.07568055, "latitud": 4.73987954, "consecutivo_zona": "472", "tipo_m_s": "S", "consola": "KR 80 - CL 146F (472A03)", "panel": "KR 80 - CL 146F", "audio": "Carrera 80 Calle 146 F", "zonas_nuevas": "C", "globalid": "{72FD03E8-74EC-4BEA-A83B-4117FF321AE1}" }, "geometry": { "type": "Point", "coordinates": [ -74.075680555244389, 4.739879539621263 ] } },
{ "type": "Feature", "properties": { "objectid": 6105, "cenefa": "474A03", "zona_sitp": "03", "nombre": "Br. Casa Blanca I", "via": "KR  76", "direccion_bandera": "KR 76 - CL 146F", "localidad": "Suba", "longitud": -74.073756, "latitud": 4.73897, "consecutivo_zona": "474", "tipo_m_s": "S", "consola": "KR 76 - CL 146F (474A03)", "panel": "KR 76 - CL 146F", "audio": "Carrera 76 Calle 146 F", "zonas_nuevas": "C", "globalid": "{06D0BA11-4EFC-4CDD-BA81-72B68AF07FD0}" }, "geometry": { "type": "Point", "coordinates": [ -74.073755999602952, 4.738970000188884 ] } },
{ "type": "Feature", "properties": { "objectid": 6112, "cenefa": "475A03", "zona_sitp": "03", "nombre": "Sabana de Tibabuyes", "via": "CL 144", "direccion_bandera": "CL 144 - KR 136A", "localidad": "Suba", "longitud": -74.111576750000012, "latitud": 4.75175561, "consecutivo_zona": "475", "tipo_m_s": "S", "consola": "CL 144 - KR 136A (475A03)", "panel": "CL 144 - KR 136A", "audio": "Calle 144 Carrera 136 A", "zonas_nuevas": "C", "globalid": "{E9150F65-894F-49DF-A657-944AAC14C03D}" }, "geometry": { "type": "Point", "coordinates": [ -74.111576746647444, 4.751755610284003 ] } },
{ "type": "Feature", "properties": { "objectid": 6120, "cenefa": "476A03", "zona_sitp": "03", "nombre": "Br. Casa Blanca I", "via": "KR  76", "direccion_bandera": "KR 76 - CL 146C", "localidad": "Suba", "longitud": -74.07411176000001, "latitud": 4.73813844, "consecutivo_zona": "476", "tipo_m_s": "S", "consola": "KR 76 - CL 146C (476A03)", "panel": "KR 76 - CL 146C", "audio": "Carrera 76 Calle 146 C", "zonas_nuevas": "C", "globalid": "{8EBBA290-FCD7-44E7-B319-2D875DE84D7D}" }, "geometry": { "type": "Point", "coordinates": [ -74.074111760615338, 4.738138444255235 ] } },
{ "type": "Feature", "properties": { "objectid": 6164, "cenefa": "481A03", "zona_sitp": "03", "nombre": "Br. Salitre Suba", "via": "Cl 158", "direccion_bandera": "CL 158 - KR 93A", "localidad": "Suba", "longitud": -74.08041139, "latitud": 4.75524174, "consecutivo_zona": "481", "tipo_m_s": "S", "consola": "CL 158 - KR 93A (481A03)", "panel": "CL 158 - KR 93A", "audio": "Calle 158 Carrera 93 A", "zonas_nuevas": "C", "globalid": "{1564A676-9DFE-490A-BCB3-2497DD459BE6}" }, "geometry": { "type": "Point", "coordinates": [ -74.080411388576891, 4.755241738704037 ] } },
{ "type": "Feature", "properties": { "objectid": 6173, "cenefa": "482A03", "zona_sitp": "03", "nombre": "BOSQUES DE SAN JORGE", "via": "Cl 151B", "direccion_bandera": "CL 151B - KR 92", "localidad": "Suba", "longitud": -74.08483215, "latitud": 4.74775373, "consecutivo_zona": "482", "tipo_m_s": "S", "consola": "CL 151B - KR 92 (482A03)", "panel": "CL 151B - KR 92", "audio": "Calle 151 Be Carrera 92", "zonas_nuevas": "C", "globalid": "{0F4C4121-0CD4-4147-BB69-7426D85313CE}" }, "geometry": { "type": "Point", "coordinates": [ -74.084832145875069, 4.74775373333924 ] } },
{ "type": "Feature", "properties": { "objectid": 6181, "cenefa": "483A03", "zona_sitp": "03", "nombre": "Colegio Veintiún Ángeles", "via": "KR 90", "direccion_bandera": "KR 90 - CL 154A", "localidad": "Suba", "longitud": -74.08029748, "latitud": 4.74934418, "consecutivo_zona": "483", "tipo_m_s": "S", "consola": "KR 90 - CL 154A (483A03)", "panel": "KR 90 - CL 154A", "audio": "Carrera 90 Calle 154 A", "zonas_nuevas": "C", "globalid": "{38B5D247-B676-4EDC-A4C9-7BE25180E159}" }, "geometry": { "type": "Point", "coordinates": [ -74.08029748323159, 4.749344180763365 ] } },
{ "type": "Feature", "properties": { "objectid": 6189, "cenefa": "484A03", "zona_sitp": "03", "nombre": "Colegio Veintiún Ángeles", "via": "KR 90", "direccion_bandera": "KR 90 - CL 154", "localidad": "Suba", "longitud": -74.0802817, "latitud": 4.7495994, "consecutivo_zona": "484", "tipo_m_s": "S", "consola": "KR 90 - CL 154 (484A03)", "panel": "KR 90 - CL 154", "audio": "Carrera 90 Calle 154", "zonas_nuevas": "C", "globalid": "{FF7D3139-5B8B-4EA1-891F-435D4141E686}" }, "geometry": { "type": "Point", "coordinates": [ -74.080281700918775, 4.749599395314463 ] } },
{ "type": "Feature", "properties": { "objectid": 6223, "cenefa": "488A03", "zona_sitp": "03", "nombre": "Br. El Rosal", "via": "KR 90", "direccion_bandera": "KR 90 - CL 152A", "localidad": "Suba", "longitud": -74.0817156, "latitud": 4.74783126, "consecutivo_zona": "488", "tipo_m_s": "S", "consola": "KR 90 - CL 152A (488A03)", "panel": "KR 90 - CL 152A", "audio": "Carrera 90 Calle 152 A", "zonas_nuevas": "C", "globalid": "{8CD8F0F0-3AE9-44DF-AB11-6CE09F793CDA}" }, "geometry": { "type": "Point", "coordinates": [ -74.081715599729918, 4.74783126122768 ] } },
{ "type": "Feature", "properties": { "objectid": 6245, "cenefa": "491A03", "zona_sitp": "03", "nombre": "Br. El Pensil", "via": "Cl 158", "direccion_bandera": "CL 158 - KR 97", "localidad": "Suba", "longitud": -74.08532, "latitud": 4.756877, "consecutivo_zona": "491", "tipo_m_s": "S", "consola": "CL 158 - KR 97 (491A03)", "panel": "CL 158 - KR 97", "audio": "Calle 158 Carrera 97", "zonas_nuevas": "C", "globalid": "{221332C8-1AA5-4875-BA8E-A10A510875BF}" }, "geometry": { "type": "Point", "coordinates": [ -74.085320000227711, 4.756876999641398 ] } },
{ "type": "Feature", "properties": { "objectid": 6330, "cenefa": "501A03", "zona_sitp": "03", "nombre": "Br. Bilbao II Sector", "via": "CL 143B", "direccion_bandera": "CL 143B - KR 150B", "localidad": "Suba", "longitud": -74.12252803, "latitud": 4.7531339, "consecutivo_zona": "501", "tipo_m_s": "S", "consola": "CL 143B - KR 150B (501A03)", "panel": "CL 143B - KR 150B", "audio": "Calle 143 Be Carrera 150 Be", "zonas_nuevas": "C", "globalid": "{8993BC3C-8470-430C-8996-507EEF4B8A63}" }, "geometry": { "type": "Point", "coordinates": [ -74.12252803540882, 4.753133897273671 ] } },
{ "type": "Feature", "properties": { "objectid": 6359, "cenefa": "504A03", "zona_sitp": "03", "nombre": "Br. Lisboa", "via": "CL 132D", "direccion_bandera": "CL 132D - KR 152", "localidad": "Suba", "longitud": -74.12310953, "latitud": 4.74302231, "consecutivo_zona": "504", "tipo_m_s": "S", "consola": "CL 132D - KR 152 (504A03)", "panel": "CL 132D - KR 152", "audio": "Calle 132 D Carrera 152", "zonas_nuevas": "C", "globalid": "{94C1A75D-ABAC-4349-8680-22C3D81D7D64}" }, "geometry": { "type": "Point", "coordinates": [ -74.123109534190945, 4.74302230542899 ] } },
{ "type": "Feature", "properties": { "objectid": 6364, "cenefa": "505A03", "zona_sitp": "03", "nombre": "Br. Lisboa", "via": "CL 132D", "direccion_bandera": "CL 132D - KR 152", "localidad": "Suba", "longitud": -74.12329305, "latitud": 4.74286624, "consecutivo_zona": "505", "tipo_m_s": "S", "consola": "CL 132D - KR 152 (505A03)", "panel": "CL 132D - KR 152", "audio": "Calle 132 D Carrera 152", "zonas_nuevas": "C", "globalid": "{27C1B3BA-04CB-4916-A471-AC22EDF2D361}" }, "geometry": { "type": "Point", "coordinates": [ -74.123293046016116, 4.74286624243746 ] } },
{ "type": "Feature", "properties": { "objectid": 6372, "cenefa": "506A03", "zona_sitp": "03", "nombre": "Br. Campiña del Refous", "via": "CL 148", "direccion_bandera": "CL 148 - KR 101", "localidad": "Suba", "longitud": -74.090921720000011, "latitud": 4.74642189, "consecutivo_zona": "506", "tipo_m_s": "S", "consola": "CL 148 - KR 101 (506A03)", "panel": "CL 148 - KR 101", "audio": "Calle 148 Carrera 101", "zonas_nuevas": "C", "globalid": "{4DECE7ED-CCFF-4F93-AE75-25CD980CC51D}" }, "geometry": { "type": "Point", "coordinates": [ -74.090921716018102, 4.746421885712329 ] } },
{ "type": "Feature", "properties": { "objectid": 6388, "cenefa": "508A03", "zona_sitp": "03", "nombre": "Vereda Tibabuyes", "via": "CL 145A", "direccion_bandera": "CL 145A - TV 143", "localidad": "Suba", "longitud": -74.11511096, "latitud": 4.75581669, "consecutivo_zona": "508", "tipo_m_s": "S", "consola": "CL 145A - TV 143 (508A03)", "panel": "CL 145A - TV 143", "audio": "Calle 145 A Transversal 143", "zonas_nuevas": "C", "globalid": "{E25B3C86-D7B3-46D7-8BD9-0C022F7F9DF7}" }, "geometry": { "type": "Point", "coordinates": [ -74.115110959409961, 4.755816692436323 ] } },
{ "type": "Feature", "properties": { "objectid": 6395, "cenefa": "509A03", "zona_sitp": "03", "nombre": "IED Julio Flórez", "via": "Cl 95", "direccion_bandera": "CL 95 - KR 68B", "localidad": "Suba", "longitud": -74.07710722, "latitud": 4.68778782, "consecutivo_zona": "509", "tipo_m_s": "S", "consola": "CL 95 - KR 68B  (509A03)", "panel": "CL 95 - KR 68B", "audio": "Calle 95 Carrera 68 Be", "zonas_nuevas": "D", "globalid": "{50EC1E13-1CFA-46E1-9EDA-2FF50C1D4442}" }, "geometry": { "type": "Point", "coordinates": [ -74.077107217568965, 4.687787819707543 ] } },
{ "type": "Feature", "properties": { "objectid": 6402, "cenefa": "510A03", "zona_sitp": "03", "nombre": "Vereda Tibabuyes", "via": "DG 150", "direccion_bandera": "DG 150 - TV142", "localidad": "Suba", "longitud": -74.115006, "latitud": 4.757667, "consecutivo_zona": "510", "tipo_m_s": "S", "consola": "DG 150 - TV142 (510A03)", "panel": "DG 150 - TV142", "audio": "Diagonal 150 Transversal 142", "zonas_nuevas": "C", "globalid": "{BE761C1B-1EE8-407D-9E2D-7098483F88A9}" }, "geometry": { "type": "Point", "coordinates": [ -74.115005999783776, 4.757667000376663 ] } },
{ "type": "Feature", "properties": { "objectid": 6408, "cenefa": "511A03", "zona_sitp": "03", "nombre": "Pq. Lagos de Suba", "via": "KR  102A", "direccion_bandera": "KR 102A - CL 129C", "localidad": "Suba", "longitud": -74.09944231, "latitud": 4.73058009, "consecutivo_zona": "511", "tipo_m_s": "S", "consola": "KR 102A - CL 129C (511A03)", "panel": "KR 102A - CL 129C", "audio": "Carrera 102 A Calle 129 C", "zonas_nuevas": "C", "globalid": "{548E60FD-AE84-4299-BB7A-2927C1542A42}" }, "geometry": { "type": "Point", "coordinates": [ -74.099442314978361, 4.730580085746687 ] } },
{ "type": "Feature", "properties": { "objectid": 6417, "cenefa": "512A03", "zona_sitp": "03", "nombre": "Vereda Tibabuyes", "via": "KR 145", "direccion_bandera": "KR 145 - CL 145A", "localidad": "Suba", "longitud": -74.115849, "latitud": 4.756686, "consecutivo_zona": "512", "tipo_m_s": "S", "consola": "KR 145 - CL 145A (512A03)", "panel": "KR 145 - CL 145A", "audio": "Carrera 145 Calle 145 A", "zonas_nuevas": "C", "globalid": "{8790035D-B1DF-4AA3-8AF1-C81BB561FD5C}" }, "geometry": { "type": "Point", "coordinates": [ -74.115848999937342, 4.756685999899235 ] } },
{ "type": "Feature", "properties": { "objectid": 6439, "cenefa": "516A03", "zona_sitp": "03", "nombre": "Br. Ciudad Hunza", "via": "Cl 128", "direccion_bandera": "CL 128 - KR 87D", "localidad": "Suba", "longitud": -74.08831605, "latitud": 4.71918403, "consecutivo_zona": "516", "tipo_m_s": "S", "consola": "CL 128 - KR 87D (516A03)", "panel": "CL 128 - KR 87D", "audio": "Calle 128 Carrera 87 D", "zonas_nuevas": "C", "globalid": "{454DE531-1E31-4B4E-86AB-BE89E431A183}" }, "geometry": { "type": "Point", "coordinates": [ -74.08831605225447, 4.719184028014499 ] } },
{ "type": "Feature", "properties": { "objectid": 6467, "cenefa": "521A03", "zona_sitp": "03", "nombre": "Br. Bilbao II Sector", "via": "CL 143B", "direccion_bandera": "CL 143B - KR 151C", "localidad": "Suba", "longitud": -74.12238586, "latitud": 4.7531813, "consecutivo_zona": "521", "tipo_m_s": "S", "consola": "CL 143B - KR 151C (521A03)", "panel": "CL 143B - KR 151C", "audio": "Calle 143 Be Carrera 151 C", "zonas_nuevas": "C", "globalid": "{64AB4D4C-E8E5-4ECD-8295-D75A8440B5CE}" }, "geometry": { "type": "Point", "coordinates": [ -74.122385859751972, 4.753181294937605 ] } },
{ "type": "Feature", "properties": { "objectid": 6475, "cenefa": "522A03", "zona_sitp": "03", "nombre": "Br. Aures", "via": "Cl 131", "direccion_bandera": "CL 131 - KR 101A", "localidad": "Suba", "longitud": -74.09742288, "latitud": 4.73305657, "consecutivo_zona": "522", "tipo_m_s": "S", "consola": "CL 131 - KR 101A (522A03)", "panel": "CL 131 - KR 101A", "audio": "Calle 131 Carrera 101 A", "zonas_nuevas": "C", "globalid": "{F27CEFBF-417B-4109-8A84-371B55028DF4}" }, "geometry": { "type": "Point", "coordinates": [ -74.09742287598074, 4.733056566976816 ] } },
{ "type": "Feature", "properties": { "objectid": 6484, "cenefa": "523A03", "zona_sitp": "03", "nombre": "Br. Aures", "via": "Cl 131", "direccion_bandera": "CL 131 - KR 100A Bis", "localidad": "Suba", "longitud": -74.09665335, "latitud": 4.73283773, "consecutivo_zona": "523", "tipo_m_s": "S", "consola": "CL 131 - KR 100A Bis (523A03)", "panel": "CL 131 - KR 100A Bis", "audio": "Calle 131 Carrera 100 A Bis", "zonas_nuevas": "C", "globalid": "{AC8DACA5-3ED9-4E45-864F-AD5112E8093E}" }, "geometry": { "type": "Point", "coordinates": [ -74.096653352771156, 4.732837724548285 ] } },
{ "type": "Feature", "properties": { "objectid": 6492, "cenefa": "524A03", "zona_sitp": "03", "nombre": "IED Álvaro Gómez Hurtado", "via": "KR 100A", "direccion_bandera": "KR 100A - CL 130", "localidad": "Suba", "longitud": -74.09712523, "latitud": 4.73029246, "consecutivo_zona": "524", "tipo_m_s": "S", "consola": "KR 100A - CL 130 (524A03)", "panel": "KR 100A - CL 130", "audio": "Carrera 100 A Calle 130", "zonas_nuevas": "C", "globalid": "{6B1A14E9-8947-4BDF-BA2A-5C50F4606743}" }, "geometry": { "type": "Point", "coordinates": [ -74.097125230294225, 4.730292457919408 ] } },
{ "type": "Feature", "properties": { "objectid": 6498, "cenefa": "525A03", "zona_sitp": "03", "nombre": "IED Álvaro Gómez Hurtado", "via": "KR 100A", "direccion_bandera": "KR 100A - CL 130", "localidad": "Suba", "longitud": -74.09694229, "latitud": 4.73051825, "consecutivo_zona": "525", "tipo_m_s": "S", "consola": "KR 100A - CL 130 (525A03)", "panel": "KR 100A - CL 130", "audio": "Carrera 100 A Calle 130", "zonas_nuevas": "C", "globalid": "{60DB2064-BCE6-4E14-A22B-B38CC3DD875A}" }, "geometry": { "type": "Point", "coordinates": [ -74.09694228565462, 4.730518248806846 ] } },
{ "type": "Feature", "properties": { "objectid": 6516, "cenefa": "529A03", "zona_sitp": "03", "nombre": "CAMI Suba", "via": "KR 92", "direccion_bandera": "KR 92 - CL 147B Bis", "localidad": "Suba", "longitud": -74.08481883, "latitud": 4.74231618, "consecutivo_zona": "529", "tipo_m_s": "S", "consola": "KR 92 - CL 147B Bis (529A03)", "panel": "KR 92 - CL 147B Bis", "audio": "Carrera 92 Calle 147 Be Bis", "zonas_nuevas": "C", "globalid": "{4E705411-C20C-452C-9DC9-86E7F79D0146}" }, "geometry": { "type": "Point", "coordinates": [ -74.084818830155882, 4.742316183253789 ] } },
{ "type": "Feature", "properties": { "objectid": 6521, "cenefa": "530A03", "zona_sitp": "03", "nombre": "CAI Aures II", "via": "AC 132", "direccion_bandera": "AC 132 - KR 103A", "localidad": "Suba", "longitud": -74.098329, "latitud": 4.735171, "consecutivo_zona": "530", "tipo_m_s": "S", "consola": "AC 132 - KR 103A (530A03)", "panel": "AC 132 - KR 103A", "audio": "Avenida Calle 132 Carrera 103 A", "zonas_nuevas": "C", "globalid": "{7E5ED21A-E038-4BC1-9669-88BCD2E290E3}" }, "geometry": { "type": "Point", "coordinates": [ -74.098329000184506, 4.73517100038934 ] } },
{ "type": "Feature", "properties": { "objectid": 6531, "cenefa": "532A03", "zona_sitp": "03", "nombre": "Br. Salitre Suba", "via": "Cl 158", "direccion_bandera": "CL 158 - KR 95", "localidad": "Suba", "longitud": -74.08147403, "latitud": 4.75588671, "consecutivo_zona": "532", "tipo_m_s": "S", "consola": "CL 158 - KR 95 (532A03)", "panel": "CL 158 - KR 95", "audio": "Calle 158 Carrera 95", "zonas_nuevas": "C", "globalid": "{F0B80396-090C-47B8-90A8-64BDE2FFF9DD}" }, "geometry": { "type": "Point", "coordinates": [ -74.081474033315473, 4.755886712328775 ] } },
{ "type": "Feature", "properties": { "objectid": 6536, "cenefa": "533A03", "zona_sitp": "03", "nombre": "CAI Fontanar", "via": "CL 145", "direccion_bandera": "CL 145 - KR 128", "localidad": "Suba", "longitud": -74.10999497, "latitud": 4.75358239, "consecutivo_zona": "533", "tipo_m_s": "S", "consola": "CL 145 - KR 128 (533A03)", "panel": "CL 145 - KR 128", "audio": "Calle 145 Carrera 128", "zonas_nuevas": "C", "globalid": "{6DBE6AE5-8427-42A5-BCBC-AA2C08108BE2}" }, "geometry": { "type": "Point", "coordinates": [ -74.109994968370557, 4.75358238856624 ] } },
{ "type": "Feature", "properties": { "objectid": 6538, "cenefa": "534A03", "zona_sitp": "03", "nombre": "Urb. Las Margaritas", "via": "KR 136A", "direccion_bandera": "KR 136A - CL 144", "localidad": "Suba", "longitud": -74.111038380000011, "latitud": 4.75184196, "consecutivo_zona": "534", "tipo_m_s": "S", "consola": "KR 136A - CL 144 (534A03)", "panel": "KR 136A - CL 144", "audio": "Carrera 136 A Calle 144", "zonas_nuevas": "C", "globalid": "{2B62229B-0FA2-415C-B8ED-05D9E6A6D557}" }, "geometry": { "type": "Point", "coordinates": [ -74.111038376054111, 4.751841962729048 ] } },
{ "type": "Feature", "properties": { "objectid": 6547, "cenefa": "535A03", "zona_sitp": "03", "nombre": "Br. Alcaparros de Suba", "via": "CL 132", "direccion_bandera": "AC 132 - KR 105B", "localidad": "Suba", "longitud": -74.10090827, "latitud": 4.73634441, "consecutivo_zona": "535", "tipo_m_s": "S", "consola": "AC 132 - KR 105B (535A03)", "panel": "AC 132 - KR 105B", "audio": "Avenida Calle 132 Carrera 105 Be", "zonas_nuevas": "C", "globalid": "{2A2934E2-02F4-4D8D-9EB8-9402A52C9B51}" }, "geometry": { "type": "Point", "coordinates": [ -74.100908273639462, 4.736344405246057 ] } },
{ "type": "Feature", "properties": { "objectid": 6551, "cenefa": "536A03", "zona_sitp": "03", "nombre": "Br. Tibabuyes", "via": "KR 123", "direccion_bandera": "KR 123 - CL 131A", "localidad": "Suba", "longitud": -74.1060078, "latitud": 4.73783986, "consecutivo_zona": "536", "tipo_m_s": "S", "consola": "KR 123 - CL 131A (536A03)", "panel": "KR 123 - CL 131A", "audio": "Carrera 123 Calle 131 A", "zonas_nuevas": "C", "globalid": "{252ACEDD-5C2B-4B6C-9410-C8AB0A5C3B11}" }, "geometry": { "type": "Point", "coordinates": [ -74.106007798585097, 4.737839864254366 ] } },
{ "type": "Feature", "properties": { "objectid": 6558, "cenefa": "537A03", "zona_sitp": "03", "nombre": "Br. Tibabuyes", "via": "KR 123", "direccion_bandera": "KR 123 - CL 131A", "localidad": "Suba", "longitud": -74.10597325000001, "latitud": 4.73770465, "consecutivo_zona": "537", "tipo_m_s": "S", "consola": "KR 123 - CL 131A (537A03)", "panel": "KR 123 - CL 131A", "audio": "Carrera 123 Calle 131 A", "zonas_nuevas": "C", "globalid": "{A8C5766F-B425-4EB5-8843-5F2316E3A266}" }, "geometry": { "type": "Point", "coordinates": [ -74.105973246971544, 4.737704653633116 ] } },
{ "type": "Feature", "properties": { "objectid": 6571, "cenefa": "539A03", "zona_sitp": "03", "nombre": "Br. Santa Rosa", "via": "KR 71", "direccion_bandera": "KR 71 - CL 99", "localidad": "Suba", "longitud": -74.07835423, "latitud": 4.69722381, "consecutivo_zona": "539", "tipo_m_s": "S", "consola": "KR 71 - CL 99 (539A03)", "panel": "KR 71 - CL 99", "audio": "Carrera 71 Calle 99", "zonas_nuevas": "D", "globalid": "{66128210-E61D-4137-823E-DD11B737BF84}" }, "geometry": { "type": "Point", "coordinates": [ -74.078354226798581, 4.697223812166855 ] } },
{ "type": "Feature", "properties": { "objectid": 6591, "cenefa": "542A03", "zona_sitp": "03", "nombre": "Br. Los Andes Norte", "via": "KR 64", "direccion_bandera": "KR 64 - CL 103", "localidad": "Suba", "longitud": -74.06759969, "latitud": 4.69103704, "consecutivo_zona": "542", "tipo_m_s": "S", "consola": "KR 64 - CL 103 (542A03)", "panel": "KR 64 - CL 103", "audio": "Carrera 64 Calle 103", "zonas_nuevas": "D", "globalid": "{9B9C4DE9-28AD-4CAD-963C-0C4D744B782E}" }, "geometry": { "type": "Point", "coordinates": [ -74.067599690874573, 4.691037044011605 ] } },
{ "type": "Feature", "properties": { "objectid": 6597, "cenefa": "543A03", "zona_sitp": "03", "nombre": "Br. Casa Blanca I", "via": "Tv 77", "direccion_bandera": "TV 77 - CL 146A", "localidad": "Suba", "longitud": -74.07425175, "latitud": 4.73697969, "consecutivo_zona": "543", "tipo_m_s": "M", "consola": "TV 77 - CL 146A (543A03)", "panel": "TV 77 - CL 146A", "audio": "Transversal 77 Calle 146 A", "zonas_nuevas": "C", "globalid": "{13061438-CD57-408D-AE4F-FA3685E81EBA}" }, "geometry": { "type": "Point", "coordinates": [ -74.074251749590246, 4.736979690581497 ] } },
{ "type": "Feature", "properties": { "objectid": 6602, "cenefa": "543B03", "zona_sitp": "03", "nombre": "Br. Casa Blanca I", "via": "Tv 77", "direccion_bandera": "TV 77 - CL 146A", "localidad": "Suba", "longitud": -74.07434429, "latitud": 4.73736058, "consecutivo_zona": "543", "tipo_m_s": "M", "consola": "TV 77 - CL 146A (543B03)", "panel": "TV 77 - CL 146A", "audio": "Transversal 77 Calle 146 A", "zonas_nuevas": "C", "globalid": "{42FFDCBF-0BF3-4210-BE1C-0A08A722D04D}" }, "geometry": { "type": "Point", "coordinates": [ -74.074344291886888, 4.737360579016461 ] } },
{ "type": "Feature", "properties": { "objectid": 6604, "cenefa": "544A03", "zona_sitp": "03", "nombre": "Br. Tibabuyes II", "via": "CL 139", "direccion_bandera": "CL 139 - KR 109", "localidad": "Suba", "longitud": -74.10096188, "latitud": 4.74250467, "consecutivo_zona": "544", "tipo_m_s": "M", "consola": "CL 139 - KR 109 (544A03)", "panel": "CL 139 - KR 109", "audio": "Calle 139 Carrera 109", "zonas_nuevas": "C", "globalid": "{5501D266-0BC0-4571-8F96-96AB2ED7303E}" }, "geometry": { "type": "Point", "coordinates": [ -74.100961875030421, 4.74250467208764 ] } },
{ "type": "Feature", "properties": { "objectid": 6608, "cenefa": "544B03", "zona_sitp": "03", "nombre": "Br. Tibabuyes II", "via": "CL 139", "direccion_bandera": "CL 139 - KR 110", "localidad": "Suba", "longitud": -74.10191289, "latitud": 4.74284283, "consecutivo_zona": "544", "tipo_m_s": "M", "consola": "CL 139 - KR 110 (544B03)", "panel": "CL 139 - KR 110", "audio": "Calle 139 Carrera 110", "zonas_nuevas": "C", "globalid": "{ECA1E2E0-0FCA-42CD-9980-C293CF4EC811}" }, "geometry": { "type": "Point", "coordinates": [ -74.101912885889078, 4.742842831992277 ] } },
{ "type": "Feature", "properties": { "objectid": 6611, "cenefa": "545A03", "zona_sitp": "03", "nombre": "Br. Costa Azul I Etapa", "via": "CL 139", "direccion_bandera": "CL 139 - KR 102A", "localidad": "Suba", "longitud": -74.09575335, "latitud": 4.74063156, "consecutivo_zona": "545", "tipo_m_s": "S", "consola": "CL 139 - KR 102A (545A03)", "panel": "CL 139 - KR 102A", "audio": "Calle 139 Carrera 102 A", "zonas_nuevas": "C", "globalid": "{9F71AA3F-7876-464E-9CA0-6D01DEDE9F88}" }, "geometry": { "type": "Point", "coordinates": [ -74.095753348918393, 4.740631556562303 ] } },
{ "type": "Feature", "properties": { "objectid": 6617, "cenefa": "546A03", "zona_sitp": "03", "nombre": "Humedal Juan Amarillo", "via": "KR 91", "direccion_bandera": "KR 91 - CL 99A", "localidad": "Suba", "longitud": -74.094023979999989, "latitud": 4.71642604, "consecutivo_zona": "546", "tipo_m_s": "M", "consola": "KR 91 - CL 99A  (546A03)", "panel": "KR 91 - CL 99A", "audio": "Carrera 91 Calle 99 A", "zonas_nuevas": "C", "globalid": "{8C70B369-B3BB-4F6F-A035-4BB12D343780}" }, "geometry": { "type": "Point", "coordinates": [ -74.09402398070128, 4.716426040305445 ] } },
{ "type": "Feature", "properties": { "objectid": 6622, "cenefa": "546B03", "zona_sitp": "03", "nombre": "Humedal Juan Amarillo", "via": "KR 91", "direccion_bandera": "KR 91 - CL 90A", "localidad": "Suba", "longitud": -74.09343639000001, "latitud": 4.71682143, "consecutivo_zona": "546", "tipo_m_s": "M", "consola": "KR 91 - CL 90A (546B03)", "panel": "KR 91 - CL 90A", "audio": "Carrera 91 Calle 90 A", "zonas_nuevas": "C", "globalid": "{AC1F1D15-2F59-4527-99CB-A18A0531B86E}" }, "geometry": { "type": "Point", "coordinates": [ -74.093436386270739, 4.716821431069869 ] } },
{ "type": "Feature", "properties": { "objectid": 6623, "cenefa": "547A03", "zona_sitp": "03", "nombre": "Portal de Suba", "via": "Av. Suba", "direccion_bandera": "AV. Suba - KR 103C", "localidad": "Suba", "longitud": -74.09494387, "latitud": 4.74571277, "consecutivo_zona": "547", "tipo_m_s": "S", "consola": "AV. Suba - KR 103C (547A03)", "panel": "AV. Suba - KR 103C", "audio": "Avenida Suba Carrera 103 C", "zonas_nuevas": "C", "globalid": "{BF811BE1-32D4-4623-A792-BB29489EEDCB}" }, "geometry": { "type": "Point", "coordinates": [ -74.094943864693718, 4.745712773710227 ] } },
{ "type": "Feature", "properties": { "objectid": 6630, "cenefa": "548A03", "zona_sitp": "03", "nombre": "Br. Java I Sector", "via": "Av. Suba", "direccion_bandera": "AV. Suba - KR 95B", "localidad": "Suba", "longitud": -74.08850917, "latitud": 4.74063479, "consecutivo_zona": "548", "tipo_m_s": "S", "consola": "AV. Suba - KR 95B (548A03)", "panel": "AV. Suba - KR 95B", "audio": "Avenida Suba Carrera 95 Be", "zonas_nuevas": "C", "globalid": "{9E96E87A-E2C6-42B1-9F28-56043F0CF539}" }, "geometry": { "type": "Point", "coordinates": [ -74.088509174336352, 4.740634793549879 ] } },
{ "type": "Feature", "properties": { "objectid": 6643, "cenefa": "550A03", "zona_sitp": "03", "nombre": "Palma Aldea", "via": "AK 91", "direccion_bandera": "AK 91 - CL 130 Bis", "localidad": "Suba", "longitud": -74.08908014, "latitud": 4.7265636, "consecutivo_zona": "550", "tipo_m_s": "S", "consola": "AK 91 - CL 130 Bis (550A03)", "panel": "AK 91 - CL 130 Bis", "audio": "Avenida Carrera 91 Calle 130 Bis", "zonas_nuevas": "C", "globalid": "{99B21D9C-95EB-4A4E-BCD9-F95C1FE2CAB4}" }, "geometry": { "type": "Point", "coordinates": [ -74.089080134994404, 4.726563595856106 ] } },
{ "type": "Feature", "properties": { "objectid": 6659, "cenefa": "553A03", "zona_sitp": "03", "nombre": "Portal de Pontevedra", "via": "KR 71", "direccion_bandera": "KR 71 - CL 97", "localidad": "Suba", "longitud": -74.08005807, "latitud": 4.69554188, "consecutivo_zona": "553", "tipo_m_s": "S", "consola": "KR 71 - CL 97 (553A03)", "panel": "KR 71 - CL 97", "audio": "Carrera 71 Calle 97", "zonas_nuevas": "D", "globalid": "{7354A278-8FF3-4C58-A8F1-A3DA8C39CDB9}" }, "geometry": { "type": "Point", "coordinates": [ -74.080058066021138, 4.69554187541049 ] } },
{ "type": "Feature", "properties": { "objectid": 6724, "cenefa": "563A03", "zona_sitp": "03", "nombre": " El Poa", "via": "Av. Suba", "direccion_bandera": "Av. Suba - KR 103B", "localidad": "Suba", "longitud": -74.09466611000001, "latitud": 4.74515416, "consecutivo_zona": "563", "tipo_m_s": "S", "consola": "AV. Suba - KR 103B (563A03)", "panel": "Av. Suba - KR 103B", "audio": "Avenida Suba Carrera 103 Be", "zonas_nuevas": "C", "globalid": "{59954440-8A8F-4CE6-A963-495454BD2236}" }, "geometry": { "type": "Point", "coordinates": [ -74.094666109879199, 4.745154163835396 ] } },
{ "type": "Feature", "properties": { "objectid": 6730, "cenefa": "564A03", "zona_sitp": "03", "nombre": " Las Flores", "via": "Av. Suba", "direccion_bandera": "AV. Suba - KR 96", "localidad": "Suba", "longitud": -74.08852927, "latitud": 4.7402118, "consecutivo_zona": "564", "tipo_m_s": "S", "consola": "AV. Suba - KR 96 (564A03)", "panel": "AV. Suba - KR 96", "audio": "Avenida Suba Carrera 96", "zonas_nuevas": "C", "globalid": "{3F3D6225-E2FF-49CA-BE1A-57AC8A1E1BFC}" }, "geometry": { "type": "Point", "coordinates": [ -74.088529269271845, 4.74021179980774 ] } },
{ "type": "Feature", "properties": { "objectid": 6743, "cenefa": "566A03", "zona_sitp": "03", "nombre": "Br. Los Almendros del Norte", "via": "KR 114", "direccion_bandera": "KR 114 - CL 152D", "localidad": "Suba", "longitud": -74.09801441, "latitud": 4.75783042, "consecutivo_zona": "566", "tipo_m_s": "S", "consola": "KR 114 - CL 152D (566A03)", "panel": "KR 114 - CL 152D", "audio": "Carrera 114 Calle 152 D", "zonas_nuevas": "C", "globalid": "{5BD3469F-6268-432B-841B-2CB31EE241F1}" }, "geometry": { "type": "Point", "coordinates": [ -74.098014412700024, 4.757830418954207 ] } },
{ "type": "Feature", "properties": { "objectid": 6748, "cenefa": "567A03", "zona_sitp": "03", "nombre": "Br. Pinos de Lombardía", "via": "AC  153", "direccion_bandera": "AC 153 - KR 108", "localidad": "Suba", "longitud": -74.09422837, "latitud": 4.75572366, "consecutivo_zona": "567", "tipo_m_s": "S", "consola": "AC 153 - KR 108 (567A03)", "panel": "AC 153 - KR 108", "audio": "Avenida Calle 153 Carrera 108", "zonas_nuevas": "C", "globalid": "{A1A172A8-8E6E-4DB0-89C2-5A7FFB6C5917}" }, "geometry": { "type": "Point", "coordinates": [ -74.094228369313029, 4.755723656928827 ] } },
{ "type": "Feature", "properties": { "objectid": 6751, "cenefa": "568A03", "zona_sitp": "03", "nombre": "Br. La Estrella I", "via": "KR 129", "direccion_bandera": "KR 129 - CL 132A", "localidad": "Suba", "longitud": -74.11349041, "latitud": 4.74110081, "consecutivo_zona": "568", "tipo_m_s": "S", "consola": "KR 129 - CL 132A (568A03)", "panel": "KR 129 - CL 132A", "audio": "Carrera 129 Calle 132 A", "zonas_nuevas": "C", "globalid": "{DBAB336D-3795-43A4-98FD-4EA3A343EC3C}" }, "geometry": { "type": "Point", "coordinates": [ -74.113490409204161, 4.741100811011465 ] } },
{ "type": "Feature", "properties": { "objectid": 6757, "cenefa": "569A03", "zona_sitp": "03", "nombre": "Escuela de Carabineros", "via": "Tv 77", "direccion_bandera": "TV 77 - CL 146A", "localidad": "Suba", "longitud": -74.07417812, "latitud": 4.73700882, "consecutivo_zona": "569", "tipo_m_s": "S", "consola": "TV 77 - CL 146A (569A03)", "panel": "TV 77 - CL 146A", "audio": "Transversal 77 Calle 146 A", "zonas_nuevas": "C", "globalid": "{DA689AD4-C71A-4C6B-805B-09280D46989A}" }, "geometry": { "type": "Point", "coordinates": [ -74.074178120748158, 4.737008815263953 ] } },
{ "type": "Feature", "properties": { "objectid": 6795, "cenefa": "576A03", "zona_sitp": "03", "nombre": "Br. Suba Urbano", "via": "KR 90", "direccion_bandera": "KR 90 - CL 150", "localidad": "Suba", "longitud": -74.08267955, "latitud": 4.74543099, "consecutivo_zona": "576", "tipo_m_s": "S", "consola": "KR 90 - CL 150 (576A03)", "panel": "KR 90 - CL 150", "audio": "Carrera 90 Calle 150", "zonas_nuevas": "C", "globalid": "{7414B68F-4B57-4F92-BEEC-B7A7B4099424}" }, "geometry": { "type": "Point", "coordinates": [ -74.082679546566297, 4.745430988912784 ] } },
{ "type": "Feature", "properties": { "objectid": 6803, "cenefa": "577A03", "zona_sitp": "03", "nombre": "Suba Centro", "via": "KR 90", "direccion_bandera": "KR 90 - CL 147B", "localidad": "Suba", "longitud": -74.08338922, "latitud": 4.74220208, "consecutivo_zona": "577", "tipo_m_s": "S", "consola": "KR 90 - CL 147B (577A03)", "panel": "KR 90 - CL 147B", "audio": "Carrera 90 Calle 147 Be", "zonas_nuevas": "C", "globalid": "{D4049345-82C4-4395-B917-A736994A34B8}" }, "geometry": { "type": "Point", "coordinates": [ -74.083389215359574, 4.742202082353563 ] } },
{ "type": "Feature", "properties": { "objectid": 6809, "cenefa": "578A03", "zona_sitp": "03", "nombre": "Br. Niza Sur", "via": "Av. Suba", "direccion_bandera": "AV. Suba - CL 126", "localidad": "Suba", "longitud": -74.07202155, "latitud": 4.70974804, "consecutivo_zona": "578", "tipo_m_s": "S", "consola": "AV. Suba - CL 126 (578A03)", "panel": "AV. Suba - CL 126", "audio": "Avenida Suba Calle 126", "zonas_nuevas": "C", "globalid": "{5534DDCA-F1E5-4FCF-AE6D-4DCD7D455BAB}" }, "geometry": { "type": "Point", "coordinates": [ -74.072021553394535, 4.709748037583702 ] } },
{ "type": "Feature", "properties": { "objectid": 6816, "cenefa": "579A03", "zona_sitp": "03", "nombre": "C.C. Plaza Imperial", "via": "AV. C. de Cali", "direccion_bandera": "AV. C. de Cali - AV. Suba", "localidad": "Suba", "longitud": -74.09556175, "latitud": 4.74809021, "consecutivo_zona": "579", "tipo_m_s": "S", "consola": "AV. C. de Cali - AV. Suba (579A03)", "panel": "AV. C. de Cali - AV. Suba", "audio": "Avenida Ciudad de Cali Avenida Suba", "zonas_nuevas": "C", "globalid": "{656C960C-F679-4690-8816-6541D9086C20}" }, "geometry": { "type": "Point", "coordinates": [ -74.095561749205373, 4.748090213216722 ] } },
{ "type": "Feature", "properties": { "objectid": 6824, "cenefa": "580A03", "zona_sitp": "03", "nombre": "Br. La Gaitana", "via": "CL 139", "direccion_bandera": "CL 139 - KR 118", "localidad": "Suba", "longitud": -74.1072062, "latitud": 4.74487027, "consecutivo_zona": "580", "tipo_m_s": "S", "consola": "CL 139 - KR 118 (580A03)", "panel": "CL 139 - KR 118", "audio": "Calle 139 Carrera 118", "zonas_nuevas": "C", "globalid": "{CC26122E-D313-4ED3-B592-F997F6FC1654}" }, "geometry": { "type": "Point", "coordinates": [ -74.107206205042019, 4.744870266906783 ] } },
{ "type": "Feature", "properties": { "objectid": 6832, "cenefa": "581A03", "zona_sitp": "03", "nombre": "Br. Las Flores", "via": "CL 139", "direccion_bandera": "CL 139 - KR 109", "localidad": "Suba", "longitud": -74.100914, "latitud": 4.74259465, "consecutivo_zona": "581", "tipo_m_s": "S", "consola": "CL 139 - KR 109 (581A03)", "panel": "CL 139 - KR 109", "audio": "Calle 139 Carrera 109", "zonas_nuevas": "C", "globalid": "{FA2FD99F-0FFC-4444-ABD0-06C23026826B}" }, "geometry": { "type": "Point", "coordinates": [ -74.100914003027242, 4.742594654098922 ] } },
{ "type": "Feature", "properties": { "objectid": 6865, "cenefa": "586A03", "zona_sitp": "03", "nombre": "Portal Suba", "via": "Av. Suba", "direccion_bandera": "Av. Suba - KR 103B", "localidad": "Suba", "longitud": -74.09538078, "latitud": 4.74790289, "consecutivo_zona": "586", "tipo_m_s": "S", "consola": "Av. Suba - KR 103B (586A03)", "panel": "Av. Suba - KR 103B", "audio": "Avenida Suba Carrera 103 Be", "zonas_nuevas": "C", "globalid": "{DD077D09-E1E8-4041-B88E-B17D798BC58C}" }, "geometry": { "type": "Point", "coordinates": [ -74.095380778130647, 4.747902886167437 ] } },
{ "type": "Feature", "properties": { "objectid": 6871, "cenefa": "587A03", "zona_sitp": "03", "nombre": "Club Los Lagartos", "via": "AV. Boyacá", "direccion_bandera": "AV. Boyacá - CL 119", "localidad": "Suba", "longitud": -74.08169263, "latitud": 4.70705386, "consecutivo_zona": "587", "tipo_m_s": "M", "consola": "AV. Boyacá - CL 119 (587A03)", "panel": "AV. Boyacá - CL 119", "audio": "Avenida Boyacá Calle 119", "zonas_nuevas": "C", "globalid": "{6957A294-70FD-4106-97B2-3B0E73810441}" }, "geometry": { "type": "Point", "coordinates": [ -74.081692629280766, 4.707053859041126 ] } },
{ "type": "Feature", "properties": { "objectid": 6876, "cenefa": "587B03", "zona_sitp": "03", "nombre": "Club Los Lagartos", "via": "AV. Boyacá", "direccion_bandera": "AV. Boyacá - CL 119", "localidad": "Suba", "longitud": -74.08154276, "latitud": 4.70734204, "consecutivo_zona": "587", "tipo_m_s": "M", "consola": "AV. Boyacá - CL 119 (587B03)", "panel": "AV. Boyacá - CL 119", "audio": "Avenida Boyacá Calle 119", "zonas_nuevas": "C", "globalid": "{57730545-C4A0-4548-AE4C-A6D4591A4762}" }, "geometry": { "type": "Point", "coordinates": [ -74.081542756059932, 4.707342034953609 ] } },
{ "type": "Feature", "properties": { "objectid": 6880, "cenefa": "588A03", "zona_sitp": "03", "nombre": "Br. Tuna Alta", "via": "KR 88", "direccion_bandera": "KR 88 - CL 156", "localidad": "Suba", "longitud": -74.0781971, "latitud": 4.75042471, "consecutivo_zona": "588", "tipo_m_s": "S", "consola": "KR 88 - CL 156 (588A03)", "panel": "KR 88 - CL 156", "audio": "Carrera 88 Calle 156", "zonas_nuevas": "C", "globalid": "{8CC9BA0F-A540-4E51-9B39-53C13A7F9F37}" }, "geometry": { "type": "Point", "coordinates": [ -74.078197100425484, 4.750424705666677 ] } },
{ "type": "Feature", "properties": { "objectid": 6885, "cenefa": "589A03", "zona_sitp": "03", "nombre": "Br. Tuna Alta", "via": "KR 88", "direccion_bandera": "KR 88 - CL 156A", "localidad": "Suba", "longitud": -74.07798087, "latitud": 4.75057329, "consecutivo_zona": "589", "tipo_m_s": "S", "consola": "KR 88 - CL 156A (589A03)", "panel": "KR 88 - CL 156A", "audio": "Carrera 88 Calle 156 A", "zonas_nuevas": "C", "globalid": "{7B7B3A3B-A453-4B0D-B48E-3C98C32ACB79}" }, "geometry": { "type": "Point", "coordinates": [ -74.077980867632846, 4.750573286233513 ] } },
{ "type": "Feature", "properties": { "objectid": 6892, "cenefa": "590A03", "zona_sitp": "03", "nombre": "Br. Tuna Alta", "via": "KR 88", "direccion_bandera": "KR 88 - CL 154A", "localidad": "Suba", "longitud": -74.07906335, "latitud": 4.74909919, "consecutivo_zona": "590", "tipo_m_s": "S", "consola": "KR 88 - CL 154A (590A03)", "panel": "KR 88 - CL 154A", "audio": "Carrera 88 Calle 154 A", "zonas_nuevas": "C", "globalid": "{C3C236F3-C60B-4499-B9ED-4C0967CAFC4D}" }, "geometry": { "type": "Point", "coordinates": [ -74.079063345061741, 4.749099187023914 ] } },
{ "type": "Feature", "properties": { "objectid": 6899, "cenefa": "591A03", "zona_sitp": "03", "nombre": "Br. Tuna Alta", "via": "KR 88", "direccion_bandera": "KR 88 - CL 154A", "localidad": "Suba", "longitud": -74.07901776, "latitud": 4.74905149, "consecutivo_zona": "591", "tipo_m_s": "S", "consola": "KR 88 - CL 154A (591A03)", "panel": "KR 88 - CL 154A", "audio": "Carrera 88 Calle 154 A", "zonas_nuevas": "C", "globalid": "{DEE81B77-9A70-418F-855A-7BE40DF6F184}" }, "geometry": { "type": "Point", "coordinates": [ -74.079017760798777, 4.749051491248978 ] } },
{ "type": "Feature", "properties": { "objectid": 6906, "cenefa": "592A03", "zona_sitp": "03", "nombre": "Br. Las Flores", "via": "KR 92", "direccion_bandera": "KR 92 - CL 146", "localidad": "Suba", "longitud": -74.0853249, "latitud": 4.73977108, "consecutivo_zona": "592", "tipo_m_s": "S", "consola": "KR 92 - CL 146 (592A03)", "panel": "KR 92 - CL 146", "audio": "Carrera 92 Calle 146", "zonas_nuevas": "C", "globalid": "{9F9C82B8-25EA-44BF-BBD7-96C92CEC69DF}" }, "geometry": { "type": "Point", "coordinates": [ -74.085324898763346, 4.739771077696047 ] } },
{ "type": "Feature", "properties": { "objectid": 6914, "cenefa": "593A03", "zona_sitp": "03", "nombre": "Br. Rincón de Suba", "via": "AV. C. de Cali", "direccion_bandera": "AV. C. de Cali - KR 93C", "localidad": "Suba", "longitud": -74.09583299, "latitud": 4.7210366, "consecutivo_zona": "593", "tipo_m_s": "S", "consola": "AV. C. de Cali - KR 93C (593A03)", "panel": "AV. C. de Cali - KR 93C", "audio": "Avenida Ciudad de Cali Carrera 93 C", "zonas_nuevas": "C", "globalid": "{FA58FEFD-8011-4931-833B-B7745C93122B}" }, "geometry": { "type": "Point", "coordinates": [ -74.095832992383606, 4.721036600098637 ] } },
{ "type": "Feature", "properties": { "objectid": 6920, "cenefa": "594A03", "zona_sitp": "03", "nombre": "Humedal Juan Amarillo", "via": "KR 95A", "direccion_bandera": "KR 95A - CL 127C", "localidad": "Suba", "longitud": -74.09727786000001, "latitud": 4.72336365, "consecutivo_zona": "594", "tipo_m_s": "S", "consola": "KR 95A - CL 127C (594A03)", "panel": "KR 95A - CL 127C", "audio": "Carrera 95 A Calle 127 C", "zonas_nuevas": "C", "globalid": "{2BB1D123-6F9B-4323-B6C4-567FAAD61A06}" }, "geometry": { "type": "Point", "coordinates": [ -74.09727785673509, 4.723363652068209 ] } },
{ "type": "Feature", "properties": { "objectid": 6926, "cenefa": "595A03", "zona_sitp": "03", "nombre": "Br. El Rincón", "via": "KR 95A", "direccion_bandera": "KR 95A - CL 128BIS", "localidad": "Suba", "longitud": -74.09604408, "latitud": 4.7244834, "consecutivo_zona": "595", "tipo_m_s": "S", "consola": "KR 95A - CL 128BIS (595A03)", "panel": "KR 95A - CL 128BIS", "audio": "Carrera 95 Calle 128 Bis", "zonas_nuevas": "C", "globalid": "{CF6AD8DE-9D9F-4C13-9BD7-668375CBD1DB}" }, "geometry": { "type": "Point", "coordinates": [ -74.096044081606124, 4.724483398298456 ] } },
{ "type": "Feature", "properties": { "objectid": 6931, "cenefa": "596A03", "zona_sitp": "03", "nombre": "Br. Costa Rica", "via": "KR 93", "direccion_bandera": "KR 93 - CL 130A", "localidad": "Suba", "longitud": -74.09009248000001, "latitud": 4.72735745, "consecutivo_zona": "596", "tipo_m_s": "S", "consola": "KR 93 - CL 130A (596A03)", "panel": "KR 93 - CL 130A", "audio": "Carrera 93 Calle 130 A", "zonas_nuevas": "C", "globalid": "{B9B81126-1BCF-4B0F-BA95-CD53DD5B7544}" }, "geometry": { "type": "Point", "coordinates": [ -74.090092481279257, 4.727357448314643 ] } },
{ "type": "Feature", "properties": { "objectid": 6935, "cenefa": "597A01", "zona_sitp": "01", "nombre": "C.C. Santafé", "via": "AC 183", "direccion_bandera": "AC 183 – Auto Norte", "localidad": "Suba", "longitud": -74.04722298, "latitud": 4.76093494, "consecutivo_zona": "597", "tipo_m_s": "S", "consola": "AC 183 – Auto Norte (597A01)", "panel": "AC 183 – Auto Norte", "audio": "Avenida Calle 183 Autopista Norte", "zonas_nuevas": "B", "globalid": "{6D573E1A-6160-412C-9C4A-3EDA4410A94C}" }, "geometry": { "type": "Point", "coordinates": [ -74.047222983406598, 4.760934937939283 ] } },
{ "type": "Feature", "properties": { "objectid": 6936, "cenefa": "597A03", "zona_sitp": "03", "nombre": "Br. Rincón-Escuela", "via": "KR 93", "direccion_bandera": "KR 93 - CL 129BBis", "localidad": "Suba", "longitud": -74.090592, "latitud": 4.726081, "consecutivo_zona": "597", "tipo_m_s": "S", "consola": "KR 93 - CL 129BBis (597A03)", "panel": "KR 93 - CL 129BBis", "audio": "Carrera 93 Calle 129 Be Bis", "zonas_nuevas": "C", "globalid": "{A6E44A6C-DCB6-44CE-8A44-65E6B75FEA3B}" }, "geometry": { "type": "Point", "coordinates": [ -74.090591999790846, 4.726080999574743 ] } },
{ "type": "Feature", "properties": { "objectid": 6941, "cenefa": "598A03", "zona_sitp": "03", "nombre": "Br. El Rubí", "via": "KR 93", "direccion_bandera": "KR 93 - CL 128BBisA", "localidad": "Suba", "longitud": -74.0918463, "latitud": 4.723449, "consecutivo_zona": "598", "tipo_m_s": "S", "consola": "KR 93 - CL 128BBisA (598A03)", "panel": "KR 93 - CL 128BBisA", "audio": "Carrera 93 Calle 128 Be Bis A", "zonas_nuevas": "C", "globalid": "{966AD192-F739-4D5D-BDCA-3D4D435C58DC}" }, "geometry": { "type": "Point", "coordinates": [ -74.091846301004836, 4.72344900398854 ] } },
{ "type": "Feature", "properties": { "objectid": 6946, "cenefa": "599A03", "zona_sitp": "03", "nombre": "Br. Aures I", "via": "CL 132", "direccion_bandera": "CL 132 - KR 101C", "localidad": "Suba", "longitud": -74.096776, "latitud": 4.735093, "consecutivo_zona": "599", "tipo_m_s": "S", "consola": "CL 132 - KR 101C (599A03)", "panel": "CL 132 - KR 101C", "audio": "Calle 132 Carrera 101 C", "zonas_nuevas": "C", "globalid": "{836D49DA-4D8F-4A59-905C-86D5BCF80D52}" }, "geometry": { "type": "Point", "coordinates": [ -74.096776000333293, 4.735093000027448 ] } },
{ "type": "Feature", "properties": { "objectid": 6952, "cenefa": "600A03", "zona_sitp": "03", "nombre": "Br. Aures I", "via": "CL 132", "direccion_bandera": "CL 132 - KR 101A", "localidad": "Suba", "longitud": -74.09658086, "latitud": 4.73458369, "consecutivo_zona": "600", "tipo_m_s": "S", "consola": "CL 132 - KR 101A (600A03)", "panel": "CL 132 - KR 101A", "audio": "Calle 132 Carrera 101 A", "zonas_nuevas": "C", "globalid": "{75A1FFCF-C4C7-4AE3-9FE6-895704714535}" }, "geometry": { "type": "Point", "coordinates": [ -74.09658086477657, 4.734583686761165 ] } },
{ "type": "Feature", "properties": { "objectid": 6959, "cenefa": "601A03", "zona_sitp": "03", "nombre": "Br. Fonatanar del río", "via": "TV 142", "direccion_bandera": "TV 142 - DG 150", "localidad": "Suba", "longitud": -74.116715, "latitud": 4.758706, "consecutivo_zona": "601", "tipo_m_s": "S", "consola": "TV 142 - DG 150 (601A03)", "panel": "TV 142 - DG 150", "audio": "Transversal 142 Diagonal 150", "zonas_nuevas": "C", "globalid": "{52EBC3D9-D532-4D48-BC1D-0884604B32E2}" }, "geometry": { "type": "Point", "coordinates": [ -74.116714999872613, 4.758705999799198 ] } },
{ "type": "Feature", "properties": { "objectid": 6966, "cenefa": "602A03", "zona_sitp": "03", "nombre": "Br. Fonatanar del río", "via": "TV 142", "direccion_bandera": "TV 142 - DG 150", "localidad": "Suba", "longitud": -74.117672, "latitud": 4.757831, "consecutivo_zona": "602", "tipo_m_s": "S", "consola": "TV 142 - DG 150 (602A03)", "panel": "TV 142 - DG 150", "audio": "Transversal 142 - Diagonal 150", "zonas_nuevas": "C", "globalid": "{6385C65A-2F2D-4588-9D58-136E1CA4F7E5}" }, "geometry": { "type": "Point", "coordinates": [ -74.117671999674073, 4.757830999799307 ] } },
{ "type": "Feature", "properties": { "objectid": 6972, "cenefa": "603A03", "zona_sitp": "03", "nombre": "Urb. Familiar Potosí I Sector", "via": "CL 97", "direccion_bandera": "CL 97 - AV. Boyacá", "localidad": "Suba", "longitud": -74.08245543000001, "latitud": 4.69708649, "consecutivo_zona": "603", "tipo_m_s": "S", "consola": "CL 97 - AV. Boyacá (603A03)", "panel": "CL 97 - AV. Boyacá", "audio": "Calle 97 Avenida Boyacá", "zonas_nuevas": "D", "globalid": "{F63D8BA1-AC7E-432F-921B-0D60BB295901}" }, "geometry": { "type": "Point", "coordinates": [ -74.082455427247552, 4.697086490341428 ] } },
{ "type": "Feature", "properties": { "objectid": 6976, "cenefa": "604A03", "zona_sitp": "03", "nombre": "Urb. Hato Chico", "via": "KR 136A", "direccion_bandera": "KR 136A - DG 151B", "localidad": "Suba", "longitud": -74.10628185, "latitud": 4.75730757, "consecutivo_zona": "604", "tipo_m_s": "S", "consola": "KR 136A - DG 151B (604A03)", "panel": "KR 136A - DG 151B", "audio": "Carrera 136 A Diagonal 151 Be", "zonas_nuevas": "C", "globalid": "{99E42315-0991-4596-97AD-07868DD399DC}" }, "geometry": { "type": "Point", "coordinates": [ -74.106281853244482, 4.757307570265276 ] } },
{ "type": "Feature", "properties": { "objectid": 6983, "cenefa": "605A03", "zona_sitp": "03", "nombre": "Urb. Rodesia I Etapa", "via": "KR 136A", "direccion_bandera": "KR 136A - CL 145", "localidad": "Suba", "longitud": -74.108182359999986, "latitud": 4.75548346, "consecutivo_zona": "605", "tipo_m_s": "S", "consola": "KR 136A - CL 145 (605A03)", "panel": "KR 136A - CL 145", "audio": "Carrera 136 A Calle 145", "zonas_nuevas": "C", "globalid": "{4E9ABBD4-471A-443C-9B9F-A3F4996E8E3D}" }, "geometry": { "type": "Point", "coordinates": [ -74.108182362425097, 4.75548346230943 ] } },
{ "type": "Feature", "properties": { "objectid": 6988, "cenefa": "606A03", "zona_sitp": "03", "nombre": "Urb. Rodesia I Etapa", "via": "CL 145", "direccion_bandera": "CL 145 - KR 136A", "localidad": "Suba", "longitud": -74.110118, "latitud": 4.753974, "consecutivo_zona": "606", "tipo_m_s": "S", "consola": "CL 145 - KR 136A (606A03)", "panel": "CL 145 - KR 136A", "audio": "Calle 145 Carrera 136 A", "zonas_nuevas": "C", "globalid": "{8C41868F-0684-4B23-B9F5-27E9CDC0C13A}" }, "geometry": { "type": "Point", "coordinates": [ -74.110118000157982, 4.753974000119567 ] } },
{ "type": "Feature", "properties": { "objectid": 6994, "cenefa": "607A03", "zona_sitp": "03", "nombre": "Urb. Los Campos", "via": "KR 129", "direccion_bandera": "KR 129 - CL 137B", "localidad": "Suba", "longitud": -74.11139058000001, "latitud": 4.74588612, "consecutivo_zona": "607", "tipo_m_s": "M", "consola": "KR 129 - CL 137B (607A03)", "panel": "KR 129 - CL 137B", "audio": "Carrera 129 - Calle 137 Be", "zonas_nuevas": "C", "globalid": "{39D9074D-5B19-4F86-8699-D8E30A25CF97}" }, "geometry": { "type": "Point", "coordinates": [ -74.111390576835419, 4.745886120312032 ] } },
{ "type": "Feature", "properties": { "objectid": 6998, "cenefa": "607B03", "zona_sitp": "03", "nombre": "Urb. Los Campos", "via": "CL 139", "direccion_bandera": "CL 139 - KR 129", "localidad": "Suba", "longitud": -74.110986, "latitud": 4.746121, "consecutivo_zona": "607", "tipo_m_s": "M", "consola": "CL 139 - KR 129 (607B03)", "panel": "CL 139 - KR 129", "audio": "Calle 139 Carrera 129", "zonas_nuevas": "C", "globalid": "{024DE6DD-2DCA-490B-AEF9-F54CD24DB973}" }, "geometry": { "type": "Point", "coordinates": [ -74.110985999696354, 4.746121000377189 ] } },
{ "type": "Feature", "properties": { "objectid": 7001, "cenefa": "608A03", "zona_sitp": "03", "nombre": "IED José María Velaz", "via": "KR 131", "direccion_bandera": "KR 131 - CL 133", "localidad": "Suba", "longitud": -74.11272266, "latitud": 4.7442324, "consecutivo_zona": "608", "tipo_m_s": "S", "consola": "KR 131 - CL 133 (608A03)", "panel": "KR 131 - CL 133", "audio": "Carrera 131 Calle 133", "zonas_nuevas": "C", "globalid": "{E2E9B7D6-840F-47BC-A514-5A64B9AD9FC4}" }, "geometry": { "type": "Point", "coordinates": [ -74.112722664321922, 4.744232403193898 ] } },
{ "type": "Feature", "properties": { "objectid": 7006, "cenefa": "609A03", "zona_sitp": "03", "nombre": "Urb. Los Campos", "via": "KR 129", "direccion_bandera": "KR 129 - CL 138", "localidad": "Suba", "longitud": -74.11137462000001, "latitud": 4.74564534, "consecutivo_zona": "609", "tipo_m_s": "S", "consola": "KR 129 - CL 138 (609A03)", "panel": "KR 129 - CL 138", "audio": "Carrera 129 - Calle 138", "zonas_nuevas": "C", "globalid": "{F6BF3BBB-1AD3-4638-A762-40B9445AF180}" }, "geometry": { "type": "Point", "coordinates": [ -74.111374615992503, 4.745645340271033 ] } },
{ "type": "Feature", "properties": { "objectid": 7010, "cenefa": "610A03", "zona_sitp": "03", "nombre": "Urb. Rodesia I Etapa", "via": "KR 136A", "direccion_bandera": "KR 136A - CL 145", "localidad": "Suba", "longitud": -74.10854485, "latitud": 4.75507119, "consecutivo_zona": "610", "tipo_m_s": "S", "consola": "KR 136A - CL 145 (610A03)", "panel": "KR 136A - CL 145", "audio": "Carrera 136 A Calle 145", "zonas_nuevas": "C", "globalid": "{C327379D-AA6E-4981-AA42-A8A63BD365B9}" }, "geometry": { "type": "Point", "coordinates": [ -74.108544849081596, 4.755071190627649 ] } },
{ "type": "Feature", "properties": { "objectid": 7017, "cenefa": "611A03", "zona_sitp": "03", "nombre": "Br. Compartir Suba", "via": "KR 128", "direccion_bandera": "KR 128 - DG 146", "localidad": "Suba", "longitud": -74.10621554000001, "latitud": 4.75532877, "consecutivo_zona": "611", "tipo_m_s": "S", "consola": "KR 128 - DG 146 (611A03)", "panel": "KR 128 - DG 146", "audio": "Carrera 128 - Diagonal 146", "zonas_nuevas": "C", "globalid": "{BC370AC5-999F-4486-AFE4-78DA0BD64554}" }, "geometry": { "type": "Point", "coordinates": [ -74.106215537337178, 4.755328767710076 ] } },
{ "type": "Feature", "properties": { "objectid": 7023, "cenefa": "612A03", "zona_sitp": "03", "nombre": "Urb. Hato Chico", "via": "KR 136A", "direccion_bandera": "KR 136A - DG 151", "localidad": "Suba", "longitud": -74.10659056, "latitud": 4.75692556, "consecutivo_zona": "612", "tipo_m_s": "S", "consola": "KR 136A - DG 151 (612A03)", "panel": "KR 136A - DG 151", "audio": "Carrera 136 A Diagonal 151", "zonas_nuevas": "C", "globalid": "{589289FB-E0BF-45C5-94B1-1FC78AD9E528}" }, "geometry": { "type": "Point", "coordinates": [ -74.106590556755805, 4.756925557261947 ] } },
{ "type": "Feature", "properties": { "objectid": 7028, "cenefa": "613A03", "zona_sitp": "03", "nombre": "Br. Niza Sur", "via": "Av. Suba", "direccion_bandera": "Av. Suba - CL 118", "localidad": "Suba", "longitud": -74.07088933, "latitud": 4.70392899, "consecutivo_zona": "613", "tipo_m_s": "S", "consola": "Av. Suba - CL 118 (613A03)", "panel": "Av. Suba - CL 118", "audio": "Avenida Suba Calle 118", "zonas_nuevas": "C", "globalid": "{20027404-34A2-4D7E-85D5-7CF9B5F041E3}" }, "geometry": { "type": "Point", "coordinates": [ -74.070889332604182, 4.703928989956508 ] } },
{ "type": "Feature", "properties": { "objectid": 7033, "cenefa": "614A03", "zona_sitp": "03", "nombre": "Br. Villa Lorena", "via": "Av. Suba", "direccion_bandera": "AV. Suba - KR 84A", "localidad": "Suba", "longitud": -74.08209289, "latitud": 4.73684693, "consecutivo_zona": "614", "tipo_m_s": "S", "consola": "AV. Suba - KR 84A (614A03)", "panel": "AV. Suba - KR 84A", "audio": "Avenida Suba Carrera 84 A", "zonas_nuevas": "C", "globalid": "{C568E736-24CD-4680-AB78-F7A8099BBC31}" }, "geometry": { "type": "Point", "coordinates": [ -74.082092889636186, 4.736846930700692 ] } },
{ "type": "Feature", "properties": { "objectid": 7038, "cenefa": "615A03", "zona_sitp": "03", "nombre": "Br. Niza Norte", "via": "CL 128B", "direccion_bandera": "CL 128B - TV 60", "localidad": "Suba", "longitud": -74.07456323, "latitud": 4.71832944, "consecutivo_zona": "615", "tipo_m_s": "S", "consola": "CL 128B - TV 60 (615A03)", "panel": "CL 128B - TV 60", "audio": "Calle 128 Be Transversal 60", "zonas_nuevas": "C", "globalid": "{9A074C9E-2674-4C08-8B0B-2B69AEF3D6AA}" }, "geometry": { "type": "Point", "coordinates": [ -74.074563233084334, 4.718329444404065 ] } },
{ "type": "Feature", "properties": { "objectid": 7049, "cenefa": "617A03", "zona_sitp": "03", "nombre": "Br. Sabana de Tibabuyes Norte", "via": "KR 128", "direccion_bandera": "KR 128 - DG 146", "localidad": "Suba", "longitud": -74.106104, "latitud": 4.755646, "consecutivo_zona": "617", "tipo_m_s": "S", "consola": "KR 128 - DG 146 (617A03)", "panel": "KR 128 - DG 146", "audio": "Carrera 128 Diagonal 146", "zonas_nuevas": "C", "globalid": "{EBAB2A7F-D5E3-4E36-9A30-0EF46587A7C2}" }, "geometry": { "type": "Point", "coordinates": [ -74.106103999800865, 4.755645999609787 ] } },
{ "type": "Feature", "properties": { "objectid": 7055, "cenefa": "618A03", "zona_sitp": "03", "nombre": "Urb. La Fontana", "via": "CL 148", "direccion_bandera": "CL 148 - KR 114G", "localidad": "Suba", "longitud": -74.103269, "latitud": 4.752427, "consecutivo_zona": "618", "tipo_m_s": "S", "consola": "CL 148 - KR 114G (618A03)", "panel": "CL 148 - KR 114G", "audio": "Calle 148 Carrera 144 G", "zonas_nuevas": "C", "globalid": "{4109D868-0794-4C23-A349-58B64C6C8417}" }, "geometry": { "type": "Point", "coordinates": [ -74.103268999717272, 4.752427000064668 ] } },
{ "type": "Feature", "properties": { "objectid": 7060, "cenefa": "619A03", "zona_sitp": "03", "nombre": "Br. Nueva Tibabuyes", "via": "KR 121C", "direccion_bandera": "KR 121C - CL 129D", "localidad": "Suba", "longitud": -74.10594, "latitud": 4.73442, "consecutivo_zona": "619", "tipo_m_s": "S", "consola": "KR 121C - CL 129D (619A03)", "panel": "KR 121C - CL 129D", "audio": "Carrera 121 C Calle 129 D", "zonas_nuevas": "C", "globalid": "{F20F6236-EA45-432E-BA79-79319F2B6FC1}" }, "geometry": { "type": "Point", "coordinates": [ -74.105939999938315, 4.734419999606094 ] } },
{ "type": "Feature", "properties": { "objectid": 7069, "cenefa": "621A03", "zona_sitp": "03", "nombre": "Portal de la Fontana", "via": "KR 111A", "direccion_bandera": "KR 11A - CL 152C", "localidad": "Suba", "longitud": -74.097022, "latitud": 4.756006, "consecutivo_zona": "621", "tipo_m_s": "S", "consola": "KR 11A - CL 152C (621A03)", "panel": "KR 11A - CL 152C", "audio": "Carrera 11 A Calle 152 C", "zonas_nuevas": "C", "globalid": "{DC6F78BC-6ECC-45B2-9877-D7F4B32ABAF5}" }, "geometry": { "type": "Point", "coordinates": [ -74.097022000389771, 4.756006000339531 ] } },
{ "type": "Feature", "properties": { "objectid": 7076, "cenefa": "622A03", "zona_sitp": "03", "nombre": "Br. Rincón de Santa Inés", "via": "Cl 151 B", "direccion_bandera": "CL 151B - KR 115", "localidad": "Suba", "longitud": -74.101999, "latitud": 4.755311, "consecutivo_zona": "622", "tipo_m_s": "S", "consola": "CL 151B - KR 115 (622A03)", "panel": "CL 151B - KR 115", "audio": "Calle 151 Be Carrera 115", "zonas_nuevas": "C", "globalid": "{395EA55D-DEB6-4A26-B29E-B37970812732}" }, "geometry": { "type": "Point", "coordinates": [ -74.101999000176463, 4.755310999914493 ] } },
{ "type": "Feature", "properties": { "objectid": 7083, "cenefa": "623A03", "zona_sitp": "03", "nombre": "Br. Tibabuyes Universal", "via": "CL 139", "direccion_bandera": "CL 139 - TV 127", "localidad": "Suba", "longitud": -74.108791, "latitud": 4.745564, "consecutivo_zona": "623", "tipo_m_s": "S", "consola": "CL 139 - TV 127 (623A03)", "panel": "CL 139 - TV 127", "audio": "Calle 139 Transversal 127", "zonas_nuevas": "C", "globalid": "{25B6CD13-92EE-47C4-9F3F-470DE7C184B9}" }, "geometry": { "type": "Point", "coordinates": [ -74.108791000429207, 4.745564000389685 ] } },
{ "type": "Feature", "properties": { "objectid": 7089, "cenefa": "624A03", "zona_sitp": "03", "nombre": "Br. Toscana", "via": "KR 131", "direccion_bandera": "KR 131 - CL 132D", "localidad": "Suba", "longitud": -74.113287, "latitud": 4.743328, "consecutivo_zona": "624", "tipo_m_s": "S", "consola": "KR 131 - CL 132D (624A03)", "panel": "KR 131 - CL 132D", "audio": "Carrera 131 Calle 132 D", "zonas_nuevas": "C", "globalid": "{497EE68F-4C41-4312-ACB3-8FF6B6A1AF9E}" }, "geometry": { "type": "Point", "coordinates": [ -74.113286999698062, 4.743328000071332 ] } },
{ "type": "Feature", "properties": { "objectid": 7095, "cenefa": "625A03", "zona_sitp": "03", "nombre": "Lago de Suba", "via": "KR 104", "direccion_bandera": "KR 104 - CL 129B", "localidad": "Suba", "longitud": -74.100443, "latitud": 4.730404, "consecutivo_zona": "625", "tipo_m_s": "S", "consola": "KR 104 - CL 129B (625A03)", "panel": "KR 104 - CL 129B", "audio": "Carrera 104 Calle 129 Be", "zonas_nuevas": "C", "globalid": "{BDA652FD-B5E4-4C68-A3CD-5B88B1A8F69A}" }, "geometry": { "type": "Point", "coordinates": [ -74.100443000383095, 4.730404000002102 ] } },
{ "type": "Feature", "properties": { "objectid": 7100, "cenefa": "626A03", "zona_sitp": "03", "nombre": "El Pinar", "via": "Cl 153", "direccion_bandera": "CL 153 - KR 94", "localidad": "Suba", "longitud": -74.083807, "latitud": 4.750268, "consecutivo_zona": "626", "tipo_m_s": "S", "consola": "CL 153 - KR 94 (626A03)", "panel": "CL 153 - KR 94", "audio": "Calle 153 Carrera 94", "zonas_nuevas": "C", "globalid": "{C7B7B406-0A82-4388-9AD9-7E99C8F9D7A7}" }, "geometry": { "type": "Point", "coordinates": [ -74.083806999875037, 4.75026799969157 ] } },
{ "type": "Feature", "properties": { "objectid": 7113, "cenefa": "628A03", "zona_sitp": "03", "nombre": "Bilbao II", "via": "CL 143B", "direccion_bandera": "CL 143B - KR 150A", "localidad": "Suba", "longitud": -74.120617, "latitud": 4.752794, "consecutivo_zona": "628", "tipo_m_s": "S", "consola": "CL 143B - KR 150A (628A03)", "panel": "CL 143B - KR 150A", "audio": "Calle 143 Be Carrera 150 A", "zonas_nuevas": "C", "globalid": "{50467712-B47F-4C8C-A45C-FA1C158E6E9F}" }, "geometry": { "type": "Point", "coordinates": [ -74.120616999790755, 4.752794000068025 ] } },
{ "type": "Feature", "properties": { "objectid": 7119, "cenefa": "629A03", "zona_sitp": "03", "nombre": "Bilbao II", "via": "CL 143B", "direccion_bandera": "CL 143B - KR 150A", "localidad": "Suba", "longitud": -74.120589, "latitud": 4.752745, "consecutivo_zona": "629", "tipo_m_s": "S", "consola": "CL 143B - KR 150A (629A03)", "panel": "CL 143B - KR 150A", "audio": "Calle 143 Be Carrera 150 A", "zonas_nuevas": "C", "globalid": "{9CFFAC66-75BC-4AF3-B1F5-27FA1F629B04}" }, "geometry": { "type": "Point", "coordinates": [ -74.120589000355821, 4.752745000141738 ] } },
{ "type": "Feature", "properties": { "objectid": 7124, "cenefa": "630A03", "zona_sitp": "03", "nombre": "Br. Gilmar", "via": "CL 160", "direccion_bandera": "CL 160 - KR 63", "localidad": "Suba", "longitud": -74.06423, "latitud": 4.743858, "consecutivo_zona": "630", "tipo_m_s": "S", "consola": "CL 160 - KR 63 (630A03)", "panel": "CL 160 - KR 63", "audio": "Calle 160 Carrera 63", "zonas_nuevas": "C", "globalid": "{5DBB18FB-7C7E-40A2-BD8D-4B50B795B313}" }, "geometry": { "type": "Point", "coordinates": [ -74.064229999742565, 4.74385799987594 ] } },
{ "type": "Feature", "properties": { "objectid": 7150, "cenefa": "635A03", "zona_sitp": "03", "nombre": "Nogales de Suba", "via": "KR 129", "direccion_bandera": "KR 129 - CL 132A", "localidad": "Suba", "longitud": -74.113435, "latitud": 4.741385, "consecutivo_zona": "635", "tipo_m_s": "S", "consola": "KR 129 - CL 132A (635A03)", "panel": "KR 129 - CL 132A", "audio": "Carrera 129 Calle 132 A", "zonas_nuevas": "C", "globalid": "{7E872BE1-BE35-4FFB-A47B-3F38416F0955}" }, "geometry": { "type": "Point", "coordinates": [ -74.113434999908051, 4.741384999685003 ] } },
{ "type": "Feature", "properties": { "objectid": 7157, "cenefa": "636A03", "zona_sitp": "03", "nombre": "Urb. Oasis", "via": "KR 111A", "direccion_bandera": "KR 111A - CL 150B", "localidad": "Suba", "longitud": -74.098791, "latitud": 4.752368, "consecutivo_zona": "636", "tipo_m_s": "S", "consola": "KR 111A - CL 150B (636A03)", "panel": "KR 111A - CL 150B", "audio": "Carrera 111 A Calle 150 Be", "zonas_nuevas": "C", "globalid": "{7C264AAD-7204-499C-B926-AF3886CA8457}" }, "geometry": { "type": "Point", "coordinates": [ -74.098790999967292, 4.752368000333457 ] } },
{ "type": "Feature", "properties": { "objectid": 7179, "cenefa": "640A03", "zona_sitp": "03", "nombre": "Br. Salitre Suba", "via": "KR 92", "direccion_bandera": "KR 92 - CL 169B", "localidad": "Suba", "longitud": -74.07804, "latitud": 4.758048, "consecutivo_zona": "640", "tipo_m_s": "S", "consola": "KR 92 - CL 169B (640A03)", "panel": "KR 92 - CL 169B", "audio": "Carrera 92 Calle 169 Be", "zonas_nuevas": "C", "globalid": "{01C1C227-5990-4F4C-B344-D40470B254B2}" }, "geometry": { "type": "Point", "coordinates": [ -74.078040000125569, 4.758048000144632 ] } },
{ "type": "Feature", "properties": { "objectid": 7184, "cenefa": "641A03", "zona_sitp": "03", "nombre": "Br. Aures  II", "via": "CL 130D Bis", "direccion_bandera": "CL 130D Bis - AV. C. de Cali", "localidad": "Suba", "longitud": -74.100933, "latitud": 4.733711, "consecutivo_zona": "641", "tipo_m_s": "S", "consola": "CL 130D Bis - AV. C. de Cali (641A03)", "panel": "CL 130D Bis - AV. C. de Cali", "audio": "Calle 130 D Bis Avenida Ciudad de Cali", "zonas_nuevas": "C", "globalid": "{9C8212F5-05B6-4DBE-A6C9-425BF75B554E}" }, "geometry": { "type": "Point", "coordinates": [ -74.10093299984311, 4.733711000317707 ] } },
{ "type": "Feature", "properties": { "objectid": 7189, "cenefa": "642A03", "zona_sitp": "03", "nombre": "Urb. Maitrella", "via": "Cl 151", "direccion_bandera": "CL 151 - KR 92", "localidad": "Suba", "longitud": -74.085034, "latitud": 4.746893, "consecutivo_zona": "642", "tipo_m_s": "S", "consola": "CL 151 - KR 92 (642A03)", "panel": "CL 151 - KR 92", "audio": "Calle 151 Carrera 92", "zonas_nuevas": "C", "globalid": "{5E0F94A4-0F05-4802-B4A8-15835545AE06}" }, "geometry": { "type": "Point", "coordinates": [ -74.085033999589157, 4.746892999753593 ] } },
{ "type": "Feature", "properties": { "objectid": 7194, "cenefa": "643A03", "zona_sitp": "03", "nombre": "Br. Bosques de San Jorge", "via": "CL 148", "direccion_bandera": "CL 148 - KR 92", "localidad": "Suba", "longitud": -74.085099, "latitud": 4.744349, "consecutivo_zona": "643", "tipo_m_s": "S", "consola": "CL 148 - KR 92 (643A03)", "panel": "CL 148 - KR 92", "audio": "Calle 148 Carrera 92", "zonas_nuevas": "C", "globalid": "{D897F2ED-ACDD-432F-A35E-FD5CE10827B7}" }, "geometry": { "type": "Point", "coordinates": [ -74.085098999615255, 4.744348999902471 ] } },
{ "type": "Feature", "properties": { "objectid": 7199, "cenefa": "644A03", "zona_sitp": "03", "nombre": "Urb. Veracruz", "via": "CL 148", "direccion_bandera": "CL 148 - KR 98", "localidad": "Suba", "longitud": -74.088722, "latitud": 4.745437, "consecutivo_zona": "644", "tipo_m_s": "S", "consola": "CL 148 - KR 98 (644A03)", "panel": "CL 148 - KR 98", "audio": "Calle 148 Carrera 98", "zonas_nuevas": "C", "globalid": "{98C519BD-C062-41A6-914F-295BA1CC80BC}" }, "geometry": { "type": "Point", "coordinates": [ -74.088721999620915, 4.74543699957233 ] } },
{ "type": "Feature", "properties": { "objectid": 7204, "cenefa": "645A03", "zona_sitp": "03", "nombre": "Urb. La Campiña II Sector", "via": "KR 99", "direccion_bandera": "KR 99 - CL 146D", "localidad": "Suba", "longitud": -74.089684, "latitud": 4.743136, "consecutivo_zona": "645", "tipo_m_s": "S", "consola": "KR 99 - CL 146D (645A03)", "panel": "KR 99 - CL 146D", "audio": "Carrera 99 Calle 146D", "zonas_nuevas": "C", "globalid": "{38BA6EB9-4EB1-416B-84EE-AA05181A978D}" }, "geometry": { "type": "Point", "coordinates": [ -74.089683999824416, 4.743136000391118 ] } },
{ "type": "Feature", "properties": { "objectid": 7210, "cenefa": "646A03", "zona_sitp": "03", "nombre": "Suba Urbano", "via": "KR 80", "direccion_bandera": "KR 80 - CL 145", "localidad": "Suba", "longitud": -74.077197, "latitud": 4.735562, "consecutivo_zona": "646", "tipo_m_s": "S", "consola": "KR 80 - CL 145 (646A03)", "panel": "KR 80 - CL 145", "audio": "Carrera 80 Calle 145", "zonas_nuevas": "C", "globalid": "{F82B263B-AC2B-4BB1-9826-CE60F510EECC}" }, "geometry": { "type": "Point", "coordinates": [ -74.07719700019274, 4.735561999835794 ] } },
{ "type": "Feature", "properties": { "objectid": 7215, "cenefa": "647A03", "zona_sitp": "03", "nombre": "Suba Urbano", "via": "KR80", "direccion_bandera": "KR 80 - CL 145", "localidad": "Suba", "longitud": -74.076929, "latitud": 4.735976, "consecutivo_zona": "647", "tipo_m_s": "S", "consola": "KR 80 - CL 145 (647A03)", "panel": "KR 80 - CL 145", "audio": "Carrera 80 Calle 145", "zonas_nuevas": "C", "globalid": "{95D81A3F-62D7-4D27-8863-D188E17CDCA7}" }, "geometry": { "type": "Point", "coordinates": [ -74.07692900038866, 4.735975999811046 ] } },
{ "type": "Feature", "properties": { "objectid": 7219, "cenefa": "648A03", "zona_sitp": "03", "nombre": "San Carlos de Tibabuyes", "via": "KR 141", "direccion_bandera": "KR 141 – CL 142 Bis", "localidad": "Suba", "longitud": -74.115285, "latitud": 4.747978, "consecutivo_zona": "648", "tipo_m_s": "S", "consola": "KR 141 – CL 142 Bis (648A03)", "panel": "KR 141 – CL 142 Bis", "audio": "Carrera 141 Calle 142 Bis", "zonas_nuevas": "C", "globalid": "{09534308-ABD2-40A0-9BFF-0A6B0D6C7395}" }, "geometry": { "type": "Point", "coordinates": [ -74.115284999994614, 4.747978000063127 ] } },
{ "type": "Feature", "properties": { "objectid": 7223, "cenefa": "649A03", "zona_sitp": "03", "nombre": "Colegio Gerardo Molina Ramírez IED", "via": "KR 141", "direccion_bandera": "KR 141 – CL 142 Bis", "localidad": "Suba", "longitud": -74.115213, "latitud": 4.74831, "consecutivo_zona": "649", "tipo_m_s": "S", "consola": "KR 141 – CL 142 Bis (649A03)", "panel": "KR 141 – CL 142 Bis", "audio": "Carrera 141 Calle 142 Bis", "zonas_nuevas": "C", "globalid": "{4E37DDA3-4D6D-417F-A2DF-ACC88DA92F13}" }, "geometry": { "type": "Point", "coordinates": [ -74.115212999850669, 4.74831000044371 ] } },
{ "type": "Feature", "properties": { "objectid": 7228, "cenefa": "650A03", "zona_sitp": "03", "nombre": "Conjunto Cafam II", "via": "KR 141", "direccion_bandera": "KR 141 – CL 142 F", "localidad": "Suba", "longitud": -74.113991, "latitud": 4.749999, "consecutivo_zona": "650", "tipo_m_s": "S", "consola": "KR 141 – CL 142 F (650A03)", "panel": "KR 141 – CL 142 F", "audio": "Carrera 141 Calle 142 F", "zonas_nuevas": "C", "globalid": "{77E9508F-CF1F-49A0-B73D-FD72D0507B43}" }, "geometry": { "type": "Point", "coordinates": [ -74.113991000130468, 4.749998999720705 ] } },
{ "type": "Feature", "properties": { "objectid": 7233, "cenefa": "651A03", "zona_sitp": "03", "nombre": "Conjunto Cafam II", "via": "KR 141", "direccion_bandera": "KR 141 – CL 142 F", "localidad": "Suba", "longitud": -74.114002, "latitud": 4.750177, "consecutivo_zona": "651", "tipo_m_s": "S", "consola": "KR 141 – CL 142 F (651A03)", "panel": "KR 141 – CL 142 F", "audio": "Carrera 141 Calle 142 F", "zonas_nuevas": "C", "globalid": "{FB8EF254-9749-472B-9E98-B2DDF3393CD1}" }, "geometry": { "type": "Point", "coordinates": [ -74.114002000140829, 4.750177000219857 ] } },
{ "type": "Feature", "properties": { "objectid": 7239, "cenefa": "652A03", "zona_sitp": "03", "nombre": "Urb. Puerto Sol", "via": "CL 142A", "direccion_bandera": "CL 142A – KR 113C", "localidad": "Suba", "longitud": -74.10537, "latitud": 4.747455, "consecutivo_zona": "652", "tipo_m_s": "S", "consola": "CL 142A – KR 113C (652A03)", "panel": "CL 142A – KR 113C", "audio": "Calle 142 A Carrera 113 C", "zonas_nuevas": "C", "globalid": "{4597EE03-E8D6-434A-9FBE-F73AC45B0F9F}" }, "geometry": { "type": "Point", "coordinates": [ -74.105369999878917, 4.747454999924059 ] } },
{ "type": "Feature", "properties": { "objectid": 7245, "cenefa": "653A03", "zona_sitp": "03", "nombre": "Urb. Puerto Sol", "via": "KR 113C", "direccion_bandera": "KR 113C-CL 142A", "localidad": "Suba", "longitud": -74.103273, "latitud": 4.747962, "consecutivo_zona": "653", "tipo_m_s": "S", "consola": "KR 113C-CL 142A (653A03)", "panel": "KR 113C-CL 142A", "audio": "Carrera 113 C Calle 142 A", "zonas_nuevas": "C", "globalid": "{1CB7AE1E-9E22-4629-A4D6-81DFCA79EB76}" }, "geometry": { "type": "Point", "coordinates": [ -74.103273000221037, 4.747961999838675 ] } },
{ "type": "Feature", "properties": { "objectid": 7251, "cenefa": "654A03", "zona_sitp": "03", "nombre": "Pinos de Lomabrdia", "via": "Cl 151C", "direccion_bandera": "CL 151A - KR 107", "localidad": "Suba", "longitud": -74.095829, "latitud": 4.752358, "consecutivo_zona": "654", "tipo_m_s": "S", "consola": "CL 151A - KR 107 (654A03)", "panel": "CL 151A - KR 107", "audio": "Calle 151 A Carrera 107", "zonas_nuevas": "K", "globalid": "{A40B0B60-B240-4B95-B387-91FBFCEFAFCD}" }, "geometry": { "type": "Point", "coordinates": [ -74.095828999893925, 4.752357999683568 ] } },
{ "type": "Feature", "properties": { "objectid": 7257, "cenefa": "655A03", "zona_sitp": "03", "nombre": "Suba Salitre", "via": "KR 92", "direccion_bandera": "KR 92 - CL 170", "localidad": "Suba", "longitud": -74.078155, "latitud": 4.758065, "consecutivo_zona": "655", "tipo_m_s": "S", "consola": "KR 92 - CL 170 (655A03)", "panel": "KR 92 - CL 170", "audio": "Carrera 92 Calle 170", "zonas_nuevas": "C", "globalid": "{B40255A0-EE8C-4260-9A66-668319EB8641}" }, "geometry": { "type": "Point", "coordinates": [ -74.078154999973052, 4.75806500011335 ] } },
{ "type": "Feature", "properties": { "objectid": 7261, "cenefa": "656A03", "zona_sitp": "03", "nombre": "Suba Salitre", "via": "Cl 170", "direccion_bandera": "CL170 - KR 93", "localidad": "Suba", "longitud": -74.077006, "latitud": 4.75805, "consecutivo_zona": "656", "tipo_m_s": "S", "consola": "CL170 - KR 93 (656A03)", "panel": "CL170 - KR 93", "audio": "Calle 170 Carrera 93", "zonas_nuevas": "C", "globalid": "{A4F2A06A-BF72-4898-9D18-732DBE489CDB}" }, "geometry": { "type": "Point", "coordinates": [ -74.077006000391847, 4.758049999590051 ] } },
{ "type": "Feature", "properties": { "objectid": 7267, "cenefa": "657A03", "zona_sitp": "03", "nombre": "Urb. Los Sauces", "via": "Cl 98A", "direccion_bandera": "CL 98A - KR 69C", "localidad": "Suba", "longitud": -74.075875, "latitud": 4.692067, "consecutivo_zona": "657", "tipo_m_s": "S", "consola": "CL 98A - KR 69C (657A03)", "panel": "CL 98A - KR 69C", "audio": "Calle 98 A Carrera 69 C", "zonas_nuevas": "C", "globalid": "{2E063B80-9ED1-49FD-8653-2C1D9C367C07}" }, "geometry": { "type": "Point", "coordinates": [ -74.075875000266549, 4.692066999764396 ] } },
{ "type": "Feature", "properties": { "objectid": 7273, "cenefa": "658A03", "zona_sitp": "03", "nombre": "COSTA RICA", "via": "AK 91", "direccion_bandera": "AK 91 - CL 130F", "localidad": "Suba", "longitud": -74.088594, "latitud": 4.728488, "consecutivo_zona": "658", "tipo_m_s": "S", "consola": "AK 91 - CL 130F (658A03)", "panel": "AK 91 - CL 130F", "audio": "Avenida Carrera 91 Calle 130 F", "zonas_nuevas": "C", "globalid": "{EA040705-BBD8-47B1-B429-B89E2B94472F}" }, "geometry": { "type": "Point", "coordinates": [ -74.088593999879279, 4.728487999686321 ] } },
{ "type": "Feature", "properties": { "objectid": 7279, "cenefa": "659A03", "zona_sitp": "03", "nombre": "COSTA RICA", "via": "KR 91", "direccion_bandera": "KR 91 - CL 130A Bis", "localidad": "Suba", "longitud": -74.089182, "latitud": 4.726468, "consecutivo_zona": "659", "tipo_m_s": "S", "consola": "KR 91 - CL 130A Bis (659A03)", "panel": "KR 91 - CL 130A Bis", "audio": "Carrera 91 Calle 130 A Bis", "zonas_nuevas": "C", "globalid": "{E7372C46-DA1F-4078-801C-B371A292A33A}" }, "geometry": { "type": "Point", "coordinates": [ -74.089181999706469, 4.726467999770257 ] } },
{ "type": "Feature", "properties": { "objectid": 7283, "cenefa": "660A03", "zona_sitp": "03", "nombre": "Villa Cindy", "via": "CL 138", "direccion_bandera": "CL 138 - KR 159A", "localidad": "Suba", "longitud": -74.12945, "latitud": 4.744589, "consecutivo_zona": "660", "tipo_m_s": "S", "consola": "CL 138 - KR 159A (660A03)", "panel": "CL 138 - KR 159A", "audio": "Calle 138 Carrera 159A", "zonas_nuevas": "C", "globalid": "{2EB85D3C-F5A1-42F6-B2F1-A5B70AA96B86}" }, "geometry": { "type": "Point", "coordinates": [ -74.129450000250159, 4.74458900002861 ] } },
{ "type": "Feature", "properties": { "objectid": 7288, "cenefa": "661A03", "zona_sitp": "03", "nombre": "Santa Rita de Suba", "via": "CL 138", "direccion_bandera": "CL 138 - KR 159A", "localidad": "Suba", "longitud": -74.129522, "latitud": 4.744686, "consecutivo_zona": "661", "tipo_m_s": "S", "consola": "CL 138 - KR 159A (661A03)", "panel": "CL 138 - KR 159A", "audio": "Calle 138 Carrera 159A", "zonas_nuevas": "C", "globalid": "{D387AFC9-E642-49AA-A724-229D4067B5F4}" }, "geometry": { "type": "Point", "coordinates": [ -74.129522000076975, 4.744685999617709 ] } },
{ "type": "Feature", "properties": { "objectid": 7293, "cenefa": "662A03", "zona_sitp": "03", "nombre": "Tibabuyes II", "via": "KR 145", "direccion_bandera": "KR 145 - DG 150", "localidad": "Suba", "longitud": -74.115967, "latitud": 4.756758, "consecutivo_zona": "662", "tipo_m_s": "S", "consola": "KR 145 - DG 150 (662A03)", "panel": "KR 145 - DG 150", "audio": "Carrera 145 Diagonal 150", "zonas_nuevas": "C", "globalid": "{C69C8889-DB22-4328-98F7-45A5098AA8A6}" }, "geometry": { "type": "Point", "coordinates": [ -74.115966999762293, 4.756757999655476 ] } },
{ "type": "Feature", "properties": { "objectid": 7296, "cenefa": "663A03", "zona_sitp": "03", "nombre": "Br. Bilbao II Sector", "via": "CL 144", "direccion_bandera": "CL 144 - KR 147C", "localidad": "Suba", "longitud": -74.118035, "latitud": 4.752829, "consecutivo_zona": "663", "tipo_m_s": "S", "consola": "CL 144 - KR 147C (663A03)", "panel": "CL 144 - KR 147C", "audio": "Calle 144 Carrera 147 C", "zonas_nuevas": "C", "globalid": "{55243479-F17A-4840-A332-64338059A322}" }, "geometry": { "type": "Point", "coordinates": [ -74.118034999629984, 4.752828999662039 ] } },
{ "type": "Feature", "properties": { "objectid": 7301, "cenefa": "664A03", "zona_sitp": "03", "nombre": "Br. Bilbao II Sector", "via": "CL 144", "direccion_bandera": "CL 144 - KR 147A", "localidad": "Suba", "longitud": -74.117641, "latitud": 4.752851, "consecutivo_zona": "664", "tipo_m_s": "S", "consola": "CL 144 - KR 147A (664A03)", "panel": "CL 144 - KR 147A", "audio": "Calle 144 Carrera 147 A", "zonas_nuevas": "C", "globalid": "{1B3FDA1C-7ED4-44C9-A559-8C721CC2ED68}" }, "geometry": { "type": "Point", "coordinates": [ -74.117640999807961, 4.752851000086299 ] } },
{ "type": "Feature", "properties": { "objectid": 7306, "cenefa": "665A03", "zona_sitp": "03", "nombre": "Br. Bilbao I Sector", "via": "CL 144", "direccion_bandera": "CL 144 - KR 141B", "localidad": "Suba", "longitud": -74.114556, "latitud": 4.752324, "consecutivo_zona": "665", "tipo_m_s": "S", "consola": "CL 144 - KR 141B (665A03)", "panel": "CL 144 - KR 141B", "audio": "Calle 144 Carrera 141 B", "zonas_nuevas": "C", "globalid": "{8B4A1C71-BAD6-4CA3-AF26-8CB14D034616}" }, "geometry": { "type": "Point", "coordinates": [ -74.114556000314792, 4.752323999837567 ] } },
{ "type": "Feature", "properties": { "objectid": 7311, "cenefa": "666A03", "zona_sitp": "03", "nombre": "Br. Bilbao I Sector", "via": "CL 144", "direccion_bandera": "CL 144 - KR 142", "localidad": "Suba", "longitud": -74.114871, "latitud": 4.75246, "consecutivo_zona": "666", "tipo_m_s": "S", "consola": "CL 144 - KR 142 (666A03)", "panel": "CL 144 - KR 142", "audio": "Calle 144 Carrera 142", "zonas_nuevas": "C", "globalid": "{1FFCE837-600A-4785-93B9-6C93DE6F0D8F}" }, "geometry": { "type": "Point", "coordinates": [ -74.1148710004354, 4.752459999644894 ] } },
{ "type": "Feature", "properties": { "objectid": 7314, "cenefa": "667A03", "zona_sitp": "03", "nombre": "Albear de Suba", "via": "CL 145", "direccion_bandera": "CL 145 - KR 136A", "localidad": "Suba", "longitud": -74.109694, "latitud": 4.753303, "consecutivo_zona": "667", "tipo_m_s": "S", "consola": "CL 145 - KR 136A (667A03)", "panel": "CL 145 - KR 136A", "audio": "Calle 145 Carrera 136 A", "zonas_nuevas": "C", "globalid": "{6EC563E0-F3A3-443C-9E32-825B86FAA33D}" }, "geometry": { "type": "Point", "coordinates": [ -74.109694000348085, 4.753302999866739 ] } },
{ "type": "Feature", "properties": { "objectid": 7317, "cenefa": "668A03", "zona_sitp": "03", "nombre": "Prados de san Felipe", "via": "KR 128", "direccion_bandera": "KR 128 - CL 145", "localidad": "Suba", "longitud": -74.107458, "latitud": 4.753961, "consecutivo_zona": "668", "tipo_m_s": "S", "consola": "KR 128 - CL 145 (668A03)", "panel": "KR 128 - CL 145", "audio": "Carrera 128 Calle 145", "zonas_nuevas": "C", "globalid": "{E7536A14-EEE8-45D6-9B65-422F752CC744}" }, "geometry": { "type": "Point", "coordinates": [ -74.107458000352281, 4.753961000272946 ] } },
{ "type": "Feature", "properties": { "objectid": 7322, "cenefa": "669A03", "zona_sitp": "03", "nombre": "Br. Toscana", "via": "KR 136 A", "direccion_bandera": "KR 136 A - CL 138", "localidad": "Suba", "longitud": -74.11385, "latitud": 4.746137, "consecutivo_zona": "669", "tipo_m_s": "S", "consola": "KR 136 A - CL 138 (669A03)", "panel": "KR 136 A - CL 138", "audio": "Carrera 136 A Calle 138", "zonas_nuevas": "C", "globalid": "{83B6E9DB-E5E9-4C66-8829-1C353FBFE830}" }, "geometry": { "type": "Point", "coordinates": [ -74.113849999950489, 4.746137000119734 ] } },
{ "type": "Feature", "properties": { "objectid": 7327, "cenefa": "670A03", "zona_sitp": "03", "nombre": "San Cayetano", "via": "KR 96 A", "direccion_bandera": "KR 96 A - CL 128 D", "localidad": "Suba", "longitud": -74.096588, "latitud": 4.726644, "consecutivo_zona": "670", "tipo_m_s": "S", "consola": "KR 96 A - CL 128 D (670A03)", "panel": "KR 96 A - CL 128 D", "audio": "Carrera 96 A Calle 128 D", "zonas_nuevas": "C", "globalid": "{91BAD35B-9A66-43A3-9A56-FB7937394755}" }, "geometry": { "type": "Point", "coordinates": [ -74.09658799991044, 4.726644000035269 ] } },
{ "type": "Feature", "properties": { "objectid": 7331, "cenefa": "671A03", "zona_sitp": "03", "nombre": "Rincón de Suba", "via": "KR 95 A", "direccion_bandera": "KR 95 A - CL 128", "localidad": "Suba", "longitud": -74.096248, "latitud": 4.724278, "consecutivo_zona": "671", "tipo_m_s": "S", "consola": "KR 95 A - CL 128 (671A03)", "panel": "KR 95 A - CL 128", "audio": "Carrera 95 A Calle 128", "zonas_nuevas": "C", "globalid": "{827867FC-3F22-4183-84C2-81ABDA8B4B4B}" }, "geometry": { "type": "Point", "coordinates": [ -74.096248000089787, 4.724278000093437 ] } },
{ "type": "Feature", "properties": { "objectid": 7335, "cenefa": "672A03", "zona_sitp": "03", "nombre": "Rincón de Suba", "via": "CL 127 D", "direccion_bandera": "CL 127 D - KR 93 D", "localidad": "Suba", "longitud": -74.095486, "latitud": 4.722278, "consecutivo_zona": "672", "tipo_m_s": "S", "consola": "CL 127 D - KR 93 D (672A03)", "panel": "CL 127 D - KR 93 D", "audio": "Calle 127 D Carrera 93 D", "zonas_nuevas": "C", "globalid": "{733F9A8F-A4AC-42E4-959A-A69748EBAF9E}" }, "geometry": { "type": "Point", "coordinates": [ -74.095485999851576, 4.722277999655058 ] } },
{ "type": "Feature", "properties": { "objectid": 7339, "cenefa": "673A03", "zona_sitp": "03", "nombre": "Br. Tuna Alta", "via": "KR 90", "direccion_bandera": "KR 90 - CL 156", "localidad": "Suba", "longitud": -74.077879, "latitud": 4.751829, "consecutivo_zona": "673", "tipo_m_s": "S", "consola": "KR 90 - CL 156 (673A03)", "panel": "KR 90 - CL 156", "audio": "Carrera 90 Calle 156", "zonas_nuevas": "C", "globalid": "{C6C207BB-8998-4617-8D4A-3E3C5EB64F34}" }, "geometry": { "type": "Point", "coordinates": [ -74.077879000278273, 4.751829000003378 ] } },
{ "type": "Feature", "properties": { "objectid": 7344, "cenefa": "674A03", "zona_sitp": "03", "nombre": "Br. Tuna Alta", "via": "KR 90", "direccion_bandera": "KR 90 - Calle 159A", "localidad": "Suba", "longitud": -74.076063, "latitud": 4.754844, "consecutivo_zona": "674", "tipo_m_s": "S", "consola": "KR 90 - Calle 159A (674A03)", "panel": "KR 90 - Calle 159A", "audio": "Carrera 90 Calle 159 A", "zonas_nuevas": "C", "globalid": "{1DDFB8E0-421C-4C38-B0F4-ED8E6072E638}" }, "geometry": { "type": "Point", "coordinates": [ -74.076063000159749, 4.754844000118468 ] } },
{ "type": "Feature", "properties": { "objectid": 7349, "cenefa": "675A03", "zona_sitp": "03", "nombre": "Br. Compartir", "via": "Cl 153", "direccion_bandera": "CL 153 - KR 134", "localidad": "Suba", "longitud": -74.104473, "latitud": 4.759957, "consecutivo_zona": "675", "tipo_m_s": "S", "consola": "CL 153 - KR 134 (675A03)", "panel": "CL 153 - KR 134", "audio": "Calle 153 Carrera 134", "zonas_nuevas": "C", "globalid": "{32AB9D13-9573-42BF-A579-BF8F7A0AF170}" }, "geometry": { "type": "Point", "coordinates": [ -74.104473000032399, 4.75995700038118 ] } },
{ "type": "Feature", "properties": { "objectid": 7354, "cenefa": "676A03", "zona_sitp": "03", "nombre": "Br. Compartir", "via": "Cl 153", "direccion_bandera": "CL 153 - KR 134", "localidad": "Suba", "longitud": -74.104575, "latitud": 4.759903, "consecutivo_zona": "676", "tipo_m_s": "S", "consola": "CL 153 - KR 134 (676A03)", "panel": "CL 153 - KR 134", "audio": "Calle 153 Carrera 134", "zonas_nuevas": "C", "globalid": "{C56EE337-D4CA-4C84-AB27-0D9F8F88EBEE}" }, "geometry": { "type": "Point", "coordinates": [ -74.104574999822063, 4.7599030002156 ] } },
{ "type": "Feature", "properties": { "objectid": 7358, "cenefa": "677A03", "zona_sitp": "03", "nombre": "Av. Morato", "via": "AK 70", "direccion_bandera": "AK 70 - CL 106", "localidad": "Suba", "longitud": -74.07212, "latitud": 4.69644, "consecutivo_zona": "677", "tipo_m_s": "S", "consola": "AK 70 - CL 106 (677A03)", "panel": "AK 70 - CL 106", "audio": "Avenida Carrera 70 Calle 106", "zonas_nuevas": "D", "globalid": "{A1A6A162-A845-4177-B0B5-5517D7259F8D}" }, "geometry": { "type": "Point", "coordinates": [ -74.072119999802339, 4.696439999582374 ] } },
{ "type": "Feature", "properties": { "objectid": 7362, "cenefa": "678A03", "zona_sitp": "03", "nombre": "Av. Morato", "via": "AK 70", "direccion_bandera": "AK 70 - CL 102A", "localidad": "Suba", "longitud": -74.073648, "latitud": 4.69551, "consecutivo_zona": "678", "tipo_m_s": "S", "consola": "AK 70 - CL 102A (678A03)", "panel": "AK 70 - CL 102A", "audio": "Avenida Carrera 70 Calle 102 A", "zonas_nuevas": "D", "globalid": "{28DE92F7-5D0E-4109-89BD-6AD664E8AC49}" }, "geometry": { "type": "Point", "coordinates": [ -74.073647999645999, 4.695509999748559 ] } },
{ "type": "Feature", "properties": { "objectid": 7365, "cenefa": "679A03", "zona_sitp": "03", "nombre": "Sabana de Tibabuyes", "via": "CL 143", "direccion_bandera": "CL 143 - KR 128", "localidad": "Suba", "longitud": -74.11068, "latitud": 4.7491, "consecutivo_zona": "679", "tipo_m_s": "S", "consola": "CL 143 - KR 128 (679A03)", "panel": "CL 143 - KR 128", "audio": "Calle 143 Carrera 128", "zonas_nuevas": "C", "globalid": "{E26C2BFB-05F8-46D4-AFBB-F02CC8AA1466}" }, "geometry": { "type": "Point", "coordinates": [ -74.110679999987894, 4.749099999935251 ] } },
{ "type": "Feature", "properties": { "objectid": 7371, "cenefa": "681A03", "zona_sitp": "03", "nombre": "AV. Corpas", "via": "KR 111", "direccion_bandera": "KR 111 - CL 165", "localidad": "Suba", "longitud": -74.08844, "latitud": 4.765113, "consecutivo_zona": "681", "tipo_m_s": "S", "consola": "KR 111 - CL 165 (681A03)", "panel": "KR 111 - CL 165", "audio": "Carrera 111 Calle 165", "zonas_nuevas": "C", "globalid": "{B27F6D6D-F698-4424-AA81-46BE472B4D7C}" }, "geometry": { "type": "Point", "coordinates": [ -74.088439999802517, 4.765113000108797 ] } },
{ "type": "Feature", "properties": { "objectid": 7375, "cenefa": "682A03", "zona_sitp": "03", "nombre": "Suba Compartir I", "via": "KR 136 A", "direccion_bandera": "KR 136A - CL 151G", "localidad": "Suba", "longitud": -74.105868, "latitud": 4.758237, "consecutivo_zona": "682", "tipo_m_s": "S", "consola": "KR 136A - CL 151G (682A03)", "panel": "KR 136A - CL 151G", "audio": "Carrera 136 A Calle 151 G", "zonas_nuevas": "C", "globalid": "{8A1A4A02-FB70-4DE2-B4FB-8E9F26A3576C}" }, "geometry": { "type": "Point", "coordinates": [ -74.105868000006339, 4.758236999693563 ] } },
{ "type": "Feature", "properties": { "objectid": 7379, "cenefa": "683A03", "zona_sitp": "03", "nombre": "Suba Compartir I", "via": "KR 136 A", "direccion_bandera": "KR 136A - CL 152A", "localidad": "Suba", "longitud": -74.105791, "latitud": 4.758847, "consecutivo_zona": "683", "tipo_m_s": "S", "consola": "KR 136A - CL 152A (683A03)", "panel": "KR 136A - CL 152A", "audio": "Carrera 136 A Calle 152 A", "zonas_nuevas": "C", "globalid": "{ED3A5746-376F-4C70-9190-CE33C7E8B6CF}" }, "geometry": { "type": "Point", "coordinates": [ -74.105791000183018, 4.758847000348922 ] } }
]
}
